,FI EE imp1,FI EE exp1,FI EE imp2,FI EE exp2,FI EE imp3,FI EE exp3,SE-S LT imp1,SE-S LT exp1,SE-S LT imp2,SE-S LT exp2,SE-S LT imp3,SE-S LT exp3,SE-S PL imp1,SE-S PL exp1,SE-S PL imp2,SE-S PL exp2,SE-S PL imp3,SE-S PL exp3,SE-S DE imp1,SE-S DE exp1,SE-S DE imp2,SE-S DE exp2,SE-S DE imp3,SE-S DE exp3,DK DE imp1,DK DE exp1,DK DE imp2,DK DE exp2,DK DE imp3,DK DE exp3,DK NL imp1,DK NL exp1,DK NL imp2,DK NL exp2,DK NL imp3,DK NL exp3,DK GB imp1,DK GB exp1,DK GB imp2,DK GB exp2,DK GB imp3,DK GB exp3,NO DE imp1,NO DE exp1,NO DE imp2,NO DE exp2,NO DE imp3,NO DE exp3,NO NL imp1,NO NL exp1,NO NL imp2,NO NL exp2,NO NL imp3,NO NL exp3,NO GB imp1,NO GB exp1,NO GB imp2,NO GB exp2,NO GB imp3,NO GB exp3
0,23.063416666666665,10.727616666666668,28.062916666666666,-8.937083333333334,33.062416666666664,-28.601783333333337,21.563116666666666,13.228116666666667,23.562916666666666,-1.4370833333333337,25.562716666666667,-16.102283333333332,49.97116666666667,37.63536666666667,53.30416666666667,16.304166666666667,56.637166666666666,-5.0270333333333355,18.708566666666666,9.206666666666669,21.041666666666668,-7.458333333333332,23.374766666666666,-24.12333333333333,18.541866666666667,14.874466666666669,20.541666666666668,9.541666666666668,22.54146666666667,4.208866666666667,23.707250000000002,19.373050000000003,25.37375,12.373750000000001,27.04025,5.3744499999999995,140.8428125,134.0081125,145.1757125,124.6757125,149.5086125,115.3433125,20.20886666666667,11.20706666666667,25.541666666666668,-1.4583333333333321,30.87446666666667,-14.123733333333334,25.20755,16.539150000000003,29.87375,3.873750000000001,34.539950000000005,-8.79165,141.1762125,131.3409125,146.1757125,116.6757125,151.17521250000001,102.0105125
1,126.73966666666666,114.40386666666666,131.73916666666668,94.73916666666666,136.73866666666666,75.07446666666667,125.23936666666667,116.90436666666666,127.23916666666666,102.23916666666666,129.23896666666667,87.57396666666666,134.43116666666668,122.09536666666668,137.76416666666668,100.76416666666668,141.09716666666668,79.43296666666669,127.99106666666665,118.48916666666666,130.32416666666666,101.82416666666666,132.65726666666666,85.15916666666666,127.82436666666666,124.15696666666666,129.82416666666666,118.82416666666666,131.82396666666665,113.49136666666665,132.75391666666667,128.4197166666667,134.42041666666668,121.42041666666668,136.0869166666667,114.42111666666668,149.31166249999998,142.47696249999998,153.64456249999998,133.14456249999998,157.97746249999997,123.81216249999997,129.49136666666666,120.48956666666666,134.82416666666666,107.82416666666666,140.15696666666665,95.15876666666665,134.25421666666668,125.58581666666669,138.92041666666668,112.92041666666668,143.58661666666669,100.25501666666668,149.64506249999997,139.80976249999998,154.64456249999998,125.14456249999998,159.6440625,110.47936249999998
2,135.42549999999997,123.08969999999998,140.42499999999998,103.42499999999998,145.4245,83.76029999999997,133.9252,125.59019999999998,135.92499999999998,110.92499999999998,137.92479999999998,96.25979999999998,142.07741666666666,129.74161666666666,145.41041666666666,108.41041666666666,148.74341666666666,87.07921666666667,145.07481666666666,135.57291666666666,147.40791666666667,118.90791666666667,149.74101666666667,102.24291666666667,144.90811666666667,141.24071666666666,146.90791666666667,135.90791666666667,148.90771666666666,130.57511666666667,144.6135,140.2793,146.28,133.28,147.94650000000001,126.2807,168.43165625,161.59695625,172.76455625,152.26455625,177.09745625,142.93215625,146.57511666666667,137.57331666666667,151.90791666666667,124.90791666666667,157.24071666666666,112.24251666666666,146.1138,137.4454,150.78,124.78,155.4462,112.1146,168.76505625,158.92975625,173.76455625,144.26455625,178.76405625,129.59935625
3,101.97800000000001,89.6422,106.9775,69.9775,111.977,50.3128,102.81645000000002,94.48145000000001,104.81625000000001,79.81625000000001,106.81605000000002,65.15105000000001,131.33908333333335,119.00328333333334,134.67208333333335,97.67208333333335,138.00508333333335,76.34088333333335,56.74023333333333,47.23833333333333,59.07333333333333,30.57333333333333,61.40643333333333,13.908333333333331,56.57353333333333,52.90613333333333,58.57333333333333,47.57333333333333,60.57313333333333,42.24053333333333,97.61308333333334,93.27888333333334,99.27958333333333,86.27958333333333,100.94608333333333,79.28028333333333,103.92175942547009,97.08705942547009,108.25465942547008,87.75465942547008,112.58755942547008,78.42225942547009,58.24053333333333,49.23873333333333,63.57333333333333,36.57333333333333,68.90613333333333,23.90793333333333,99.11338333333333,90.44498333333334,103.77958333333333,77.77958333333333,108.44578333333334,65.11418333333333,104.25515942547008,94.41985942547008,109.25465942547008,79.75465942547008,114.25415942547008,65.08945942547008
4,117.65258333333334,105.31678333333333,122.65208333333334,85.65208333333334,127.65158333333333,65.98738333333333,121.43895000000002,113.10395000000001,123.43875000000001,98.43875000000001,125.43855000000002,83.77355000000001,113.03116666666668,100.69536666666667,116.36416666666668,79.36416666666668,119.69716666666667,58.032966666666674,113.08731666666665,103.58541666666666,115.42041666666665,86.92041666666665,117.75351666666666,70.25541666666666,112.92061666666666,109.25321666666666,114.92041666666665,103.92041666666665,116.92021666666665,98.58761666666665,124.036,119.7018,125.7025,112.7025,127.369,105.7032,140.0160125,133.1813125,144.34891249999998,123.84891249999998,148.68181249999998,114.51651249999998,114.58761666666665,105.58581666666666,119.92041666666665,92.92041666666665,125.25321666666666,80.25501666666665,125.5363,116.8679,130.2025,104.2025,134.8687,91.5371,140.34941249999997,130.51411249999998,145.34891249999998,115.84891249999998,150.3484125,101.18371249999998
5,112.82133333333333,100.48553333333332,117.82083333333333,80.82083333333333,122.82033333333332,61.15613333333332,111.32103333333333,102.98603333333332,113.32083333333333,88.32083333333333,115.32063333333332,73.65563333333333,102.66658333333332,90.33078333333331,105.99958333333332,68.99958333333332,109.33258333333332,47.66838333333332,118.22106666666667,108.71916666666668,120.55416666666667,92.05416666666667,122.88726666666668,75.38916666666668,118.05436666666668,114.38696666666668,120.05416666666667,109.05416666666667,122.05396666666667,103.72136666666667,130.0405833333333,125.70638333333332,131.70708333333332,118.70708333333332,133.37358333333333,111.70778333333331,137.6726,130.8379,142.00549999999998,121.50549999999998,146.33839999999998,112.17309999999998,119.72136666666667,110.71956666666668,125.05416666666667,98.05416666666667,130.38696666666667,85.38876666666667,131.5408833333333,122.87248333333332,136.20708333333332,110.20708333333332,140.87328333333332,97.54168333333331,138.00599999999997,128.17069999999998,143.00549999999998,113.50549999999998,148.005,98.84029999999998
6,96.73216666666667,84.39636666666667,101.73166666666667,64.73166666666667,106.73116666666667,45.066966666666666,95.23186666666668,86.89686666666667,97.23166666666667,72.23166666666667,99.23146666666668,57.56646666666667,124.90825,112.57244999999999,128.24124999999998,91.24125,131.57425,69.91004999999998,86.38315,76.88125000000001,88.71625,60.21625,91.04935,43.55125,86.21645000000001,82.54905000000001,88.21625,77.21625,90.21605,71.88345,83.611,79.27680000000001,85.2775,72.2775,86.944,65.2782,84.4688,77.6341,88.8017,68.3017,93.13459999999999,58.9693,87.88345,78.88165000000001,93.21625,66.21625,98.54905000000001,53.55085,85.1113,76.44290000000001,89.7775,63.7775,94.4437,51.1121,84.8022,74.9669,89.8017,60.3017,94.8012,45.6365
7,60.02133333333334,47.68553333333334,65.02083333333334,28.020833333333336,70.02033333333334,8.356133333333332,59.93103333333333,51.59603333333333,61.93083333333333,36.93083333333333,63.93063333333333,22.265633333333334,93.89075,81.55494999999999,97.22375,60.223749999999995,100.55675,38.89254999999999,72.78356666666666,63.28166666666666,75.11666666666666,46.61666666666666,77.44976666666666,29.95166666666666,72.61686666666667,68.94946666666667,74.61666666666666,63.61666666666666,76.61646666666667,58.28386666666666,72.19058333333334,67.85638333333334,73.85708333333334,60.857083333333335,75.52358333333333,53.85778333333333,118.00733749999999,111.1726375,122.34023749999999,101.84023749999999,126.67313749999998,92.5078375,74.28386666666665,65.28206666666667,79.61666666666666,52.61666666666666,84.94946666666667,39.951266666666655,73.69088333333333,65.02248333333334,78.35708333333334,52.357083333333335,83.02328333333334,39.69168333333333,118.34073749999999,108.50543749999999,123.34023749999999,93.84023749999999,128.33973749999998,79.17503749999999
8,116.88133333333333,104.54553333333332,121.88083333333333,84.88083333333333,126.88033333333333,65.21613333333332,124.88478333333335,116.54978333333334,126.88458333333334,101.88458333333334,128.88438333333335,87.21938333333334,154.81408333333334,142.47828333333334,158.14708333333334,121.14708333333334,161.48008333333334,99.81588333333335,131.74564999999998,122.24374999999999,134.07874999999999,105.57874999999999,136.41185,88.91375,131.57895,127.91154999999999,133.57874999999999,122.57874999999999,135.57854999999998,117.24594999999998,131.176,126.8418,132.8425,119.8425,134.50900000000001,112.8432,153.95144374999998,147.11674374999998,158.28434374999998,137.78434374999998,162.61724374999997,128.45194374999997,133.24595,124.24414999999999,138.57874999999999,111.57874999999999,143.91154999999998,98.91334999999998,132.6763,124.0079,137.3425,111.3425,142.0087,98.6771,154.28484374999996,144.44954374999998,159.28434374999998,129.78434374999998,164.28384375,115.11914374999998
9,126.9455,114.60969999999999,131.945,94.945,136.9445,75.28029999999998,130.47395,122.13895,132.47375,107.47375,134.47355,92.80855,173.962,161.62619999999998,177.295,140.295,180.628,118.96379999999999,120.08815,110.58625,122.42125,93.92125,124.75435,77.25625,119.92145000000001,116.25405,121.92125,110.92125,123.92105000000001,105.58845,126.8935,122.55930000000001,128.56,115.56,130.22650000000002,108.5607,147.76116875,140.92646875,152.09406875,131.59406875,156.42696875,122.26166874999998,121.58845,112.58665,126.92125,99.92125,132.25405,87.25585,128.3938,119.72540000000001,133.06,107.06,137.7262,94.3946,148.09456874999998,138.25926875,153.09406875,123.59406874999999,158.09356875,108.92886874999999
10,87.4305,75.09469999999999,92.42999999999999,55.42999999999999,97.42949999999999,35.76529999999999,85.9302,77.59519999999999,87.92999999999999,62.92999999999999,89.9298,48.264799999999994,137.36450000000002,125.02870000000001,140.69750000000002,103.69750000000002,144.03050000000002,82.36630000000002,85.86773333333333,76.36583333333334,88.20083333333334,59.700833333333335,90.53393333333334,43.035833333333336,85.70103333333334,82.03363333333334,87.70083333333334,76.70083333333334,89.70063333333334,71.36803333333333,88.73808333333334,84.40388333333334,90.40458333333333,77.40458333333333,92.07108333333333,70.40528333333333,121.4949125,114.6602125,125.8278125,105.3278125,130.1607125,95.99541249999999,87.36803333333333,78.36623333333334,92.70083333333334,65.70083333333334,98.03363333333334,53.03543333333333,90.23838333333333,81.56998333333334,94.90458333333333,68.90458333333333,99.57078333333334,56.23918333333333,121.8283125,111.99301249999999,126.8278125,97.3278125,131.8273125,82.6626125
11,81.03633333333335,68.70053333333334,86.03583333333334,49.03583333333334,91.03533333333334,29.37113333333334,79.53603333333335,71.20103333333334,81.53583333333334,56.53583333333334,83.53563333333335,41.870633333333345,121.15741666666666,108.82161666666666,124.49041666666666,87.49041666666666,127.82341666666666,66.15921666666665,72.44148333333332,62.939583333333324,74.77458333333333,46.274583333333325,77.10768333333333,29.609583333333326,72.27478333333333,68.60738333333333,74.27458333333333,63.274583333333325,76.27438333333333,57.941783333333326,86.81683333333334,82.48263333333334,88.48333333333333,75.48333333333333,90.14983333333333,68.48403333333333,129.4041125,122.5694125,133.7370125,113.23701249999999,138.0699125,103.90461249999998,73.94178333333332,64.93998333333333,79.27458333333333,52.274583333333325,84.60738333333333,39.60918333333332,88.31713333333333,79.64873333333334,92.98333333333333,66.98333333333333,97.64953333333334,54.31793333333333,129.73751249999998,119.90221249999999,134.7370125,105.23701249999999,139.7365125,90.5718125
12,81.98675,69.65095,86.98625,49.98625,91.98575,30.321549999999995,80.48645,72.15145,82.48625,57.48625,84.48605,42.82105,123.02325,110.68745,126.35625,89.35625,129.68925000000002,68.02505,67.51898333333334,58.01708333333334,69.85208333333334,41.35208333333334,72.18518333333334,24.68708333333334,67.35228333333335,63.68488333333334,69.35208333333334,58.35208333333334,71.35188333333335,53.01928333333334,85.79266666666666,81.45846666666667,87.45916666666666,74.45916666666666,89.12566666666666,67.45986666666666,155.1840875,148.3493875,159.5169875,139.0169875,163.8498875,129.6845875,69.01928333333333,60.01748333333334,74.35208333333334,47.35208333333334,79.68488333333335,34.686683333333335,87.29296666666666,78.62456666666667,91.95916666666666,65.95916666666666,96.62536666666666,53.293766666666656,155.5174875,145.6821875,160.5169875,131.0169875,165.5164875,116.3517875
13,66.32466666666666,53.98886666666667,71.32416666666666,34.32416666666666,76.32366666666667,14.65946666666666,64.82436666666666,56.48936666666666,66.82416666666666,41.82416666666666,68.82396666666666,27.158966666666664,91.58033333333334,79.24453333333334,94.91333333333334,57.91333333333334,98.24633333333334,36.58213333333334,29.60523333333333,20.10333333333333,31.938333333333333,3.4383333333333326,34.271433333333334,-13.226666666666667,29.438533333333332,25.77113333333333,31.438333333333333,20.438333333333333,33.43813333333333,15.105533333333332,92.1635,87.8293,93.83,80.83,95.4965,73.8307,107.03615,100.20145000000001,111.36905,90.86905,115.70195,81.53665000000001,31.105533333333334,22.103733333333334,36.43833333333333,9.438333333333333,41.77113333333333,-3.227066666666669,93.6638,84.9954,98.33,72.33,102.9962,59.66459999999999,107.36955,97.53425,112.36905,82.86905,117.36855,68.20385
14,20.75633333333333,8.420533333333333,25.75583333333333,-11.244166666666668,30.755333333333333,-30.908866666666672,19.25603333333333,10.921033333333332,21.25583333333333,-3.7441666666666684,23.255633333333332,-18.409366666666667,72.09366666666666,59.757866666666665,75.42666666666666,38.42666666666666,78.75966666666666,17.09546666666666,12.762316666666667,3.260416666666668,15.095416666666667,-13.404583333333333,17.428516666666667,-30.069583333333334,12.595616666666666,8.928216666666668,14.595416666666667,3.595416666666667,16.595216666666666,-1.7373833333333337,79.01558333333332,74.68138333333333,80.68208333333332,67.68208333333332,82.34858333333332,60.68278333333332,132.10071875,125.26601875,136.43361875,115.93361875,140.76651875,106.60121874999999,14.262616666666666,5.260816666666668,19.595416666666665,-7.404583333333333,24.928216666666668,-20.069983333333333,80.51588333333332,71.84748333333333,85.18208333333332,59.182083333333324,89.84828333333333,46.51668333333332,132.43411874999998,122.59881874999999,137.43361875,107.93361875,142.43311875,93.26841875
15,80.76466666666667,68.42886666666666,85.76416666666667,48.76416666666667,90.76366666666667,29.099466666666665,81.19311666666668,72.85811666666667,83.19291666666668,58.192916666666676,85.19271666666668,43.52771666666668,133.0845,120.74869999999999,136.4175,99.41749999999999,139.7505,78.0863,131.50856666666667,122.00666666666667,133.84166666666667,105.34166666666667,136.17476666666667,88.67666666666668,131.34186666666668,127.67446666666667,133.34166666666667,122.34166666666667,135.34146666666666,117.00886666666666,135.8105833333333,131.47638333333333,137.47708333333333,124.47708333333333,139.14358333333334,117.47778333333332,160.90685,154.07215,165.23975,144.73975,169.57264999999998,135.40734999999998,133.00886666666668,124.00706666666667,138.34166666666667,111.34166666666667,143.67446666666666,98.67626666666666,137.31088333333332,128.64248333333333,141.97708333333333,115.97708333333333,146.64328333333333,103.31168333333332,161.24024999999997,151.40494999999999,166.23975,136.73975,171.23925,122.07454999999999
16,75.26425,62.928450000000005,80.26375,43.26375,85.26325,23.59905,73.76395000000001,65.42895,75.76375,50.76375,77.76355000000001,36.09855,138.91366666666667,126.57786666666667,142.24666666666667,105.24666666666667,145.57966666666667,83.91546666666667,135.75898333333333,126.25708333333334,138.09208333333333,109.59208333333333,140.42518333333334,92.92708333333334,135.59228333333334,131.92488333333333,137.59208333333333,126.59208333333333,139.59188333333333,121.25928333333333,138.00016666666664,133.66596666666666,139.66666666666666,126.66666666666666,141.33316666666667,119.66736666666665,179.18103125000002,172.34633125000002,183.51393125,163.01393125,187.84683125,153.68153125,137.25928333333334,128.25748333333334,142.59208333333333,115.59208333333333,147.92488333333333,102.92668333333333,139.50046666666665,130.83206666666666,144.16666666666666,118.16666666666666,148.83286666666666,105.50126666666665,179.51443125,169.67913125,184.51393125,155.01393125,189.51343125000002,140.34873125000001
17,114.54133333333334,102.20553333333334,119.54083333333334,82.54083333333334,124.54033333333334,62.876133333333335,113.04103333333335,104.70603333333334,115.04083333333334,90.04083333333334,117.04063333333335,75.37563333333334,151.39658333333335,139.06078333333335,154.72958333333335,117.72958333333335,158.06258333333335,96.39838333333336,144.45148333333333,134.94958333333332,146.78458333333333,118.28458333333333,149.11768333333333,101.61958333333334,144.28478333333334,140.61738333333332,146.28458333333333,135.28458333333333,148.28438333333332,129.95178333333334,132.2880833333333,127.95388333333332,133.95458333333332,120.95458333333332,135.62108333333333,113.95528333333331,187.24233125,180.40763125,191.57523125,171.07523125,195.90813125,161.74283125,145.95178333333334,136.94998333333334,151.28458333333333,124.28458333333333,156.61738333333332,111.61918333333332,133.78838333333331,125.11998333333332,138.45458333333332,112.45458333333332,143.12078333333332,99.78918333333331,187.57573125,177.74043125,192.57523125,163.07523125,197.57473125,148.41003125
18,140.92675,128.59095000000002,145.92625,108.92625000000001,150.92575000000002,89.26155,139.42645000000002,131.09145,141.42625,116.42625000000001,143.42605,101.76105000000001,171.67991666666666,159.34411666666665,175.01291666666665,138.01291666666665,178.34591666666665,116.68171666666666,150.85398333333333,141.35208333333333,153.18708333333333,124.68708333333333,155.52018333333334,108.02208333333334,150.68728333333334,147.01988333333333,152.68708333333333,141.68708333333333,154.68688333333333,136.35428333333334,148.42516666666666,144.09096666666667,150.09166666666667,137.09166666666667,151.75816666666668,130.09236666666666,215.930975,209.096275,220.26387499999998,199.76387499999998,224.59677499999998,190.43147499999998,152.35428333333334,143.35248333333334,157.68708333333333,130.68708333333333,163.01988333333333,118.02168333333333,149.92546666666667,141.25706666666667,154.59166666666667,128.59166666666667,159.25786666666667,115.92626666666666,216.26437499999997,206.42907499999998,221.26387499999998,191.76387499999998,226.263375,177.098675
19,166.83383333333333,154.49803333333335,171.83333333333334,134.83333333333334,176.83283333333335,115.16863333333333,172.41936666666666,164.08436666666665,174.41916666666665,149.41916666666665,176.41896666666665,134.75396666666666,177.8274166666667,165.4916166666667,181.1604166666667,144.1604166666667,184.4934166666667,122.8292166666667,181.71148333333332,172.2095833333333,184.04458333333332,155.54458333333332,186.37768333333332,138.87958333333333,181.54478333333333,177.8773833333333,183.54458333333332,172.54458333333332,185.54438333333331,167.21178333333333,178.73975,174.40555,180.40625,167.40625,182.07275,160.40695,194.87999375,188.04529375,199.21289375,178.71289375,203.54579375,169.38049375,183.21178333333333,174.20998333333333,188.54458333333332,161.54458333333332,193.8773833333333,148.87918333333332,180.24005,171.57165,184.90625,158.90625,189.57245,146.24085,195.21339375,185.37809375,200.21289375,170.71289375,205.21239375000002,156.04769375
20,128.35716666666667,116.02136666666667,133.35666666666668,96.35666666666667,138.35616666666667,76.69196666666667,126.94436666666667,118.60936666666666,128.94416666666666,103.94416666666666,130.94396666666665,89.27896666666666,113.87825000000001,101.54245,117.21125,80.21125,120.54425,58.880050000000004,144.86981666666665,135.36791666666664,147.20291666666665,118.70291666666665,149.53601666666665,102.03791666666666,144.70311666666666,141.03571666666664,146.70291666666665,135.70291666666665,148.70271666666665,130.37011666666666,149.36141666666666,145.02721666666667,151.02791666666667,138.02791666666667,152.69441666666668,131.02861666666666,173.03170624999998,166.19700625,177.36460624999998,156.86460624999998,181.69750624999998,147.53220624999997,146.37011666666666,137.36831666666666,151.70291666666665,124.70291666666665,157.03571666666664,112.03751666666665,150.86171666666667,142.19331666666668,155.52791666666667,129.52791666666667,160.19411666666667,116.86251666666666,173.36510624999997,163.52980624999998,178.36460624999998,148.86460624999998,183.36410625,134.19940624999998
21,125.258,112.92219999999999,130.2575,93.2575,135.257,73.59279999999998,129.21936666666667,120.88436666666666,131.21916666666667,106.21916666666667,133.21896666666666,91.55396666666667,141.75908333333334,129.42328333333333,145.09208333333333,108.09208333333333,148.42508333333333,86.76088333333334,153.20773333333332,143.70583333333332,155.54083333333332,127.04083333333332,157.87393333333333,110.37583333333333,153.04103333333333,149.37363333333332,155.04083333333332,144.04083333333332,157.04063333333332,138.70803333333333,152.49349999999998,148.1593,154.16,141.16,155.8265,134.1607,180.53140625,173.69670625,184.86430625,164.36430625,189.19720625,155.03190625,154.70803333333333,145.70623333333333,160.04083333333332,133.04083333333332,165.37363333333332,120.37543333333332,153.9938,145.3254,158.66,132.66,163.3262,119.99459999999999,180.86480625,171.02950625,185.86430625,156.36430625,190.86380625,141.69910625
22,175.49799999999996,163.16219999999998,180.49749999999997,143.49749999999997,185.49699999999999,123.83279999999996,191.81728333333334,183.48228333333333,193.81708333333333,168.81708333333333,195.81688333333332,154.15188333333333,185.93366666666665,173.59786666666665,189.26666666666665,152.26666666666665,192.59966666666665,130.93546666666666,204.56315,195.06125,206.89625,178.39625,209.22935,161.73125000000002,204.39645000000002,200.72905,206.39625,195.39625,208.39605,190.06345000000002,203.38058333333333,199.04638333333335,205.04708333333335,192.04708333333335,206.71358333333336,185.04778333333334,207.62226875,200.78756875,211.95516874999998,191.45516874999998,216.28806874999998,182.12276874999998,206.06345000000002,197.06165000000001,211.39625,184.39625,216.72905,171.73085,204.88088333333334,196.21248333333335,209.54708333333335,183.54708333333335,214.21328333333335,170.88168333333334,207.95566874999997,198.12036874999998,212.95516874999998,183.45516874999998,217.95466875,168.78996874999999
23,143.13883333333334,130.80303333333336,148.13833333333335,111.13833333333335,153.13783333333336,91.47363333333334,175.4377,167.1027,177.4375,152.4375,179.4373,137.7723,188.12324999999998,175.78744999999998,191.45624999999998,154.45624999999998,194.78924999999998,133.12505,203.20648333333332,193.70458333333332,205.53958333333333,177.03958333333333,207.87268333333333,160.37458333333333,203.03978333333333,199.37238333333332,205.03958333333333,194.03958333333333,207.03938333333332,188.70678333333333,199.44975,195.11555,201.11625,188.11625,202.78275000000002,181.11695,188.61269374999998,181.77799374999998,192.94559374999997,172.44559374999997,197.27849374999997,163.11319374999997,204.70678333333333,195.70498333333333,210.03958333333333,183.03958333333333,215.37238333333332,170.37418333333332,200.95005,192.28165,205.61625,179.61625,210.28245,166.95085,188.94609374999996,179.11079374999997,193.94559374999997,164.44559374999997,198.94509374999998,149.78039374999997
24,92.9505,80.6147,97.95,60.95,102.9495,41.2853,93.71603333333333,85.38103333333332,95.71583333333332,70.71583333333332,97.71563333333333,56.05063333333332,179.45491666666666,167.11911666666666,182.78791666666666,145.78791666666666,186.12091666666666,124.45671666666667,182.94356666666667,173.44166666666666,185.27666666666667,156.77666666666667,187.60976666666667,140.11166666666668,182.77686666666668,179.10946666666666,184.77666666666667,173.77666666666667,186.77646666666666,168.44386666666668,176.73641666666666,172.40221666666667,178.40291666666667,165.40291666666667,180.06941666666668,158.40361666666666,196.26229999999998,189.42759999999998,200.59519999999998,180.09519999999998,204.92809999999997,170.76279999999997,184.44386666666668,175.44206666666668,189.77666666666667,162.77666666666667,195.10946666666666,150.11126666666667,178.23671666666667,169.56831666666668,182.90291666666667,156.90291666666667,187.56911666666667,144.23751666666666,196.59569999999997,186.76039999999998,201.59519999999998,172.09519999999998,206.5947,157.42999999999998
25,139.99383333333333,127.65803333333334,144.99333333333334,107.99333333333334,149.99283333333335,88.32863333333333,139.09228333333334,130.75728333333333,141.09208333333333,116.09208333333333,143.09188333333333,101.42688333333334,173.17575,160.83995,176.50875,139.50875,179.84175,118.17755,168.21065000000002,158.70875,170.54375000000002,142.04375000000002,172.87685000000002,125.37875000000003,168.04395000000002,164.37655,170.04375000000002,159.04375000000002,172.04355,153.71095000000003,147.74141666666665,143.40721666666667,149.40791666666667,136.40791666666667,151.07441666666668,129.40861666666666,193.21055,186.37585,197.54345,177.04345,201.87635,167.71105,169.71095000000003,160.70915000000002,175.04375000000002,148.04375000000002,180.37655,135.37835,149.24171666666666,140.57331666666667,153.90791666666667,127.90791666666667,158.57411666666667,115.24251666666666,193.54395,183.70865,198.54345,169.04345,203.54295000000002,154.37825
26,136.43133333333333,124.09553333333334,141.43083333333334,104.43083333333334,146.43033333333335,84.76613333333333,159.74895,151.41395,161.74875,136.74875,163.74855,122.08355,169.99491666666665,157.65911666666665,173.32791666666665,136.32791666666665,176.66091666666665,114.99671666666666,170.13231666666667,160.63041666666666,172.46541666666667,143.96541666666667,174.79851666666667,127.30041666666668,169.96561666666668,166.29821666666666,171.96541666666667,160.96541666666667,173.96521666666666,155.63261666666668,167.12099999999998,162.7868,168.7875,155.7875,170.454,148.7882,181.30263125,174.46793125,185.63553124999999,165.13553124999999,189.96843124999998,155.80313124999998,171.63261666666668,162.63081666666668,176.96541666666667,149.96541666666667,182.29821666666666,137.30001666666666,168.6213,159.9529,173.2875,147.2875,177.9537,134.6221,181.63603124999997,171.80073124999998,186.63553124999999,157.13553124999999,191.63503125,142.47033125
27,83.21341666666667,70.87761666666667,88.21291666666667,51.21291666666667,93.21241666666667,31.54821666666667,81.71311666666668,73.37811666666667,83.71291666666667,58.71291666666667,85.71271666666667,44.04771666666667,147.36575,135.02994999999999,150.69875,113.69874999999999,154.03175,92.36755,146.48856666666666,136.98666666666665,148.82166666666666,120.32166666666666,151.15476666666666,103.65666666666667,146.32186666666666,142.65446666666665,148.32166666666666,137.32166666666666,150.32146666666665,131.98886666666667,141.03391666666664,136.69971666666666,142.70041666666665,129.70041666666665,144.36691666666667,122.70111666666665,167.88785,161.05315,172.22074999999998,151.72074999999998,176.55364999999998,142.38834999999997,147.98886666666667,138.98706666666666,153.32166666666666,126.32166666666666,158.65446666666665,113.65626666666665,142.53421666666665,133.86581666666666,147.20041666666665,121.20041666666665,151.86661666666666,108.53501666666665,168.22124999999997,158.38594999999998,173.22074999999998,143.72074999999998,178.22025,129.05554999999998
28,39.48800000000001,27.152200000000008,44.487500000000004,7.487500000000004,49.48700000000001,-12.1772,37.987700000000004,29.652700000000003,39.987500000000004,14.987500000000004,41.987300000000005,0.3223000000000056,111.532,99.19619999999999,114.865,77.865,118.198,56.53379999999999,120.17773333333334,110.67583333333334,122.51083333333334,94.01083333333334,124.84393333333334,77.34583333333333,120.01103333333334,116.34363333333334,122.01083333333334,111.01083333333334,124.01063333333335,105.67803333333333,124.17308333333334,119.83888333333334,125.83958333333334,112.83958333333334,127.50608333333334,105.84028333333333,140.32667346273504,133.49197346273505,144.65957346273504,124.15957346273504,148.99247346273503,114.82717346273503,121.67803333333333,112.67623333333334,127.01083333333334,100.01083333333334,132.34363333333334,87.34543333333333,125.67338333333333,117.00498333333334,130.33958333333334,104.33958333333334,135.00578333333334,91.67418333333333,140.66007346273503,130.82477346273504,145.65957346273504,116.15957346273504,150.65907346273505,101.49437346273504
29,67.22716666666668,54.89136666666668,72.22666666666667,35.226666666666674,77.22616666666667,15.56196666666667,65.72686666666668,57.39186666666667,67.72666666666667,42.726666666666674,69.72646666666668,28.061466666666675,100.38908333333333,88.05328333333333,103.72208333333333,66.72208333333333,107.05508333333333,45.39088333333333,77.42273333333334,67.92083333333335,79.75583333333334,51.25583333333334,82.08893333333334,34.59083333333334,77.25603333333335,73.58863333333335,79.25583333333334,68.25583333333334,81.25563333333335,62.92303333333334,108.36766666666668,104.03346666666668,110.03416666666668,97.03416666666668,111.70066666666668,90.03486666666667,171.80783749999998,164.97313749999998,176.14073749999997,155.64073749999997,180.47363749999997,146.30833749999996,78.92303333333334,69.92123333333335,84.25583333333334,57.25583333333334,89.58863333333335,44.59043333333334,109.86796666666667,101.19956666666668,114.53416666666668,88.53416666666668,119.20036666666668,75.86876666666667,172.14123749999996,162.30593749999997,177.14073749999997,147.64073749999997,182.14023749999998,132.97553749999997
30,92.66175,80.32594999999999,97.66125,60.661249999999995,102.66075,40.99654999999999,91.16145,82.82645,93.16125,68.16125,95.16104999999999,53.49605,111.18241666666667,98.84661666666666,114.51541666666667,77.51541666666667,117.84841666666667,56.184216666666664,117.90231666666666,108.40041666666667,120.23541666666667,91.73541666666667,122.56851666666667,75.07041666666666,117.73561666666667,114.06821666666667,119.73541666666667,108.73541666666667,121.73521666666667,103.40261666666666,133.52058333333332,129.18638333333334,135.18708333333333,122.18708333333333,136.85358333333335,115.18778333333333,147.8023625,140.9676625,152.13526249999998,131.63526249999998,156.46816249999998,122.30286249999997,119.40261666666666,110.40081666666667,124.73541666666667,97.73541666666667,130.06821666666667,85.07001666666666,135.02088333333333,126.35248333333334,139.68708333333333,113.68708333333333,144.35328333333334,101.02168333333333,148.13576249999997,138.30046249999998,153.13526249999998,123.63526249999998,158.1347625,108.97006249999998
31,121.70591666666667,109.37011666666666,126.70541666666666,89.70541666666666,131.70491666666666,70.04071666666667,120.20561666666667,111.87061666666666,122.20541666666666,97.20541666666666,124.20521666666667,82.54021666666667,104.61158333333334,92.27578333333334,107.94458333333334,70.94458333333334,111.27758333333334,49.61338333333334,94.00981666666667,84.50791666666667,96.34291666666667,67.84291666666667,98.67601666666667,51.17791666666667,93.84311666666667,90.17571666666667,95.84291666666667,84.84291666666667,97.84271666666666,79.51011666666666,109.99058333333333,105.65638333333334,111.65708333333333,98.65708333333333,113.32358333333333,91.65778333333333,146.025425,139.19072500000001,150.358325,129.858325,154.691225,120.525925,95.51011666666666,86.50831666666667,100.84291666666667,73.84291666666667,106.17571666666667,61.17751666666666,111.49088333333333,102.82248333333334,116.15708333333333,90.15708333333333,120.82328333333334,77.49168333333333,146.358825,136.523525,151.358325,121.85832500000001,156.35782500000002,107.19312500000001
32,142.09008333333333,129.75428333333335,147.08958333333334,110.08958333333334,152.08908333333335,90.42488333333333,140.58978333333334,132.25478333333334,142.58958333333334,117.58958333333334,144.58938333333333,102.92438333333334,130.14033333333333,117.80453333333332,133.47333333333333,96.47333333333333,136.80633333333333,75.14213333333333,138.73023333333333,129.22833333333332,141.06333333333333,112.56333333333333,143.39643333333333,95.89833333333334,138.56353333333334,134.89613333333332,140.56333333333333,129.56333333333333,142.56313333333333,124.23053333333333,141.19558333333333,136.86138333333335,142.86208333333335,129.86208333333335,144.52858333333336,122.86278333333334,148.694,141.8593,153.02689999999998,132.52689999999998,157.35979999999998,123.19449999999998,140.23053333333334,131.22873333333334,145.56333333333333,118.56333333333333,150.89613333333332,105.89793333333333,142.69588333333334,134.02748333333335,147.36208333333335,121.36208333333335,152.02828333333335,108.69668333333334,149.02739999999997,139.19209999999998,154.02689999999998,124.52689999999998,159.0264,109.86169999999998
33,133.99841666666666,121.66261666666666,138.99791666666667,101.99791666666667,143.99741666666668,82.33321666666666,132.49811666666668,124.16311666666667,134.49791666666667,109.49791666666667,136.49771666666666,94.83271666666667,137.96283333333332,125.62703333333332,141.29583333333332,104.29583333333332,144.62883333333332,82.96463333333332,103.40523333333333,93.90333333333334,105.73833333333333,77.23833333333333,108.07143333333333,60.57333333333333,103.23853333333334,99.57113333333334,105.23833333333333,94.23833333333333,107.23813333333334,88.90553333333332,141.01016666666663,136.67596666666665,142.67666666666665,129.67666666666665,144.34316666666666,122.67736666666664,162.621875,155.787175,166.95477499999998,146.45477499999998,171.28767499999998,137.12237499999998,104.90553333333332,95.90373333333334,110.23833333333333,83.23833333333333,115.57113333333334,70.57293333333332,142.51046666666664,133.84206666666665,147.17666666666665,121.17666666666665,151.84286666666665,108.51126666666664,162.95527499999997,153.11997499999998,167.95477499999998,138.45477499999998,172.954275,123.78957499999999
34,133.03425,120.69845,138.03375,101.03375,143.03325,81.36904999999999,133.56145,125.22645,135.56125,110.56125,137.56105,95.89605,134.55450000000002,122.21870000000001,137.88750000000002,100.88750000000002,141.22050000000002,79.55630000000002,148.6844,139.1825,151.0175,122.51750000000001,153.35060000000001,105.85250000000002,148.51770000000002,144.8503,150.5175,139.5175,152.5173,134.18470000000002,151.98808333333332,147.65388333333334,153.65458333333333,140.65458333333333,155.32108333333335,133.65528333333333,172.64609375,165.81139375,176.97899375,156.47899375,181.31189375,147.14659375,150.18470000000002,141.18290000000002,155.5175,128.5175,160.8503,115.85210000000001,153.48838333333333,144.81998333333334,158.15458333333333,132.15458333333333,162.82078333333334,119.48918333333333,172.97949375,163.14419375,177.97899375,148.47899375,182.97849375,133.81379375
35,113.67883333333334,101.34303333333334,118.67833333333334,81.67833333333334,123.67783333333334,62.01363333333334,112.72853333333335,104.39353333333334,114.72833333333334,89.72833333333334,116.72813333333335,75.06313333333334,134.31033333333335,121.97453333333334,137.64333333333335,100.64333333333335,140.97633333333334,79.31213333333335,132.92898333333332,123.42708333333333,135.26208333333332,106.76208333333332,137.59518333333332,90.09708333333333,132.76228333333333,129.0948833333333,134.76208333333332,123.76208333333332,136.76188333333332,118.42928333333332,131.5935,127.25930000000002,133.26000000000002,120.26000000000002,134.92650000000003,113.26070000000001,152.7458594254701,145.9111594254701,157.07875942547008,136.57875942547008,161.41165942547008,127.24635942547008,134.42928333333333,125.42748333333333,139.76208333333332,112.76208333333332,145.0948833333333,100.09668333333332,133.09380000000002,124.42540000000002,137.76000000000002,111.76000000000002,142.42620000000002,99.09460000000001,153.07925942547007,143.24395942547008,158.07875942547008,128.57875942547008,163.0782594254701,113.91355942547008
36,158.13216666666665,145.79636666666667,163.13166666666666,126.13166666666666,168.13116666666667,106.46696666666665,162.62978333333334,154.29478333333333,164.62958333333333,139.62958333333333,166.62938333333332,124.96438333333333,174.83283333333333,162.49703333333332,178.16583333333332,141.16583333333332,181.49883333333332,119.83463333333333,174.1627333333333,164.6608333333333,176.4958333333333,147.9958333333333,178.8289333333333,131.33083333333332,173.99603333333332,170.3286333333333,175.9958333333333,164.9958333333333,177.9956333333333,159.66303333333332,167.84391666666664,163.50971666666666,169.51041666666666,156.51041666666666,171.17691666666667,149.51111666666665,181.16613125,174.33143125,185.49903125,164.99903125,189.83193125,155.66663125,175.66303333333332,166.6612333333333,180.9958333333333,153.9958333333333,186.3286333333333,141.3304333333333,169.34421666666665,160.67581666666666,174.01041666666666,148.01041666666666,178.67661666666666,135.34501666666665,181.49953125,171.66423125,186.49903125,156.99903125,191.49853125,142.33383125
37,152.94674999999998,140.61095,157.94625,120.94624999999999,162.94575,101.28154999999998,170.95311666666666,162.61811666666665,172.95291666666665,147.95291666666665,174.95271666666665,133.28771666666665,181.18283333333335,168.84703333333334,184.51583333333335,147.51583333333335,187.84883333333335,126.18463333333335,174.68398333333332,165.1820833333333,177.01708333333332,148.51708333333332,179.35018333333332,131.85208333333333,174.51728333333332,170.8498833333333,176.51708333333332,165.51708333333332,178.5168833333333,160.18428333333333,171.95683333333332,167.62263333333334,173.62333333333333,160.62333333333333,175.28983333333335,153.62403333333333,200.85259999999997,194.01789999999997,205.18549999999996,184.68549999999996,209.51839999999996,175.35309999999996,176.18428333333333,167.18248333333332,181.51708333333332,154.51708333333332,186.8498833333333,141.8516833333333,173.45713333333333,164.78873333333334,178.12333333333333,152.12333333333333,182.78953333333334,139.45793333333333,201.18599999999995,191.35069999999996,206.18549999999996,176.68549999999996,211.18499999999997,162.02029999999996
38,118.01216666666667,105.67636666666667,123.01166666666667,86.01166666666667,128.01116666666667,66.34696666666667,117.91686666666668,109.58186666666667,119.91666666666667,94.91666666666667,121.91646666666668,80.25146666666667,165.69325,153.35745,169.02625,132.02625,172.35925,110.69505000000001,151.16773333333333,141.66583333333332,153.50083333333333,125.00083333333333,155.83393333333333,108.33583333333334,151.00103333333334,147.33363333333332,153.00083333333333,142.00083333333333,155.00063333333333,136.66803333333334,154.00891666666666,149.67471666666668,155.67541666666668,142.67541666666668,157.3419166666667,135.67611666666667,172.39698124999998,165.56228124999998,176.72988124999998,156.22988124999998,181.06278124999997,146.89748124999997,152.66803333333334,143.66623333333334,158.00083333333333,131.00083333333333,163.33363333333332,118.33543333333333,155.50921666666667,146.84081666666668,160.17541666666668,134.17541666666668,164.84161666666668,121.51001666666667,172.73038124999997,162.89508124999998,177.72988124999998,148.22988124999998,182.72938125,133.56468124999998
39,79.59258333333334,67.25678333333333,84.59208333333333,47.592083333333335,89.59158333333333,27.92738333333333,81.6902,73.3552,83.69,58.69,85.68979999999999,44.0248,141.85533333333333,129.51953333333333,145.18833333333333,108.18833333333333,148.52133333333333,86.85713333333334,134.25856666666667,124.75666666666667,136.59166666666667,108.09166666666667,138.92476666666667,91.42666666666668,134.09186666666668,130.42446666666666,136.09166666666667,125.09166666666667,138.09146666666666,119.75886666666666,143.1135,138.7793,144.78,131.78,146.44650000000001,124.7807,188.0606,181.2259,192.3935,171.8935,196.72639999999998,162.56109999999998,135.75886666666668,126.75706666666667,141.09166666666667,114.09166666666667,146.42446666666666,101.42626666666666,144.6138,135.9454,149.28,123.28,153.9462,110.6146,188.39399999999998,178.5587,193.3935,163.8935,198.393,149.2283
40,75.52675,63.19095000000001,80.52625,43.526250000000005,85.52575,23.86155,75.18978333333334,66.85478333333333,77.18958333333333,52.18958333333333,79.18938333333332,37.52438333333333,134.18866666666668,121.85286666666667,137.52166666666668,100.52166666666668,140.85466666666667,79.19046666666668,125.72314999999999,116.22125,128.05624999999998,99.55624999999999,130.38934999999998,82.89124999999999,125.55645,121.88905,127.55624999999999,116.55624999999999,129.55605,111.22344999999999,133.85891666666666,129.52471666666668,135.52541666666667,122.52541666666667,137.19191666666669,115.52611666666667,164.45121874999998,157.61651874999998,168.78411874999998,148.28411874999998,173.11701874999997,138.95171874999997,127.22344999999999,118.22165,132.55624999999998,105.55624999999999,137.88905,92.89084999999999,135.35921666666667,126.69081666666668,140.02541666666667,114.02541666666667,144.69161666666668,101.36001666666667,164.78461874999996,154.94931874999997,169.78411874999998,140.28411874999998,174.78361875,125.61891874999998
41,89.683,77.3472,94.6825,57.682500000000005,99.682,38.0178,88.18270000000001,79.8477,90.1825,65.1825,92.1823,50.517300000000006,116.91408333333332,104.57828333333332,120.24708333333332,83.24708333333332,123.58008333333332,61.91588333333332,109.0944,99.5925,111.4275,82.9275,113.7606,66.26249999999999,108.9277,105.2603,110.9275,99.9275,112.9273,94.59469999999999,140.1243333333333,135.79013333333333,141.79083333333332,128.79083333333332,143.45733333333334,121.79153333333332,173.03560625,166.20090625,177.36850625,156.86850625,181.70140625,147.53610625,110.59469999999999,101.5929,115.9275,88.9275,121.2603,76.26209999999999,141.62463333333332,132.95623333333333,146.29083333333332,120.29083333333332,150.95703333333333,107.62543333333332,173.36900624999998,163.53370625,178.36850625,148.86850625,183.36800625,134.20330625
42,105.18133333333334,92.84553333333334,110.18083333333334,73.18083333333334,115.18033333333334,53.516133333333336,103.68103333333335,95.34603333333334,105.68083333333334,80.68083333333334,107.68063333333333,66.01563333333334,138.17991666666666,125.84411666666665,141.51291666666665,104.51291666666665,144.84591666666665,83.18171666666666,137.79981666666666,128.29791666666665,140.13291666666666,111.63291666666666,142.46601666666666,94.96791666666667,137.63311666666667,133.96571666666665,139.63291666666666,128.63291666666666,141.63271666666665,123.30011666666665,142.20974999999999,137.87555,143.87625,130.87625,145.54275,123.87695,167.4833516382051,160.6486516382051,171.8162516382051,151.3162516382051,176.1491516382051,141.9838516382051,139.30011666666667,130.29831666666666,144.63291666666666,117.63291666666666,149.96571666666665,104.96751666666665,143.71005,135.04165,148.37625,122.37625,153.04245,109.71085,167.8167516382051,157.9814516382051,172.8162516382051,143.3162516382051,177.8157516382051,128.6510516382051
43,115.453,103.1172,120.4525,83.4525,125.452,63.7878,113.95270000000001,105.6177,115.9525,90.9525,117.95230000000001,76.2873,148.96616666666665,136.63036666666665,152.29916666666665,115.29916666666665,155.63216666666665,93.96796666666665,164.58481666666668,155.08291666666668,166.91791666666668,138.41791666666668,169.2510166666667,121.75291666666669,164.4181166666667,160.75071666666668,166.41791666666668,155.41791666666668,168.41771666666668,150.0851166666667,158.87058333333331,154.53638333333333,160.53708333333333,147.53708333333333,162.20358333333334,140.53778333333332,169.26845,162.43375,173.60135,153.10135,177.93425,143.76895,166.0851166666667,157.0833166666667,171.41791666666668,144.41791666666668,176.75071666666668,131.75251666666668,160.37088333333332,151.70248333333333,165.03708333333333,139.03708333333333,169.70328333333333,126.37168333333332,169.60184999999998,159.76655,174.60135,145.10135,179.60085,130.43615
44,141.953,129.61720000000003,146.95250000000001,109.95250000000001,151.95200000000003,90.2878,143.48436666666666,135.14936666666665,145.48416666666665,120.48416666666665,147.48396666666665,105.81896666666665,164.3195,151.9837,167.6525,130.6525,170.9855,109.32130000000001,155.62606666666667,146.12416666666667,157.95916666666668,129.45916666666668,160.29226666666668,112.79416666666668,155.45936666666668,151.79196666666667,157.45916666666668,146.45916666666668,159.45896666666667,141.12636666666668,152.94058333333334,148.60638333333335,154.60708333333335,141.60708333333335,156.27358333333336,134.60778333333334,178.21560423997457,171.38090423997457,182.54850423997456,162.04850423997456,186.88140423997456,152.71610423997456,157.12636666666668,148.12456666666668,162.45916666666668,135.45916666666668,167.79196666666667,122.79376666666667,154.44088333333335,145.77248333333335,159.10708333333335,133.10708333333335,163.77328333333335,120.44168333333334,178.54900423997455,168.71370423997456,183.54850423997456,154.04850423997456,188.54800423997457,139.38330423997456
45,136.48258333333334,124.14678333333335,141.48208333333335,104.48208333333335,146.48158333333336,84.81738333333334,135.49020000000002,127.15520000000001,137.49,112.49000000000001,139.4898,97.82480000000001,165.78283333333334,153.44703333333334,169.11583333333334,132.11583333333334,172.44883333333334,110.78463333333335,143.77356666666665,134.27166666666665,146.10666666666665,117.60666666666665,148.43976666666666,100.94166666666666,143.60686666666666,139.93946666666665,145.60666666666665,134.60666666666665,147.60646666666665,129.27386666666666,136.66891666666666,132.33471666666668,138.33541666666667,125.33541666666667,140.0019166666667,118.33611666666667,174.28750624999998,167.45280624999998,178.62040624999997,158.12040624999997,182.95330624999997,148.78800624999997,145.27386666666666,136.27206666666666,150.60666666666665,123.60666666666665,155.93946666666665,110.94126666666665,138.16921666666667,129.50081666666668,142.83541666666667,116.83541666666667,147.50161666666668,104.17001666666667,174.62090624999996,164.78560624999997,179.62040624999997,150.12040624999997,184.61990624999999,135.45520624999997
46,124.88883333333334,112.55303333333333,129.88833333333332,92.88833333333334,134.88783333333333,73.22363333333334,123.38853333333334,115.05353333333333,125.38833333333334,100.38833333333334,127.38813333333334,85.72313333333334,149.46658333333335,137.13078333333334,152.79958333333335,115.79958333333335,156.13258333333334,94.46838333333335,137.6144,128.11249999999998,139.9475,111.44749999999999,142.2806,94.7825,137.4477,133.78029999999998,139.4475,128.4475,141.44729999999998,123.11469999999998,135.14058333333332,130.80638333333334,136.80708333333334,123.80708333333334,138.47358333333335,116.80778333333333,146.56776875,139.73306875,150.90066875,130.40066875,155.23356875,121.06826874999999,139.1147,130.1129,144.4475,117.44749999999999,149.78029999999998,104.78209999999999,136.64088333333333,127.97248333333334,141.30708333333334,115.30708333333334,145.97328333333334,102.64168333333333,146.90116874999998,137.06586875,151.90066875,122.40066875,156.90016875,107.73546875
47,110.43841666666665,98.10261666666665,115.43791666666665,78.43791666666665,120.43741666666665,58.77321666666665,108.93811666666666,100.60311666666665,110.93791666666665,85.93791666666665,112.93771666666666,71.27271666666665,136.3036666666667,123.96786666666668,139.63666666666668,102.63666666666668,142.96966666666668,81.30546666666669,79.06981666666667,69.56791666666668,81.40291666666667,52.90291666666667,83.73601666666667,36.23791666666667,78.90311666666668,75.23571666666668,80.90291666666667,69.90291666666667,82.90271666666666,64.57011666666666,106.19891666666666,101.86471666666667,107.86541666666666,94.86541666666666,109.53191666666666,87.86611666666666,124.34264375,117.50794375,128.67554374999997,108.17554374999999,133.00844375,98.84314375,80.57011666666666,71.56831666666668,85.90291666666667,58.90291666666667,91.23571666666668,46.237516666666664,107.69921666666666,99.03081666666667,112.36541666666666,86.36541666666666,117.03161666666666,73.70001666666666,124.67604374999999,114.84074374999999,129.67554374999997,100.17554374999999,134.67504375,85.51034374999999
48,79.18841666666667,66.85261666666666,84.18791666666667,47.187916666666666,89.18741666666666,27.523216666666663,77.68811666666667,69.35311666666666,79.68791666666667,54.687916666666666,81.68771666666666,40.02271666666667,99.46491666666667,87.12911666666666,102.79791666666667,65.79791666666667,106.13091666666666,44.46671666666666,99.21065,89.70875000000001,101.54375,73.04375,103.87685,56.378750000000004,99.04395000000001,95.37655000000001,101.04375,90.04375,103.04355000000001,84.71095,102.23391666666667,97.89971666666668,103.90041666666667,90.90041666666667,105.56691666666667,83.90111666666667,129.09454999999997,122.25984999999999,133.42744999999996,112.92744999999998,137.76035,103.59504999999999,100.71095,91.70915000000001,106.04375,79.04375,111.37655000000001,66.37835,103.73421666666667,95.06581666666668,108.40041666666667,82.40041666666667,113.06661666666668,69.73501666666667,129.42794999999998,119.59264999999998,134.42744999999996,104.92744999999998,139.42694999999998,90.26224999999998
49,84.01258333333334,71.67678333333333,89.01208333333334,52.01208333333334,94.01158333333333,32.34738333333333,82.51228333333334,74.17728333333334,84.51208333333334,59.51208333333334,86.51188333333334,44.84688333333334,105.84491666666666,93.50911666666666,109.17791666666666,72.17791666666666,112.51091666666666,50.84671666666666,113.96398333333333,104.46208333333334,116.29708333333333,87.79708333333333,118.63018333333333,71.13208333333333,113.79728333333334,110.12988333333334,115.79708333333333,104.79708333333333,117.79688333333334,99.46428333333333,116.521,112.1868,118.1875,105.1875,119.854,98.1882,125.87973760094017,119.04503760094018,130.21263760094018,109.71263760094017,134.54553760094018,100.38023760094018,115.46428333333333,106.46248333333334,120.79708333333333,93.79708333333333,126.12988333333334,81.13168333333333,118.0213,109.3529,122.6875,96.6875,127.3537,84.0221,126.21313760094017,116.37783760094017,131.21263760094018,101.71263760094017,136.21213760094017,87.04743760094017
50,86.16008333333333,73.82428333333333,91.15958333333333,54.15958333333333,96.15908333333333,34.49488333333333,84.65978333333334,76.32478333333333,86.65958333333333,61.65958333333333,88.65938333333332,46.99438333333333,97.40283333333333,85.06703333333333,100.73583333333333,63.73583333333333,104.06883333333333,42.40463333333333,61.401900000000005,51.900000000000006,63.73500000000001,35.23500000000001,66.0681,18.570000000000007,61.235200000000006,57.567800000000005,63.23500000000001,52.23500000000001,65.2348,46.90220000000001,99.29933333333332,94.96513333333333,100.96583333333332,87.96583333333332,102.63233333333332,80.96653333333332,127.89359375,121.05889375,132.22649374999997,111.72649374999999,136.55939375,102.39409375,62.90220000000001,53.900400000000005,68.23500000000001,41.23500000000001,73.5678,28.569600000000005,100.79963333333332,92.13123333333333,105.46583333333332,79.46583333333332,110.13203333333333,66.80043333333332,128.22699375,118.39169374999999,133.22649374999997,103.72649374999999,138.22599375,89.06129374999999
51,121.26175,108.92595,126.26125,89.26125,131.26075,69.59655000000001,119.76145000000001,111.42645,121.76125,96.76125,123.76105000000001,82.09605,119.77283333333334,107.43703333333333,123.10583333333334,86.10583333333334,126.43883333333333,64.77463333333333,127.33773333333333,117.83583333333334,129.67083333333335,101.17083333333333,132.00393333333332,84.50583333333333,127.17103333333334,123.50363333333334,129.17083333333335,118.17083333333333,131.17063333333334,112.83803333333333,140.08516666666665,135.75096666666667,141.75166666666667,128.75166666666667,143.41816666666668,121.75236666666666,180.67058749999998,173.83588749999998,185.00348749999998,164.50348749999998,189.33638749999997,155.17108749999997,128.83803333333333,119.83623333333334,134.17083333333335,107.17083333333333,139.50363333333334,94.50543333333333,141.58546666666666,132.91706666666667,146.25166666666667,120.25166666666667,150.91786666666667,107.58626666666666,181.00398749999997,171.16868749999998,186.00348749999998,156.50348749999998,191.0029875,141.83828749999998
52,143.21966666666665,130.88386666666668,148.21916666666667,111.21916666666667,153.21866666666668,91.55446666666666,141.71936666666667,133.38436666666666,143.71916666666667,118.71916666666667,145.71896666666666,104.05396666666667,154.27116666666666,141.93536666666665,157.60416666666666,120.60416666666666,160.93716666666666,99.27296666666666,149.59731666666667,140.09541666666667,151.93041666666667,123.43041666666667,154.26351666666667,106.76541666666668,149.43061666666668,145.76321666666666,151.43041666666667,140.43041666666667,153.43021666666667,135.09761666666668,145.41725,141.08305000000001,147.08375,134.08375,148.75025000000002,127.08445,165.31969999999998,158.48499999999999,169.65259999999998,149.15259999999998,173.98549999999997,139.82019999999997,151.09761666666668,142.09581666666668,156.43041666666667,129.43041666666667,161.76321666666666,116.76501666666667,146.91755,138.24915000000001,151.58375,125.58375000000001,156.24995,112.91835,165.65309999999997,155.81779999999998,170.65259999999998,141.15259999999998,175.6521,126.48739999999998
53,116.45883333333333,104.12303333333332,121.45833333333333,84.45833333333333,126.45783333333333,64.79363333333333,114.95853333333334,106.62353333333333,116.95833333333333,91.95833333333333,118.95813333333334,77.29313333333333,150.68325,138.34744999999998,154.01624999999999,117.01624999999999,157.34924999999998,95.68504999999999,147.24564999999998,137.74374999999998,149.57874999999999,121.07874999999999,151.91185,104.41375,147.07895,143.41154999999998,149.07874999999999,138.07874999999999,151.07854999999998,132.74595,142.4130833333333,138.07888333333332,144.07958333333332,131.07958333333332,145.74608333333333,124.08028333333331,161.467475,154.632775,165.800375,145.300375,170.133275,135.967975,148.74595,139.74415,154.07874999999999,127.07874999999999,159.41154999999998,114.41334999999998,143.91338333333331,135.24498333333332,148.57958333333332,122.57958333333332,153.24578333333332,109.91418333333331,161.800875,151.965575,166.800375,137.300375,171.79987500000001,122.635175
54,121.958,109.62219999999999,126.9575,89.9575,131.957,70.2928,120.4577,112.1227,122.4575,97.4575,124.4573,82.7923,146.53616666666667,134.20036666666667,149.86916666666667,112.86916666666667,153.20216666666667,91.53796666666668,117.67231666666667,108.17041666666668,120.00541666666668,91.50541666666668,122.33851666666668,74.84041666666667,117.50561666666668,113.83821666666668,119.50541666666668,108.50541666666668,121.50521666666668,103.17261666666667,127.26558333333332,122.93138333333333,128.9320833333333,115.93208333333332,130.59858333333332,108.93278333333332,150.56795,143.73325,154.90085,134.40085,159.23375,125.06844999999998,119.17261666666667,110.17081666666668,124.50541666666668,97.50541666666668,129.83821666666668,84.84001666666667,128.76588333333333,120.09748333333333,133.4320833333333,107.43208333333332,138.0982833333333,94.76668333333332,150.90134999999998,141.06605,155.90085,126.40084999999999,160.90035,111.73564999999999
55,73.72466666666668,61.38886666666668,78.72416666666668,41.724166666666676,83.72366666666667,22.059466666666673,72.22436666666668,63.889366666666675,74.22416666666668,49.224166666666676,76.22396666666668,34.55896666666668,118.05116666666666,105.71536666666665,121.38416666666666,84.38416666666666,124.71716666666666,63.052966666666656,91.11731666666667,81.61541666666668,93.45041666666667,64.95041666666667,95.78351666666667,48.28541666666667,90.95061666666668,87.28321666666668,92.95041666666667,81.95041666666667,94.95021666666668,76.61761666666666,108.66391666666667,104.32971666666667,110.33041666666666,97.33041666666666,111.99691666666666,90.33111666666666,160.6499375,153.8152375,164.9828375,144.4828375,169.31573749999998,135.15043749999998,92.61761666666666,83.61581666666667,97.95041666666667,70.95041666666667,103.28321666666668,58.285016666666664,110.16421666666666,101.49581666666667,114.83041666666666,88.83041666666666,119.49661666666667,76.16501666666666,160.98333749999998,151.1480375,165.9828375,136.4828375,170.9823375,121.81763749999999
56,88.07758333333334,75.74178333333333,93.07708333333333,56.077083333333334,98.07658333333333,36.41238333333333,86.57728333333334,78.24228333333333,88.57708333333333,63.577083333333334,90.57688333333334,48.911883333333336,120.09533333333333,107.75953333333332,123.42833333333333,86.42833333333333,126.76133333333333,65.09713333333332,111.67398333333334,102.17208333333335,114.00708333333334,85.50708333333334,116.34018333333334,68.84208333333333,111.50728333333335,107.83988333333335,113.50708333333334,102.50708333333334,115.50688333333335,97.17428333333334,113.36183333333332,109.02763333333333,115.02833333333332,102.02833333333332,116.69483333333332,95.02903333333332,138.31330481367522,131.47860481367522,142.6462048136752,122.14620481367521,146.9791048136752,112.8138048136752,113.17428333333334,104.17248333333335,118.50708333333334,91.50708333333334,123.83988333333335,78.84168333333334,114.86213333333332,106.19373333333333,119.52833333333332,93.52833333333332,124.19453333333333,80.86293333333332,138.6467048136752,128.8114048136752,143.6462048136752,114.14620481367521,148.64570481367522,99.48100481367521
57,145.94133333333332,133.60553333333334,150.94083333333333,113.94083333333333,155.94033333333334,94.27613333333332,145.94936666666666,137.61436666666665,147.94916666666666,122.94916666666666,149.94896666666665,108.28396666666666,154.63991666666666,142.30411666666666,157.97291666666666,120.97291666666666,161.30591666666666,99.64171666666667,153.9069,144.405,156.24,127.74000000000001,158.5731,111.07500000000002,153.74020000000002,150.0728,155.74,144.74,157.7398,139.40720000000002,141.91141666666664,137.57721666666666,143.57791666666665,130.57791666666665,145.24441666666667,123.57861666666665,166.49945,159.66475,170.83235,150.33235,175.16525,140.99994999999998,155.40720000000002,146.40540000000001,160.74,133.74,166.0728,121.0746,143.41171666666665,134.74331666666666,148.07791666666665,122.07791666666665,152.74411666666666,109.41251666666665,166.83284999999998,156.99755,171.83235,142.33235,176.83185,127.66714999999999
58,123.68383333333334,111.34803333333333,128.68333333333334,91.68333333333334,133.68283333333335,72.01863333333333,126.91853333333334,118.58353333333334,128.91833333333335,103.91833333333334,130.91813333333334,89.25313333333334,152.48075,140.14495,155.81375,118.81375,159.14675,97.48255,149.17356666666666,139.67166666666665,151.50666666666666,123.00666666666666,153.83976666666666,106.34166666666667,149.00686666666667,145.33946666666665,151.00666666666666,140.00666666666666,153.00646666666665,134.67386666666667,144.9393333333333,140.60513333333333,146.60583333333332,133.60583333333332,148.27233333333334,126.60653333333332,160.9209875,154.0862875,165.2538875,144.7538875,169.58678749999999,135.42148749999998,150.67386666666667,141.67206666666667,156.00666666666666,129.00666666666666,161.33946666666665,116.34126666666666,146.43963333333332,137.77123333333333,151.10583333333332,125.10583333333332,155.77203333333333,112.44043333333332,161.25438749999998,151.4190875,166.2538875,136.7538875,171.2533875,122.08868749999999
59,130.10925,117.77345,135.10875,98.10875,140.10825,78.44405,132.5052,124.1702,134.505,109.505,136.5048,94.8398,154.46783333333335,142.13203333333334,157.80083333333334,120.80083333333334,161.13383333333334,99.46963333333335,143.83273333333332,134.33083333333332,146.16583333333332,117.66583333333332,148.49893333333333,101.00083333333333,143.66603333333333,139.99863333333332,145.66583333333332,134.66583333333332,147.66563333333332,129.33303333333333,137.57725,133.24305,139.24375,126.24375,140.91025000000002,119.24445,150.51773749999998,143.68303749999998,154.85063749999998,134.35063749999998,159.18353749999997,125.01823749999997,145.33303333333333,136.33123333333333,150.66583333333332,123.66583333333332,155.99863333333332,111.00043333333332,139.07755,130.40915,143.74375,117.74375,148.40995,105.07835,150.85113749999996,141.01583749999998,155.85063749999998,126.35063749999998,160.8501375,111.68543749999998
60,118.20758333333333,105.87178333333333,123.20708333333333,86.20708333333333,128.20658333333333,66.54238333333333,119.30395,110.96894999999999,121.30375,96.30375,123.30355,81.63855,158.59241666666668,146.25661666666667,161.92541666666668,124.92541666666668,165.25841666666668,103.59421666666668,146.0769,136.575,148.41,119.91,150.7431,103.245,145.9102,142.2428,147.91,136.91,149.9098,131.5772,136.74558333333331,132.41138333333333,138.41208333333333,125.41208333333333,140.07858333333334,118.41278333333332,160.32550625,153.49080625,164.65840624999998,144.15840624999998,168.99130624999998,134.82600624999998,147.5772,138.5754,152.91,125.91,158.2428,113.24459999999999,138.24588333333332,129.57748333333333,142.91208333333333,116.91208333333333,147.57828333333333,104.24668333333332,160.65890624999997,150.82360624999998,165.65840624999998,136.15840624999998,170.65790625,121.49320624999999
61,103.05966666666667,90.72386666666667,108.05916666666667,71.05916666666667,113.05866666666667,51.394466666666666,101.77561666666668,93.44061666666667,103.77541666666667,78.77541666666667,105.77521666666667,64.11021666666667,136.47366666666667,124.13786666666667,139.80666666666667,102.80666666666667,143.13966666666667,81.47546666666668,136.59606666666667,127.09416666666668,138.92916666666667,110.42916666666667,141.26226666666668,93.76416666666668,136.42936666666668,132.76196666666667,138.42916666666667,127.42916666666667,140.42896666666667,122.09636666666667,134.5618333333333,130.22763333333333,136.22833333333332,123.22833333333332,137.89483333333334,116.22903333333332,175.630325,168.795625,179.963225,159.463225,184.296125,150.130825,138.09636666666668,129.09456666666668,143.42916666666667,116.42916666666667,148.76196666666667,103.76376666666667,136.06213333333332,127.39373333333333,140.72833333333332,114.72833333333332,145.39453333333333,102.06293333333332,175.96372499999998,166.128425,180.963225,151.463225,185.962725,136.798025
62,92.73508333333334,80.39928333333333,97.73458333333333,60.73458333333333,102.73408333333333,41.06988333333333,91.23478333333334,82.89978333333333,93.23458333333333,68.23458333333333,95.23438333333334,53.569383333333334,107.62241666666667,95.28661666666666,110.95541666666666,73.95541666666666,114.28841666666666,52.62421666666666,108.60773333333333,99.10583333333334,110.94083333333333,82.44083333333333,113.27393333333333,65.77583333333334,108.44103333333334,104.77363333333334,110.44083333333333,99.44083333333333,112.44063333333332,94.10803333333332,124.50725,120.17305,126.17375,113.17375,127.84025,106.17445,165.22073749999998,158.3860375,169.55363749999998,149.05363749999998,173.88653749999997,139.72123749999997,110.10803333333332,101.10623333333334,115.44083333333333,88.44083333333333,120.77363333333334,75.77543333333332,126.00755,117.33915,130.67374999999998,104.67375,135.33995,92.00835,165.55413749999997,155.71883749999998,170.55363749999998,141.05363749999998,175.5531375,126.38843749999998
63,121.42758333333333,109.09178333333332,126.42708333333333,89.42708333333333,131.42658333333333,69.76238333333333,120.58603333333333,112.25103333333333,122.58583333333333,97.58583333333333,124.58563333333333,82.92063333333333,121.76283333333332,109.42703333333331,125.09583333333332,88.09583333333332,128.42883333333333,66.76463333333331,124.14398333333332,114.64208333333333,126.47708333333333,97.97708333333333,128.81018333333333,81.31208333333333,123.97728333333333,120.30988333333333,125.97708333333333,114.97708333333333,127.97688333333332,109.64428333333332,123.89558333333332,119.56138333333332,125.56208333333332,112.56208333333332,127.22858333333332,105.56278333333331,153.61605327641027,146.78135327641027,157.94895327641026,137.44895327641026,162.28185327641026,128.11655327641026,125.64428333333332,116.64248333333333,130.97708333333333,103.97708333333333,136.30988333333332,91.31168333333332,125.39588333333332,116.72748333333332,130.0620833333333,104.06208333333332,134.7282833333333,91.39668333333331,153.94945327641025,144.11415327641026,158.94895327641026,129.44895327641026,163.94845327641028,114.78375327641027
64,152.9355,140.5997,157.935,120.935,162.9345,101.27029999999999,151.4352,143.1002,153.435,128.435,155.4348,113.7698,151.11283333333336,138.77703333333335,154.44583333333335,117.44583333333335,157.77883333333335,96.11463333333336,150.25481666666667,140.75291666666666,152.58791666666667,124.08791666666667,154.92101666666667,107.42291666666668,150.08811666666668,146.42071666666666,152.08791666666667,141.08791666666667,154.08771666666667,135.75511666666668,140.64558333333332,136.31138333333334,142.31208333333333,129.31208333333333,143.97858333333335,122.31278333333333,156.17346875,149.33876875,160.50636875,140.00636875,164.83926875,130.67396875,151.75511666666668,142.75331666666668,157.08791666666667,130.08791666666667,162.42071666666666,117.42251666666667,142.14588333333333,133.47748333333334,146.81208333333333,120.81208333333333,151.47828333333334,108.14668333333333,156.50686875,146.67156875,161.50636875,132.00636875,166.50586875000002,117.34116875000001
65,121.28258333333333,108.94678333333333,126.28208333333333,89.28208333333333,131.28158333333334,69.61738333333332,119.78228333333334,111.44728333333333,121.78208333333333,96.78208333333333,123.78188333333333,82.11688333333333,123.20283333333334,110.86703333333334,126.53583333333334,89.53583333333334,129.86883333333336,68.20463333333333,108.71148333333333,99.20958333333334,111.04458333333334,82.54458333333334,113.37768333333334,65.87958333333333,108.54478333333334,104.87738333333334,110.54458333333334,99.54458333333334,112.54438333333334,94.21178333333333,124.71141666666668,120.37721666666668,126.37791666666668,113.37791666666668,128.04441666666668,106.37861666666667,200.32780624999998,193.49310624999998,204.66070624999998,184.16070624999998,208.99360624999997,174.82830624999997,110.21178333333333,101.20998333333334,115.54458333333334,88.54458333333334,120.87738333333334,75.87918333333333,126.21171666666667,117.54331666666668,130.8779166666667,104.87791666666668,135.54411666666667,92.21251666666667,200.66120624999996,190.82590624999997,205.66070624999998,176.16070624999998,210.66020625,161.49550624999998
66,136.1338333333333,123.79803333333332,141.13333333333333,104.13333333333333,146.13283333333334,84.46863333333332,134.78728333333333,126.45228333333333,136.78708333333333,111.78708333333333,138.78688333333332,97.12188333333333,141.04616666666666,128.71036666666666,144.37916666666666,107.37916666666666,147.71216666666666,86.04796666666667,140.03065,130.52875,142.36375,113.86375000000001,144.69685,97.19875000000002,139.86395000000002,136.19655,141.86375,130.86375,143.86355,125.53095,139.83974999999998,135.50555,141.50625,128.50625,143.17275,121.50694999999999,157.04755624999999,150.21285625,161.38045624999998,140.88045624999998,165.71335624999998,131.54805624999997,141.53095000000002,132.52915000000002,146.86375,119.86375000000001,152.19655,107.19835,141.34005,132.67165,146.00625,120.00625,150.67245,107.34084999999999,157.38095624999997,147.54565624999998,162.38045624999998,132.88045624999998,167.37995625,118.21525624999998
67,137.46216666666666,125.12636666666667,142.46166666666667,105.46166666666667,147.46116666666668,85.79696666666666,135.96186666666668,127.62686666666667,137.96166666666667,112.96166666666667,139.96146666666667,98.29646666666667,141.62283333333335,129.28703333333334,144.95583333333335,107.95583333333335,148.28883333333334,86.62463333333335,127.91731666666665,118.41541666666666,130.25041666666664,101.75041666666665,132.58351666666664,85.08541666666665,127.75061666666666,124.08321666666666,129.75041666666664,118.75041666666665,131.75021666666666,113.41761666666665,127.46308333333334,123.12888333333335,129.12958333333336,116.12958333333334,130.79608333333334,109.13028333333334,162.36276875000001,155.52806875000002,166.69566875,146.19566875,171.02856875,136.86326875,129.41761666666665,120.41581666666666,134.75041666666664,107.75041666666665,140.08321666666666,95.08501666666665,128.96338333333335,120.29498333333335,133.62958333333336,107.62958333333334,138.29578333333333,94.96418333333334,162.69616875,152.86086875,167.69566875,138.19566875,172.69516875000002,123.53046875000001
68,117.64925000000001,105.31345,122.64875,85.64875,127.64825,65.98405,116.14895000000001,107.81395,118.14875,93.14875,120.14855,78.48355000000001,138.57658333333333,126.24078333333333,141.90958333333333,104.90958333333333,145.24258333333333,83.57838333333333,115.4194,105.9175,117.7525,89.2525,120.0856,72.5875,115.2527,111.5853,117.2525,106.2525,119.25229999999999,100.91969999999999,117.20058333333333,112.86638333333333,118.86708333333333,105.86708333333333,120.53358333333333,98.86778333333332,156.58613749999998,149.75143749999998,160.91903749999997,140.41903749999997,165.25193749999997,131.08663749999997,116.91969999999999,107.9179,122.2525,95.2525,127.5853,82.58709999999999,118.70088333333332,110.03248333333333,123.36708333333333,97.36708333333333,128.03328333333332,84.70168333333332,156.91953749999996,147.08423749999997,161.91903749999997,132.41903749999997,166.91853749999999,117.75383749999997
69,103.55508333333333,91.21928333333332,108.55458333333333,71.55458333333333,113.55408333333332,51.88988333333332,102.05478333333333,93.71978333333333,104.05458333333333,79.05458333333333,106.05438333333333,64.38938333333333,110.52866666666667,98.19286666666666,113.86166666666666,76.86166666666666,117.19466666666666,55.53046666666666,101.88815,92.38625,104.22125,75.72125,106.55435,59.05625,101.72145,98.05405,103.72125,92.72125,105.72104999999999,87.38844999999999,114.631,110.2968,116.2975,103.2975,117.964,96.2982,163.0611125,156.2264125,167.3940125,146.8940125,171.7269125,137.5616125,103.38844999999999,94.38665,108.72125,81.72125,114.05405,69.05584999999999,116.1313,107.4629,120.7975,94.7975,125.4637,82.1321,163.3945125,153.5592125,168.3940125,138.8940125,173.3935125,124.2288125
70,82.44925,70.11345,87.44875,50.448750000000004,92.44825,30.78405,80.94895000000001,72.61395,82.94875,57.948750000000004,84.94855000000001,43.283550000000005,95.48741666666668,83.15161666666667,98.82041666666667,61.820416666666674,102.15341666666667,40.48921666666667,93.57356666666668,84.07166666666669,95.90666666666668,67.40666666666668,98.23976666666668,50.74166666666668,93.40686666666669,89.73946666666669,95.40666666666668,84.40666666666668,97.40646666666669,79.07386666666667,93.16933333333333,88.83513333333333,94.83583333333333,81.83583333333333,96.50233333333333,74.83653333333332,113.13758923914531,106.30288923914532,117.47048923914531,96.97048923914531,121.8033892391453,87.6380892391453,95.07386666666667,86.07206666666669,100.40666666666668,73.40666666666668,105.73946666666669,60.741266666666675,94.66963333333332,86.00123333333333,99.33583333333333,73.33583333333333,104.00203333333333,60.67043333333332,113.47098923914531,103.63568923914531,118.47048923914531,88.97048923914531,123.4699892391453,74.30528923914531
71,70.84841666666667,58.512616666666666,75.84791666666666,38.84791666666666,80.84741666666666,19.18321666666666,69.34811666666667,61.01311666666666,71.34791666666666,46.34791666666666,73.34771666666666,31.682716666666664,113.03408333333333,100.69828333333332,116.36708333333333,79.36708333333333,119.70008333333332,58.035883333333324,36.78856666666666,27.28666666666666,39.12166666666666,10.621666666666663,41.454766666666664,-6.0433333333333366,36.62186666666666,32.95446666666666,38.62166666666666,27.621666666666663,40.62146666666666,22.288866666666664,41.668083333333335,37.33388333333333,43.334583333333335,30.334583333333335,45.001083333333334,23.335283333333333,113.75633749999999,106.92163749999999,118.08923749999998,97.58923749999998,122.42213749999998,88.25683749999999,38.288866666666664,29.287066666666664,43.62166666666666,16.621666666666663,48.95446666666666,3.956266666666661,43.16838333333333,34.49998333333333,47.834583333333335,21.834583333333335,52.50078333333333,9.169183333333333,114.08973749999998,104.25443749999998,119.08923749999998,89.58923749999998,124.08873749999998,74.92403749999998
72,83.14216666666667,70.80636666666666,88.14166666666667,51.141666666666666,93.14116666666666,31.476966666666662,81.64186666666667,73.30686666666666,83.64166666666667,58.641666666666666,85.64146666666667,43.97646666666667,99.00241666666668,86.66661666666667,102.33541666666667,65.33541666666667,105.66841666666667,44.00421666666667,76.6494,67.14750000000001,78.9825,50.4825,81.3156,33.8175,76.48270000000001,72.81530000000001,78.4825,67.4825,80.48230000000001,62.1497,88.42141666666667,84.08721666666668,90.08791666666667,77.08791666666667,91.75441666666667,70.08861666666667,188.49411018963613,181.65941018963613,192.82701018963613,172.32701018963613,197.15991018963612,162.99461018963612,78.1497,69.1479,83.4825,56.4825,88.81530000000001,43.817099999999996,89.92171666666667,81.25331666666668,94.58791666666667,68.58791666666667,99.25411666666668,55.92251666666667,188.82751018963612,178.99221018963613,193.82701018963613,164.32701018963613,198.82651018963614,149.66181018963613
73,113.21508333333334,100.87928333333333,118.21458333333334,81.21458333333334,123.21408333333333,61.549883333333334,111.71478333333334,103.37978333333334,113.71458333333334,88.71458333333334,115.71438333333333,74.04938333333334,128.04283333333333,115.70703333333333,131.37583333333333,94.37583333333333,134.70883333333333,73.04463333333334,129.38106666666667,119.87916666666668,131.71416666666667,103.21416666666667,134.04726666666667,86.54916666666668,129.21436666666668,125.54696666666668,131.21416666666667,120.21416666666667,133.21396666666666,114.88136666666666,130.99474999999998,126.66055,132.66125,119.66125,134.32775,112.66194999999999,157.25328125,150.41858125,161.58618124999998,141.08618124999998,165.91908124999998,131.75378124999997,130.88136666666668,121.87956666666668,136.21416666666667,109.21416666666667,141.54696666666666,96.54876666666667,132.49505,123.82665,137.16125,111.16125,141.82745,98.49584999999999,157.58668124999997,147.75138124999998,162.58618124999998,133.08618124999998,167.58568125,118.42098124999998
74,96.78925,84.45344999999999,101.78875,64.78875,106.78824999999999,45.12404999999999,101.68520000000001,93.3502,103.685,78.685,105.6848,64.0198,130.26241666666667,117.92661666666666,133.59541666666667,96.59541666666667,136.92841666666666,75.26421666666667,103.86898333333333,94.36708333333334,106.20208333333333,77.70208333333333,108.53518333333334,61.037083333333335,103.70228333333334,100.03488333333334,105.70208333333333,94.70208333333333,107.70188333333334,89.36928333333333,104.39725000000001,100.06305000000002,106.06375000000001,93.06375000000001,107.73025000000001,86.06445000000001,133.59198125,126.75728125,137.92488125,117.42488125,142.25778125,108.09248124999999,105.36928333333333,96.36748333333334,110.70208333333333,83.70208333333333,116.03488333333334,71.03668333333333,105.89755000000001,97.22915000000002,110.56375000000001,84.56375000000001,115.22995000000002,71.89835000000001,133.92538125,124.09008125,138.92488125,109.42488125,143.92438125,94.75968125
75,68.17466666666667,55.83886666666667,73.17416666666666,36.174166666666665,78.17366666666666,16.50946666666666,66.86145,58.52645,68.86125,43.86125,70.86105,29.19605,104.63199999999999,92.29619999999998,107.96499999999999,70.96499999999999,111.29799999999999,49.63379999999999,95.9269,86.42500000000001,98.26,69.76,100.5931,53.095000000000006,95.76020000000001,92.09280000000001,97.76,86.76,99.75980000000001,81.4272,110.76933333333334,106.43513333333334,112.43583333333333,99.43583333333333,114.10233333333333,92.43653333333333,158.92540625,152.09070625,163.25830625,142.75830625,167.59120625,133.42590625,97.4272,88.42540000000001,102.76,75.76,108.09280000000001,63.0946,112.26963333333333,103.60123333333334,116.93583333333333,90.93583333333333,121.60203333333334,78.27043333333333,159.25880625,149.42350625,164.25830625,134.75830625,169.25780625000002,120.09310625
76,34.31966666666666,21.983866666666664,39.31916666666666,2.319166666666664,44.318666666666665,-17.34553333333334,32.81936666666667,24.484366666666666,34.81916666666666,9.819166666666664,36.81896666666667,-4.8460333333333345,111.39200000000001,99.0562,114.72500000000001,77.72500000000001,118.058,56.393800000000006,110.65773333333334,101.15583333333335,112.99083333333334,84.49083333333334,115.32393333333334,67.82583333333335,110.49103333333335,106.82363333333335,112.49083333333334,101.49083333333334,114.49063333333334,96.15803333333334,111.32683333333334,106.99263333333334,112.99333333333334,99.99333333333334,114.65983333333334,92.99403333333333,124.5534875,117.7187875,128.8863875,108.3863875,133.2192875,99.0539875,112.15803333333334,103.15623333333335,117.49083333333334,90.49083333333334,122.82363333333335,77.82543333333334,112.82713333333334,104.15873333333334,117.49333333333334,91.49333333333334,122.15953333333334,78.82793333333333,124.8868875,115.0515875,129.8863875,100.3863875,134.8858875,85.7211875
77,67.77008333333333,55.43428333333333,72.76958333333333,35.76958333333333,77.76908333333333,16.104883333333326,66.26978333333334,57.93478333333333,68.26958333333333,43.26958333333333,70.26938333333334,28.60438333333333,115.3995,103.0637,118.7325,81.7325,122.0655,60.4013,113.74106666666667,104.23916666666668,116.07416666666667,87.57416666666667,118.40726666666667,70.90916666666666,113.57436666666668,109.90696666666668,115.57416666666667,104.57416666666667,117.57396666666668,99.24136666666666,113.48183333333333,109.14763333333333,115.14833333333333,102.14833333333333,116.81483333333333,95.14903333333332,133.49595645188035,126.66125645188035,137.82885645188034,117.32885645188034,142.16175645188034,107.99645645188033,115.24136666666666,106.23956666666668,120.57416666666667,93.57416666666667,125.90696666666668,80.90876666666666,114.98213333333332,106.31373333333333,119.64833333333333,93.64833333333333,124.31453333333333,80.98293333333332,133.82935645188033,123.99405645188034,138.82885645188034,109.32885645188034,143.82835645188035,94.66365645188034
78,101.11258333333333,88.77678333333333,106.11208333333333,69.11208333333333,111.11158333333333,49.44738333333333,99.61228333333334,91.27728333333333,101.61208333333333,76.61208333333333,103.61188333333334,61.94688333333333,133.47825,121.14245,136.81125,99.81125,140.14425,78.48005,126.20606666666667,116.70416666666668,128.5391666666667,100.03916666666667,130.87226666666666,83.37416666666667,126.03936666666668,122.37196666666668,128.0391666666667,117.03916666666667,130.03896666666668,111.70636666666667,125.86766666666668,121.53346666666668,127.53416666666668,114.53416666666668,129.20066666666668,107.53486666666667,161.99470625,155.16000625,166.32760625,145.82760625,170.66050625,136.49520625,127.70636666666667,118.70456666666668,133.0391666666667,106.03916666666667,138.37196666666668,93.37376666666667,127.36796666666667,118.69956666666668,132.0341666666667,106.03416666666668,136.70036666666667,93.36876666666667,162.32810625,152.49280625,167.32760625,137.82760625,172.32710625,123.16240625
79,90.54216666666667,78.20636666666667,95.54166666666667,58.54166666666667,100.54116666666667,38.87696666666667,99.66978333333334,91.33478333333333,101.66958333333334,76.66958333333334,103.66938333333334,62.00438333333334,137.06283333333334,124.72703333333334,140.39583333333334,103.39583333333334,143.72883333333334,82.06463333333335,114.39731666666665,104.89541666666666,116.73041666666666,88.23041666666666,119.06351666666666,71.56541666666666,114.23061666666666,110.56321666666666,116.23041666666666,105.23041666666666,118.23021666666665,99.89761666666665,112.81641666666667,108.48221666666667,114.48291666666667,101.48291666666667,116.14941666666667,94.48361666666666,126.54614375,119.71144375,130.87904375,110.37904375,135.21194375,101.04664374999999,115.89761666666665,106.89581666666666,121.23041666666666,94.23041666666666,126.56321666666666,81.56501666666665,114.31671666666666,105.64831666666667,118.98291666666667,92.98291666666667,123.64911666666667,80.31751666666666,126.87954375,117.04424374999999,131.87904375,102.37904375,136.87854375,87.71384375
80,45.507583333333336,33.17178333333334,50.507083333333334,13.507083333333334,55.50658333333334,-6.157616666666669,44.00728333333333,35.67228333333333,46.007083333333334,21.007083333333334,48.006883333333334,6.341883333333335,118.99366666666667,106.65786666666666,122.32666666666667,85.32666666666667,125.65966666666667,63.995466666666665,80.9694,71.4675,83.3025,54.802499999999995,85.6356,38.137499999999996,80.8027,77.1353,82.8025,71.8025,84.8023,66.46969999999999,89.15391666666667,84.81971666666668,90.82041666666667,77.82041666666667,92.48691666666667,70.82111666666667,96.0854375,89.2507375,100.41833749999999,79.91833749999999,104.75123749999999,70.5859375,82.46969999999999,73.4679,87.8025,60.802499999999995,93.1353,48.13709999999999,90.65421666666667,81.98581666666668,95.32041666666667,69.32041666666667,99.98661666666668,56.65501666666667,96.4188375,86.58353749999999,101.41833749999999,71.91833749999999,106.41783749999999,57.253137499999994
81,38.08175000000001,25.745950000000008,43.081250000000004,6.081250000000004,48.08075000000001,-13.58345,36.581450000000004,28.246450000000003,38.581250000000004,13.581250000000004,40.581050000000005,-1.0839499999999944,112.62908333333334,100.29328333333333,115.96208333333334,78.96208333333334,119.29508333333334,57.63088333333334,75.33773333333333,65.83583333333334,77.67083333333333,49.170833333333334,80.00393333333334,32.505833333333335,75.17103333333334,71.50363333333334,77.17083333333333,66.17083333333333,79.17063333333334,60.838033333333335,74.90975,70.57555,76.57625,63.57625,78.24275,56.57695,96.84081875,90.00611875,101.17371874999999,80.67371874999999,105.50661874999999,71.34131875,76.83803333333333,67.83623333333334,82.17083333333333,55.170833333333334,87.50363333333334,42.50543333333333,76.41005,67.74165,81.07625,55.07625,85.74245,42.410849999999996,97.17421875,87.33891874999999,102.17371874999999,72.67371874999999,107.17321874999999,58.00851874999999
82,42.209250000000004,29.873450000000005,47.20875,10.208750000000002,52.20825000000001,-9.455950000000001,40.70895,32.37395,42.70875,17.708750000000002,44.70855,3.0435500000000033,108.45033333333335,96.11453333333334,111.78333333333335,74.78333333333335,115.11633333333334,53.45213333333334,52.62356666666667,43.12166666666667,54.95666666666667,26.45666666666667,57.28976666666667,9.791666666666671,52.45686666666667,48.78946666666667,54.45666666666667,43.45666666666667,56.45646666666667,38.12386666666667,48.6835,44.3493,50.35,37.35,52.0165,30.3507,67.11209375,60.277393749999995,71.44499375,50.944993749999995,75.77789374999999,41.612593749999995,54.12386666666667,45.12206666666667,59.45666666666667,32.45666666666667,64.78946666666667,19.79126666666667,50.1838,41.5154,54.85,28.85,59.5162,16.1846,67.44549375,57.61019374999999,72.44499375,42.944993749999995,77.44449374999999,28.279793749999996
83,31.489666666666665,19.153866666666666,36.48916666666666,-0.5108333333333341,41.48866666666667,-20.175533333333338,29.989366666666665,21.654366666666668,31.989166666666666,6.989166666666666,33.98896666666667,-7.676033333333333,107.81575000000001,95.47995,111.14875,74.14875,114.48175,52.817550000000004,16.84815,7.346250000000001,19.18125,-9.31875,21.51435,-25.98375,16.68145,13.014050000000001,18.68125,7.68125,20.68105,2.3484499999999997,27.630166666666668,23.29596666666667,29.296666666666667,16.296666666666667,30.963166666666666,9.297366666666665,77.91826885094018,71.08356885094018,82.25116885094018,61.751168850940175,86.58406885094017,52.418768850940175,18.34845,9.34665,23.68125,-3.3187499999999996,29.01405,-15.984150000000001,29.130466666666667,20.46206666666667,33.79666666666667,7.796666666666667,38.46286666666667,-4.868733333333335,78.25166885094018,68.41636885094017,83.25116885094018,53.751168850940175,88.25066885094017,39.085968850940176
84,51.46341666666667,39.12761666666667,56.462916666666665,19.462916666666665,61.46241666666667,-0.20178333333333853,49.963116666666664,41.62811666666666,51.962916666666665,26.962916666666665,53.962716666666665,12.297716666666666,76.93866666666666,64.60286666666666,80.27166666666666,43.27166666666666,83.60466666666666,21.94046666666666,75.0769,65.575,77.41,48.91,79.7431,32.245,74.9102,71.2428,76.91,65.91,78.90979999999999,60.5772,82.78891666666667,78.45471666666667,84.45541666666666,71.45541666666666,86.12191666666666,64.45611666666666,135.6084174146154,128.7737174146154,139.94131741461538,119.44131741461538,144.27421741461538,110.10891741461538,76.57719999999999,67.5754,81.91,54.91,87.2428,42.24459999999999,84.28921666666666,75.62081666666667,88.95541666666666,62.955416666666665,93.62161666666667,50.29001666666666,135.94181741461537,126.10651741461538,140.94131741461538,111.44131741461538,145.9408174146154,96.77611741461538
85,68.38675,56.05095000000001,73.38625,36.386250000000004,78.38575,16.72155,66.88645000000001,58.55145,68.88625,43.886250000000004,70.88605000000001,29.221050000000005,115.8395,103.5037,119.1725,82.1725,122.5055,60.8413,92.31148333333333,82.80958333333334,94.64458333333333,66.14458333333333,96.97768333333333,49.47958333333333,92.14478333333334,88.47738333333334,94.14458333333333,83.14458333333333,96.14438333333334,77.81178333333332,82.62141666666668,78.28721666666668,84.28791666666667,71.28791666666667,85.95441666666667,64.28861666666667,138.87745625,132.04275625,143.21035625,122.71035624999999,147.54325624999998,113.37795624999998,93.81178333333332,84.80998333333334,99.14458333333333,72.14458333333333,104.47738333333334,59.479183333333324,84.12171666666667,75.45331666666668,88.78791666666667,62.787916666666675,93.45411666666668,50.12251666666667,139.21085624999998,129.37555625,144.21035625,114.71035624999999,149.20985625,100.04515624999999
86,82.068,69.73219999999999,87.0675,50.067499999999995,92.067,30.402799999999992,91.55770000000001,83.2227,93.5575,68.5575,95.5573,53.892300000000006,111.98533333333333,99.64953333333332,115.31833333333333,78.31833333333333,118.65133333333333,56.987133333333325,115.63690000000001,106.13500000000002,117.97000000000001,89.47000000000001,120.30310000000001,72.805,115.47020000000002,111.80280000000002,117.47000000000001,106.47000000000001,119.46980000000002,101.1372,114.44308333333333,110.10888333333334,116.10958333333333,103.10958333333333,117.77608333333333,96.11028333333333,143.96403124999998,137.12933124999998,148.29693124999997,127.79693124999997,152.62983124999997,118.46453124999996,117.1372,108.13540000000002,122.47000000000001,95.47000000000001,127.80280000000002,82.80460000000001,115.94338333333333,107.27498333333334,120.60958333333333,94.60958333333333,125.27578333333334,81.94418333333333,144.29743124999996,134.46213124999997,149.29693124999997,119.79693124999997,154.29643124999998,105.13173124999997
87,111.02091666666668,98.68511666666667,116.02041666666668,79.02041666666668,121.01991666666667,59.35571666666667,115.1552,106.82019999999999,117.15499999999999,92.15499999999999,119.1548,77.48979999999999,126.402,114.0662,129.735,92.735,133.068,71.40379999999999,116.84481666666666,107.34291666666667,119.17791666666666,90.67791666666666,121.51101666666666,74.01291666666665,116.67811666666667,113.01071666666667,118.67791666666666,107.67791666666666,120.67771666666667,102.34511666666666,116.1935,111.8593,117.86,104.86,119.5265,97.8607,145.31538125,138.48068125,149.64828125,129.14828125,153.98118125,119.81588124999999,118.34511666666666,109.34331666666667,123.67791666666666,96.67791666666666,129.01071666666667,84.01251666666666,117.6938,109.0254,122.36,96.36,127.0262,83.6946,145.64878124999998,135.81348125,150.64828125,121.14828125,155.64778125,106.48308125
88,81.73716666666667,69.40136666666666,86.73666666666666,49.736666666666665,91.73616666666666,30.07196666666666,83.2527,74.9177,85.2525,60.2525,87.25229999999999,45.5873,122.88199999999999,110.54619999999998,126.21499999999999,89.21499999999999,129.548,67.88379999999998,80.86065,71.35875000000001,83.19375000000001,54.69375000000001,85.52685000000001,38.02875000000001,80.69395000000002,77.02655000000001,82.69375000000001,71.69375000000001,84.69355000000002,66.36095,80.276,75.9418,81.9425,68.9425,83.609,61.94319999999999,130.14096874999998,123.30626875,134.47386875,113.97386875,138.80676875,104.64146875,82.36095,73.35915000000001,87.69375000000001,60.69375000000001,93.02655000000001,48.02835,81.77629999999999,73.1079,86.4425,60.442499999999995,91.1087,47.77709999999999,130.47436875,120.63906874999999,135.47386875,105.97386875,140.47336875,91.30866875
89,82.11175,69.77595,87.11125,50.11125,92.11075,30.446549999999995,83.07728333333334,74.74228333333333,85.07708333333333,60.077083333333334,87.07688333333334,45.411883333333336,130.37908333333334,118.04328333333333,133.71208333333334,96.71208333333334,137.04508333333334,75.38088333333334,99.42981666666667,89.92791666666668,101.76291666666667,73.26291666666667,104.09601666666667,56.59791666666667,99.26311666666668,95.59571666666668,101.26291666666667,90.26291666666667,103.26271666666668,84.93011666666666,92.23391666666667,87.89971666666668,93.90041666666667,80.90041666666667,95.56691666666667,73.90111666666667,122.533775,115.69907500000001,126.866675,106.366675,131.199575,97.03427500000001,100.93011666666666,91.92831666666667,106.26291666666667,79.26291666666667,111.59571666666668,66.59751666666666,93.73421666666667,85.06581666666668,98.40041666666667,72.40041666666667,103.06661666666668,59.73501666666667,122.867175,113.031875,127.866675,98.366675,132.866175,83.701475
90,45.133,32.797200000000004,50.1325,13.1325,55.132000000000005,-6.532200000000003,43.6327,35.2977,45.6325,20.6325,47.6323,5.967300000000002,121.23783333333333,108.90203333333332,124.57083333333333,87.57083333333333,127.90383333333332,66.23963333333333,56.264399999999995,46.762499999999996,58.5975,30.097499999999997,60.9306,13.432499999999997,56.097699999999996,52.430299999999995,58.0975,47.0975,60.0973,41.7647,76.7235,72.3893,78.39,65.39,80.0565,58.390699999999995,125.26280000000001,118.42810000000001,129.59570000000002,109.09570000000001,133.92860000000002,99.76330000000002,57.7647,48.762899999999995,63.0975,36.0975,68.4303,23.432099999999995,78.2238,69.5554,82.89,56.89,87.5562,44.224599999999995,125.59620000000001,115.7609,130.59570000000002,101.09570000000001,135.5952,86.43050000000001
91,56.44175,44.10595,61.44125,24.441249999999997,66.44075,4.776549999999993,54.941449999999996,46.606449999999995,56.94125,31.941249999999997,58.94105,17.276049999999998,83.35575,71.01995,86.68875,49.68875,90.02175,28.357549999999996,72.08773333333333,62.58583333333333,74.42083333333333,45.920833333333334,76.75393333333334,29.255833333333335,71.92103333333334,68.25363333333334,73.92083333333333,62.920833333333334,75.92063333333334,57.588033333333335,65.58516666666667,61.25096666666666,67.25166666666667,54.251666666666665,68.91816666666666,47.25236666666666,132.43077212735042,125.59607212735042,136.76367212735042,116.26367212735042,141.0965721273504,106.93127212735041,73.58803333333333,64.58623333333334,78.92083333333333,51.920833333333334,84.25363333333334,39.25543333333333,67.08546666666666,58.41706666666666,71.75166666666667,45.751666666666665,76.41786666666667,33.08626666666666,132.7641721273504,122.92887212735042,137.76367212735042,108.26367212735042,142.76317212735043,93.59847212735042
92,105.81091666666666,93.47511666666665,110.81041666666665,73.81041666666665,115.80991666666665,54.14571666666665,104.31061666666666,95.97561666666665,106.31041666666665,81.31041666666665,108.31021666666666,66.64521666666666,124.44366666666666,112.10786666666665,127.77666666666666,90.77666666666666,131.10966666666667,69.44546666666665,116.15814999999999,106.65625,118.49125,89.99125,120.82435,73.32624999999999,115.99145,112.32405,117.99125,106.99125,119.99105,101.65844999999999,115.33725000000001,111.00305000000002,117.00375000000001,104.00375000000001,118.67025000000001,97.00445,139.4973125,132.6626125,143.8302125,123.33021249999999,148.16311249999998,113.99781249999998,117.65844999999999,108.65665,122.99125,95.99125,128.32405,83.32584999999999,116.83755000000001,108.16915000000002,121.50375000000001,95.50375000000001,126.16995000000001,82.83835,139.83071249999998,129.9954125,144.8302125,115.33021249999999,149.8297125,100.66501249999999
93,124.64216666666667,112.30636666666666,129.64166666666665,92.64166666666667,134.64116666666666,72.97696666666667,123.15686666666669,114.82186666666668,125.15666666666668,100.15666666666668,127.15646666666669,85.49146666666668,135.32491666666667,122.98911666666666,138.65791666666667,101.65791666666667,141.99091666666666,80.32671666666667,134.27481666666668,124.77291666666669,136.60791666666668,108.10791666666668,138.94101666666668,91.44291666666669,134.1081166666667,130.44071666666667,136.10791666666668,125.10791666666668,138.10771666666668,119.77511666666668,134.28266666666664,129.94846666666666,135.94916666666666,122.94916666666666,137.61566666666667,115.94986666666665,127.3078625,120.4731625,131.6407625,111.1407625,135.9736625,101.80836249999999,135.7751166666667,126.77331666666669,141.10791666666668,114.10791666666668,146.44071666666667,101.44251666666668,135.78296666666665,127.11456666666666,140.44916666666666,114.44916666666666,145.11536666666666,101.78376666666665,127.6412625,117.80596249999999,132.6407625,103.1407625,137.6402625,88.4755625
94,125.11925,112.78344999999999,130.11874999999998,93.11874999999999,135.11825,73.45405,127.01811666666667,118.68311666666666,129.01791666666668,104.01791666666666,131.01771666666667,89.35271666666667,145.35825,133.02245,148.69125,111.69125,152.02425,90.36005,142.71731666666668,133.21541666666667,145.05041666666668,116.55041666666668,147.38351666666668,99.88541666666669,142.55061666666668,138.88321666666667,144.55041666666668,133.55041666666668,146.55021666666667,128.2176166666667,141.64724999999999,137.31305,143.31375,130.31375,144.98025,123.31445,135.902,129.0673,140.23489999999998,119.73489999999998,144.56779999999998,110.40249999999997,144.2176166666667,135.21581666666668,149.55041666666668,122.55041666666668,154.88321666666667,109.88501666666667,143.14755,134.47915,147.81375,121.81375,152.47995,109.14835,136.23539999999997,126.40009999999998,141.23489999999998,111.73489999999998,146.2344,97.06969999999998
95,97.15008333333334,84.81428333333334,102.14958333333334,65.14958333333334,107.14908333333334,45.484883333333336,95.64978333333335,87.31478333333334,97.64958333333334,72.64958333333334,99.64938333333333,57.98438333333334,134.942,122.6062,138.275,101.275,141.608,79.94380000000001,122.92565,113.42375000000001,125.25875,96.75875,127.59185000000001,80.09375,122.75895000000001,119.09155000000001,124.75875,113.75875,126.75855000000001,108.42595,129.13516666666663,124.80096666666665,130.80166666666665,117.80166666666665,132.46816666666666,110.80236666666664,127.01658125,120.18188125,131.34948125,110.84948125,135.68238125,101.51708124999999,124.42595,115.42415000000001,129.75875000000002,102.75875,135.09155,90.09335,130.63546666666664,121.96706666666665,135.30166666666665,109.30166666666665,139.96786666666665,96.63626666666664,127.34998125,117.51468125,132.34948125,102.84948125,137.34898125,88.18428125
96,57.48550000000001,45.14970000000001,62.48500000000001,25.485000000000007,67.48450000000001,5.820300000000003,55.985200000000006,47.650200000000005,57.98500000000001,32.98500000000001,59.98480000000001,18.319800000000008,135.48783333333333,123.15203333333332,138.82083333333333,101.82083333333333,142.15383333333332,80.48963333333333,111.40356666666666,101.90166666666667,113.73666666666666,85.23666666666666,116.06976666666667,68.57166666666666,111.23686666666667,107.56946666666667,113.23666666666666,102.23666666666666,115.23646666666667,96.90386666666666,126.32933333333334,121.99513333333334,127.99583333333334,114.99583333333334,129.66233333333335,107.99653333333333,121.90953125,115.07483125,126.24243125,105.74243125,130.57533125,96.41003125,112.90386666666666,103.90206666666667,118.23666666666666,91.23666666666666,123.56946666666667,78.57126666666666,127.82963333333333,119.16123333333334,132.49583333333334,106.49583333333334,137.16203333333334,93.83043333333333,122.24293125,112.40763125,127.24243125,97.74243125,132.24193125,83.07723125
97,57.00425,44.66845,62.00375,25.003749999999997,67.00325,5.339049999999993,55.503949999999996,47.168949999999995,57.50375,32.50375,59.50355,17.838549999999998,131.07491666666667,118.73911666666666,134.40791666666667,97.40791666666667,137.74091666666666,76.07671666666667,118.40523333333333,108.90333333333334,120.73833333333333,92.23833333333333,123.07143333333333,75.57333333333332,118.23853333333334,114.57113333333334,120.23833333333333,109.23833333333333,122.23813333333334,103.90553333333332,113.91516666666666,109.58096666666667,115.58166666666666,102.58166666666666,117.24816666666666,95.58236666666666,130.2743,123.43960000000001,134.6072,114.1072,138.9401,104.7748,119.90553333333332,110.90373333333334,125.23833333333333,98.23833333333333,130.57113333333334,85.57293333333332,115.41546666666666,106.74706666666667,120.08166666666666,94.08166666666666,124.74786666666667,81.41626666666666,130.6077,120.7724,135.6072,106.1072,140.60670000000002,91.44200000000001
98,53.233,40.8972,58.232499999999995,21.232499999999995,63.232,1.5677999999999912,51.732699999999994,43.39769999999999,53.732499999999995,28.732499999999995,55.732299999999995,14.067299999999996,114.67991666666667,102.34411666666666,118.01291666666667,81.01291666666667,121.34591666666667,59.68171666666667,103.47314999999999,93.97125,105.80624999999999,77.30624999999999,108.13935,60.64124999999999,103.30645,99.63905,105.30624999999999,94.30624999999999,107.30605,88.97344999999999,103.13974999999999,98.80555,104.80624999999999,91.80624999999999,106.47274999999999,84.80694999999999,96.28813309008548,89.45343309008548,100.62103309008548,80.12103309008548,104.95393309008547,70.78863309008548,104.97344999999999,95.97165,110.30624999999999,83.30624999999999,115.63905,70.64084999999999,104.64004999999999,95.97165,109.30624999999999,83.30624999999999,113.97245,70.64084999999999,96.62153309008548,86.78623309008547,101.62103309008548,72.12103309008548,106.62053309008547,57.45583309008548
99,28.535083333333333,16.199283333333334,33.53458333333333,-3.465416666666666,38.534083333333335,-23.13011666666667,27.034783333333333,18.699783333333336,29.034583333333334,4.034583333333334,31.034383333333334,-10.630616666666665,109.30616666666667,96.97036666666666,112.63916666666667,75.63916666666667,115.97216666666667,54.307966666666665,33.740649999999995,24.238749999999996,36.07375,7.573749999999997,38.40685,-9.091250000000002,33.573949999999996,29.906549999999996,35.57375,24.573749999999997,37.57355,19.240949999999998,43.1835,38.8493,44.85,31.85,46.5165,24.8507,41.49860317547008,34.66390317547008,45.83150317547008,25.331503175470083,50.164403175470085,15.999103175470083,35.24095,26.23915,40.57375,13.573749999999997,45.906549999999996,0.9083499999999951,44.6838,36.0154,49.35,23.35,54.0162,10.6846,41.832003175470085,31.99670317547008,46.83150317547008,17.331503175470083,51.83100317547009,2.666303175470084
100,45.327999999999996,32.9922,50.32749999999999,13.327499999999993,55.327,-6.33720000000001,43.82769999999999,35.49269999999999,45.82749999999999,20.827499999999993,47.827299999999994,6.162299999999995,127.88158333333334,115.54578333333333,131.21458333333334,94.21458333333334,134.54758333333334,72.88338333333334,68.71023333333333,59.208333333333336,71.04333333333334,42.54333333333334,73.37643333333334,25.878333333333337,68.54353333333334,64.87613333333334,70.54333333333334,59.54333333333334,72.54313333333334,54.21053333333334,66.146,61.8118,67.8125,54.8125,69.479,47.813199999999995,108.93533196613555,102.10063196613555,113.26823196613555,92.76823196613555,117.60113196613554,83.43583196613554,70.21053333333333,61.208733333333335,75.54333333333334,48.54333333333334,80.87613333333334,35.87793333333333,67.6463,58.9779,72.3125,46.3125,76.9787,33.647099999999995,109.26873196613555,99.43343196613554,114.26823196613555,84.76823196613555,119.26773196613554,70.10303196613555
101,38.76966666666667,26.433866666666674,43.76916666666667,6.7691666666666706,48.768666666666675,-12.895533333333333,37.3702,29.035199999999996,39.37,14.369999999999997,41.3698,-0.29520000000000124,144.14616666666666,131.81036666666665,147.47916666666666,110.47916666666666,150.81216666666666,89.14796666666666,108.79648333333334,99.29458333333335,111.12958333333334,82.62958333333334,113.46268333333335,65.96458333333334,108.62978333333335,104.96238333333335,110.62958333333334,99.62958333333334,112.62938333333335,94.29678333333334,101.16891666666668,96.83471666666668,102.83541666666667,89.83541666666667,104.50191666666667,82.83611666666667,124.84818125,118.01348125,129.18108124999998,108.68108124999999,133.51398125,99.34868125,110.29678333333334,101.29498333333335,115.62958333333334,88.62958333333334,120.96238333333335,75.96418333333334,102.66921666666667,94.00081666666668,107.33541666666667,81.33541666666667,112.00161666666668,68.67001666666667,125.18158125,115.34628124999999,130.18108124999998,100.68108124999999,135.18058125,86.01588124999999
102,26.02675,13.690950000000003,31.02625,-5.973749999999999,36.02575,-25.638450000000002,31.019366666666667,22.68436666666667,33.01916666666666,8.019166666666667,35.01896666666667,-6.646033333333332,148.00241666666668,135.66661666666667,151.33541666666667,114.33541666666667,154.66841666666667,93.00421666666668,111.6044,102.1025,113.9375,85.4375,116.2706,68.77250000000001,111.4377,107.7703,113.4375,102.4375,115.4373,97.1047,79.70308333333332,75.36888333333333,81.36958333333332,68.36958333333332,83.03608333333332,61.37028333333332,117.21539374999999,110.38069374999999,121.54829374999998,101.04829374999998,125.88119374999998,91.71589374999999,113.1047,104.1029,118.4375,91.4375,123.7703,78.7721,81.20338333333332,72.53498333333333,85.86958333333332,59.869583333333324,90.53578333333333,47.20418333333332,117.54879374999999,107.71349374999998,122.54829374999998,93.04829374999998,127.54779374999998,78.38309374999999
103,40.47841666666667,28.14261666666667,45.477916666666665,8.477916666666665,50.47741666666667,-11.186783333333338,48.666866666666664,40.33186666666666,50.666666666666664,25.666666666666664,52.666466666666665,11.001466666666666,136.12116666666668,123.78536666666668,139.45416666666668,102.45416666666668,142.78716666666668,81.12296666666668,130.17148333333333,120.66958333333334,132.50458333333333,104.00458333333333,134.83768333333333,87.33958333333334,130.00478333333334,126.33738333333334,132.00458333333333,121.00458333333333,134.00438333333332,115.67178333333332,127.30141666666667,122.96721666666667,128.96791666666667,115.96791666666667,130.63441666666668,108.96861666666666,122.0662625,115.2315625,126.39916249999999,105.89916249999999,130.73206249999998,96.56676249999998,131.67178333333334,122.66998333333333,137.00458333333333,110.00458333333333,142.33738333333332,97.33918333333332,128.80171666666666,120.13331666666667,133.46791666666667,107.46791666666667,138.13411666666667,94.80251666666666,122.39966249999999,112.56436249999999,127.39916249999999,97.89916249999999,132.3986625,83.23396249999999
104,46.36258333333334,34.02678333333334,51.36208333333334,14.362083333333338,56.36158333333334,-5.302616666666665,44.86228333333334,36.52728333333334,46.86208333333334,21.862083333333338,48.86188333333334,7.196883333333339,122.75575,110.41995,126.08875,89.08875,129.42175,67.75755000000001,107.09481666666666,97.59291666666667,109.42791666666666,80.92791666666666,111.76101666666666,64.26291666666665,106.92811666666667,103.26071666666667,108.92791666666666,97.92791666666666,110.92771666666667,92.59511666666666,98.04683333333332,93.71263333333333,99.71333333333332,86.71333333333332,101.37983333333332,79.71403333333332,110.98051249999999,104.14581249999999,115.31341249999998,94.81341249999998,119.64631249999998,85.48101249999999,108.59511666666666,99.59331666666667,113.92791666666666,86.92791666666666,119.26071666666667,74.26251666666666,99.54713333333332,90.87873333333333,104.21333333333332,78.21333333333332,108.87953333333333,65.54793333333332,111.31391249999999,101.47861249999998,116.31341249999998,86.81341249999998,121.31291249999998,72.14821249999999
105,76.27425,63.938449999999996,81.27374999999999,44.27374999999999,86.27324999999999,24.60904999999999,74.77395,66.43894999999999,76.77374999999999,51.77374999999999,78.77355,37.108549999999994,120.47366666666667,108.13786666666667,123.80666666666667,86.80666666666667,127.13966666666667,65.47546666666668,111.71856666666667,102.21666666666668,114.05166666666668,85.55166666666668,116.38476666666668,68.88666666666668,111.55186666666668,107.88446666666668,113.55166666666668,102.55166666666668,115.55146666666667,97.21886666666667,111.38891666666666,107.05471666666666,113.05541666666666,100.05541666666666,114.72191666666666,93.05611666666665,117.30267530282053,110.46797530282053,121.63557530282053,101.13557530282053,125.96847530282052,91.80317530282053,113.21886666666667,104.21706666666668,118.55166666666668,91.55166666666668,123.88446666666668,78.88626666666667,112.88921666666666,104.22081666666666,117.55541666666666,91.55541666666666,122.22161666666666,78.89001666666665,117.63607530282053,107.80077530282053,122.63557530282053,93.13557530282053,127.63507530282052,78.47037530282053
106,107.02091666666666,94.68511666666666,112.02041666666666,75.02041666666666,117.01991666666666,55.35571666666666,105.52061666666667,97.18561666666666,107.52041666666666,82.52041666666666,109.52021666666667,67.85521666666666,139.3661666666667,127.03036666666668,142.69916666666668,105.69916666666668,146.03216666666668,84.36796666666669,124.63148333333334,115.12958333333334,126.96458333333334,98.46458333333334,129.29768333333334,81.79958333333335,124.46478333333334,120.79738333333334,126.46458333333334,115.46458333333334,128.46438333333333,110.13178333333333,123.92183333333332,119.58763333333333,125.58833333333332,112.58833333333332,127.25483333333332,105.58903333333332,145.52939375,138.69469375,149.86229375,129.36229375,154.19519375,120.02989374999999,126.13178333333333,117.12998333333334,131.46458333333334,104.46458333333334,136.79738333333333,91.79918333333333,125.42213333333332,116.75373333333333,130.0883333333333,104.08833333333332,134.7545333333333,91.42293333333332,145.86279374999998,136.02749375,150.86229375,121.36229374999999,155.86179375,106.69709375
107,87.55383333333333,75.21803333333332,92.55333333333333,55.55333333333333,97.55283333333333,35.888633333333324,86.05353333333333,77.71853333333333,88.05333333333333,63.05333333333333,90.05313333333334,48.38813333333333,131.322,118.9862,134.655,97.655,137.988,76.3238,109.07815,99.57625,111.41125,82.91125,113.74435,66.24625,108.91145,105.24405,110.91125,99.91125,112.91104999999999,94.57844999999999,108.59058333333334,104.25638333333335,110.25708333333334,97.25708333333334,111.92358333333334,90.25778333333334,126.92834375,120.09364375,131.26124375,110.76124374999999,135.59414375,101.42884375,110.57844999999999,101.57665,115.91125,88.91125,121.24405,76.24584999999999,110.09088333333334,101.42248333333335,114.75708333333334,88.75708333333334,119.42328333333334,76.09168333333334,127.26174375,117.42644374999999,132.26124375,102.76124374999999,137.26074375,88.09604374999999
108,57.19175,44.85595,62.19125,25.191249999999997,67.19075,5.526549999999993,55.691449999999996,47.356449999999995,57.69125,32.69125,59.69105,18.026049999999998,129.907,117.5712,133.24,96.24000000000001,136.573,74.90880000000001,88.4619,78.96000000000001,90.795,62.295,93.1281,45.63,88.29520000000001,84.62780000000001,90.295,79.295,92.29480000000001,73.9622,53.031416666666665,48.69721666666666,54.697916666666664,41.697916666666664,56.36441666666666,34.698616666666666,114.0420125,107.2073125,118.3749125,97.8749125,122.70781249999999,88.54251249999999,89.9622,80.9604,95.295,68.295,100.62780000000001,55.629599999999996,54.53171666666666,45.86331666666666,59.197916666666664,33.197916666666664,63.86411666666666,20.532516666666663,114.3754125,104.54011249999999,119.3749125,89.8749125,124.37441249999999,75.2097125
109,61.03216666666667,48.69636666666667,66.03166666666667,29.031666666666666,71.03116666666666,9.366966666666663,59.531866666666666,51.196866666666665,61.531666666666666,36.531666666666666,63.53146666666667,21.866466666666668,131.21408333333335,118.87828333333334,134.54708333333335,97.54708333333335,137.88008333333335,76.21588333333335,112.69648333333333,103.19458333333334,115.02958333333333,86.52958333333333,117.36268333333334,69.86458333333334,112.52978333333334,108.86238333333334,114.52958333333333,103.52958333333333,116.52938333333333,98.19678333333333,112.981,108.6468,114.6475,101.6475,116.314,94.64819999999999,121.60362500000001,114.76892500000001,125.936525,105.436525,130.269425,96.10412500000001,114.19678333333333,105.19498333333334,119.52958333333333,92.52958333333333,124.86238333333334,79.86418333333333,114.48129999999999,105.8129,119.1475,93.1475,123.8137,80.48209999999999,121.937025,112.101725,126.936525,97.436525,131.936025,82.771325
110,75.50591666666666,63.170116666666665,80.50541666666666,43.50541666666666,85.50491666666666,23.84071666666666,74.00561666666667,65.67061666666666,76.00541666666666,51.00541666666666,78.00521666666666,36.34021666666666,127.11283333333334,114.77703333333334,130.44583333333333,93.44583333333334,133.77883333333335,72.11463333333333,90.80565,81.30375000000001,93.13875,64.63875,95.47185,47.97375,90.63895000000001,86.97155000000001,92.63875,81.63875,94.63855000000001,76.30595,101.93683333333334,97.60263333333334,103.60333333333334,90.60333333333334,105.26983333333334,83.60403333333333,126.55321249999999,119.71851249999999,130.88611249999997,110.38611249999998,135.2190125,101.05371249999999,92.30595,83.30415,97.63875,70.63875,102.97155000000001,57.973349999999996,103.43713333333334,94.76873333333334,108.10333333333334,82.10333333333334,112.76953333333334,69.43793333333333,126.88661249999998,117.05131249999998,131.88611249999997,102.38611249999998,136.88561249999998,87.72091249999998
111,38.85508333333333,26.519283333333334,43.85458333333333,6.854583333333331,48.854083333333335,-12.810116666666673,36.17811666666667,27.843116666666667,38.17791666666667,13.177916666666668,40.17771666666667,-1.4872833333333304,115.91616666666667,103.58036666666666,119.24916666666667,82.24916666666667,122.58216666666667,60.917966666666665,85.97481666666665,76.47291666666666,88.30791666666666,59.80791666666666,90.64101666666666,43.14291666666666,85.80811666666666,82.14071666666666,87.80791666666666,76.80791666666666,89.80771666666666,71.47511666666665,93.73266666666666,89.39846666666666,95.39916666666666,82.39916666666666,97.06566666666666,75.39986666666665,119.81766875,112.98296875,124.15056874999999,103.65056874999999,128.48346875,94.31816874999998,87.47511666666665,78.47331666666666,92.80791666666666,65.80791666666666,98.14071666666666,53.14251666666665,95.23296666666666,86.56456666666666,99.89916666666666,73.89916666666666,104.56536666666666,61.233766666666654,120.15106875,110.31576874999999,125.15056874999999,95.65056874999999,130.15006875,80.98536874999999
112,39.30258333333334,26.96678333333334,44.302083333333336,7.302083333333336,49.30158333333334,-12.362616666666668,49.786033333333336,41.451033333333335,51.785833333333336,26.785833333333336,53.78563333333334,12.120633333333338,91.45408333333333,79.11828333333332,94.78708333333333,57.78708333333333,98.12008333333333,36.455883333333325,85.67065,76.16875,88.00375,59.50375,90.33685,42.83875,85.50395,81.83655,87.50375,76.50375,89.50354999999999,71.17094999999999,85.51058333333333,81.17638333333333,87.17708333333333,74.17708333333333,88.84358333333333,67.17778333333332,105.29250501555556,98.45780501555556,109.62540501555556,89.12540501555556,113.95830501555555,79.79300501555556,87.17094999999999,78.16915,92.50375,65.50375,97.83655,52.83834999999999,87.01088333333333,78.34248333333333,91.67708333333333,65.67708333333333,96.34328333333333,53.01168333333332,105.62590501555556,95.79060501555556,110.62540501555556,81.12540501555556,115.62490501555556,66.46020501555556
113,77.18216666666666,64.84636666666665,82.18166666666666,45.18166666666666,87.18116666666666,25.516966666666654,86.52478333333335,78.18978333333334,88.52458333333334,63.52458333333334,90.52438333333333,48.85938333333334,127.76283333333335,115.42703333333334,131.09583333333336,94.09583333333335,134.42883333333336,72.76463333333334,106.62023333333333,97.11833333333334,108.95333333333333,80.45333333333333,111.28643333333333,63.788333333333334,106.45353333333334,102.78613333333334,108.45333333333333,97.45333333333333,110.45313333333334,92.12053333333333,106.06016666666667,101.72596666666668,107.72666666666667,94.72666666666667,109.39316666666667,87.72736666666667,111.5011625,104.66646250000001,115.8340625,95.3340625,120.1669625,86.00166250000001,108.12053333333333,99.11873333333334,113.45333333333333,86.45333333333333,118.78613333333334,73.78793333333333,107.56046666666667,98.89206666666668,112.22666666666667,86.22666666666667,116.89286666666668,73.56126666666667,111.8345625,101.9992625,116.8340625,87.3340625,121.8335625,72.6688625
114,65.68925,53.35345,70.68875,33.68875,75.68825,14.024049999999995,64.18895,55.85395,66.18875,41.18875,68.18854999999999,26.52355,125.26408333333333,112.92828333333333,128.59708333333333,91.59708333333333,131.93008333333333,70.26588333333333,102.04023333333333,92.53833333333334,104.37333333333333,75.87333333333333,106.70643333333334,59.208333333333336,101.87353333333334,98.20613333333334,103.87333333333333,92.87333333333333,105.87313333333333,87.54053333333333,91.38933333333334,87.05513333333334,93.05583333333334,80.05583333333334,94.72233333333334,73.05653333333333,112.72454375,105.88984375,117.05744374999999,96.55744374999999,121.39034374999999,87.22504375,103.54053333333333,94.53873333333334,108.87333333333333,81.87333333333333,114.20613333333334,69.20793333333333,92.88963333333334,84.22123333333334,97.55583333333334,71.55583333333334,102.22203333333334,58.890433333333334,113.05794374999999,103.22264374999999,118.05744374999999,88.55744374999999,123.05694374999999,73.89224374999999
115,86.93341666666667,74.59761666666667,91.93291666666667,54.93291666666667,96.93241666666667,35.26821666666667,85.43311666666668,77.09811666666667,87.43291666666667,62.43291666666667,89.43271666666666,47.76771666666667,115.40908333333333,103.07328333333332,118.74208333333333,81.74208333333333,122.07508333333332,60.410883333333324,112.67815,103.17625000000001,115.01125,86.51125,117.34435,69.84625,112.51145000000001,108.84405000000001,114.51125,103.51125,116.51105000000001,98.17845,112.6635,108.3293,114.33,101.33,115.9965,94.3307,122.79312499999999,115.95842499999999,127.12602499999998,106.62602499999998,131.458925,97.29362499999999,114.17845,105.17665000000001,119.51125,92.51125,124.84405000000001,79.84585,114.1638,105.4954,118.83,92.83,123.4962,80.1646,123.12652499999999,113.29122499999998,128.12602499999997,98.62602499999998,133.12552499999998,83.96082499999999
116,109.32258333333334,96.98678333333334,114.32208333333334,77.32208333333334,119.32158333333334,57.657383333333335,107.82228333333335,99.48728333333334,109.82208333333334,84.82208333333334,111.82188333333335,70.15688333333334,121.37616666666666,109.04036666666666,124.70916666666666,87.70916666666666,128.04216666666667,66.37796666666665,112.72356666666667,103.22166666666668,115.05666666666667,86.55666666666667,117.38976666666667,69.89166666666668,112.55686666666668,108.88946666666668,114.55666666666667,103.55666666666667,116.55646666666667,98.22386666666667,95.29475000000001,90.96055000000001,96.96125,83.96125,98.62775,76.96195,110.91396875,104.07926875,115.24686874999999,94.74686874999999,119.57976874999999,85.41446875,114.22386666666667,105.22206666666668,119.55666666666667,92.55666666666667,124.88946666666668,79.89126666666667,96.79505,88.12665000000001,101.46125,75.46125,106.12745000000001,62.79585,111.24736874999999,101.41206874999999,116.24686874999999,86.74686874999999,121.24636874999999,72.08166874999999
117,107.14175,94.80595,112.14125,75.14125,117.14075,55.476549999999996,105.64145,97.30645,107.64125,82.64125,109.64105,67.97605,123.20450000000001,110.8687,126.53750000000001,89.53750000000001,129.87050000000002,68.2063,108.38481666666667,98.88291666666667,110.71791666666667,82.21791666666667,113.05101666666667,65.55291666666668,108.21811666666667,104.55071666666667,110.21791666666667,99.21791666666667,112.21771666666666,93.88511666666666,107.89725000000001,103.56305000000002,109.56375000000001,96.56375000000001,111.23025000000001,89.56445000000001,146.1473,139.3126,150.4802,129.9802,154.8131,120.64779999999999,109.88511666666666,100.88331666666667,115.21791666666667,88.21791666666667,120.55071666666667,75.55251666666666,109.39755000000001,100.72915000000002,114.06375000000001,88.06375000000001,118.72995000000002,75.39835000000001,146.48069999999998,136.6454,151.4802,121.9802,156.4797,107.315
118,70.38633333333334,58.05053333333334,75.38583333333334,38.38583333333334,80.38533333333334,18.721133333333334,68.88603333333334,60.551033333333336,70.88583333333334,45.88583333333334,72.88563333333335,31.22063333333334,122.01325,109.67745,125.34625,88.34625,128.67925,67.01505,100.40565,90.90375,102.73875,74.23875,105.07185,57.57375,100.23895,96.57155,102.23875,91.23875,104.23855,85.90594999999999,99.89808333333335,95.56388333333335,101.56458333333335,88.56458333333335,103.23108333333334,81.56528333333334,114.73938125,107.90468125,119.07228124999999,98.57228124999999,123.40518124999998,89.23988125,101.90594999999999,92.90415,107.23875,80.23875,112.57155,67.57334999999999,101.39838333333334,92.72998333333335,106.06458333333335,80.06458333333335,110.73078333333335,67.39918333333334,115.07278124999999,105.23748124999999,120.07228124999999,90.57228124999999,125.07178124999999,75.90708124999999
119,44.48675,32.15095,49.48625,12.486249999999998,54.485749999999996,-7.178450000000005,42.98645,34.65145,44.98625,19.98625,46.98605,5.32105,75.07283333333334,62.737033333333336,78.40583333333333,41.405833333333334,81.73883333333333,20.07463333333333,70.26315,60.76125,72.59625,44.09625,74.92935,27.43125,70.09645,66.42905,72.09625,61.09625,74.09604999999999,55.76345,60.39975,56.065549999999995,62.06625,49.06625,63.732749999999996,42.06694999999999,103.9473722282906,97.1126722282906,108.2802722282906,87.7802722282906,112.6131722282906,78.4478722282906,71.76344999999999,62.761649999999996,77.09625,50.09625,82.42905,37.43084999999999,61.90004999999999,53.231649999999995,66.56625,40.56625,71.23245,27.900849999999995,104.2807722282906,94.4454722282906,109.2802722282906,79.7802722282906,114.2797722282906,65.1150722282906
120,56.52341666666667,44.18761666666667,61.52291666666667,24.522916666666667,66.52241666666667,4.858216666666664,55.02311666666667,46.688116666666666,57.02291666666667,32.02291666666667,59.02271666666667,17.35771666666667,83.0845,70.7487,86.4175,49.417500000000004,89.7505,28.0863,87.6444,78.14250000000001,89.9775,61.477500000000006,92.31060000000001,44.81250000000001,87.47770000000001,83.81030000000001,89.4775,78.4775,91.47730000000001,73.1447,89.70391666666666,85.36971666666666,91.37041666666666,78.37041666666666,93.03691666666666,71.37111666666665,109.30009999999999,102.46539999999999,113.63299999999998,93.13299999999998,117.96589999999998,83.80059999999997,89.1447,80.14290000000001,94.4775,67.4775,99.81030000000001,54.8121,91.20421666666665,82.53581666666666,95.87041666666666,69.87041666666666,100.53661666666666,57.20501666666665,109.63349999999998,99.79819999999998,114.63299999999998,85.13299999999998,119.63249999999998,70.46779999999998
121,92.04675,79.71095,97.04625,60.04625,102.04575,40.38155,91.3852,83.05019999999999,93.38499999999999,68.38499999999999,95.38479999999998,53.71979999999999,109.65825,97.32244999999999,112.99125,75.99125,116.32424999999999,54.66004999999999,108.35981666666667,98.85791666666668,110.69291666666668,82.19291666666668,113.02601666666668,65.52791666666667,108.19311666666668,104.52571666666668,110.19291666666668,99.19291666666668,112.19271666666668,93.86011666666667,108.02516666666666,103.69096666666667,109.69166666666666,96.69166666666666,111.35816666666666,89.69236666666666,116.14191875,109.30721875,120.47481875,99.97481875,124.80771874999999,90.64241874999999,109.86011666666667,100.85831666666668,115.19291666666668,88.19291666666668,120.52571666666668,75.52751666666667,109.52546666666666,100.85706666666667,114.19166666666666,88.19166666666666,118.85786666666667,75.52626666666666,116.47531875,106.64001875,121.47481875,91.97481875,126.47431875,77.30961875
122,91.20508333333333,78.86928333333333,96.20458333333333,59.20458333333333,101.20408333333333,39.53988333333333,92.47103333333335,84.13603333333334,94.47083333333335,69.47083333333335,96.47063333333335,54.80563333333335,111.84991666666666,99.51411666666665,115.18291666666666,78.18291666666666,118.51591666666666,56.851716666666654,108.34440000000001,98.84250000000002,110.67750000000001,82.17750000000001,113.01060000000001,65.51250000000002,108.17770000000002,104.51030000000002,110.17750000000001,99.17750000000001,112.1773,93.8447,98.98183333333333,94.64763333333333,100.64833333333333,87.64833333333333,102.31483333333333,80.64903333333332,100.88,94.0453,105.21289999999999,84.71289999999999,109.54579999999999,75.38049999999998,109.8447,100.84290000000001,115.17750000000001,88.17750000000001,120.51030000000002,75.5121,100.48213333333332,91.81373333333333,105.14833333333333,79.14833333333333,109.81453333333333,66.48293333333332,101.2134,91.37809999999999,106.21289999999999,76.71289999999999,111.21239999999999,62.04769999999999
123,96.38341666666668,84.04761666666667,101.38291666666667,64.38291666666667,106.38241666666667,44.71821666666667,95.74436666666668,87.40936666666667,97.74416666666667,72.74416666666667,99.74396666666667,58.07896666666667,116.45824999999999,104.12244999999999,119.79124999999999,82.79124999999999,123.12424999999999,61.46004999999999,97.7469,88.245,100.08,71.58,102.4131,54.915,97.5802,93.9128,99.58,88.58,101.5798,83.24719999999999,95.53933333333333,91.20513333333334,97.20583333333333,84.20583333333333,98.87233333333333,77.20653333333333,80.41304375,73.57834375,84.74594375,64.24594375,89.07884374999999,54.913543749999995,99.24719999999999,90.2454,104.58,77.58,109.9128,64.9146,97.03963333333333,88.37123333333334,101.70583333333333,75.70583333333333,106.37203333333333,63.040433333333326,80.74644375,70.91114375,85.74594375,56.245943749999995,90.74544374999999,41.580743749999996
124,86.76133333333334,74.42553333333333,91.76083333333334,54.76083333333334,96.76033333333334,35.096133333333334,85.26103333333334,76.92603333333334,87.26083333333334,62.26083333333334,89.26063333333335,47.59563333333334,104.46991666666666,92.13411666666666,107.80291666666666,70.80291666666666,111.13591666666666,49.47171666666666,98.59315,89.09125,100.92625,72.42625,103.25935,55.76125,98.42645,94.75905,100.42625,89.42625,102.42605,84.09344999999999,97.88808333333333,93.55388333333333,99.55458333333333,86.55458333333333,101.22108333333333,79.55528333333332,103.99195625,97.15725625,108.32485625,87.82485625,112.65775624999999,78.49245625,100.09344999999999,91.09165,105.42625,78.42625,110.75905,65.76084999999999,99.38838333333332,90.71998333333333,104.05458333333333,78.05458333333333,108.72078333333333,65.38918333333332,104.32535625,94.49005625,109.32485625,79.82485625,114.32435625,65.15965625
125,75.42508333333333,63.089283333333334,80.42458333333333,43.42458333333333,85.42408333333333,23.759883333333327,73.92478333333334,65.58978333333333,75.92458333333333,50.92458333333333,77.92438333333334,36.25938333333333,99.32199999999999,86.98619999999998,102.65499999999999,65.65499999999999,105.98799999999999,44.323799999999984,89.54523333333333,80.04333333333334,91.87833333333333,63.37833333333333,94.21143333333333,46.71333333333333,89.37853333333334,85.71113333333334,91.37833333333333,80.37833333333333,93.37813333333332,75.04553333333332,91.70016666666668,87.36596666666668,93.36666666666667,80.36666666666667,95.03316666666667,73.36736666666667,111.992075,105.157375,116.324975,95.824975,120.65787499999999,86.49257499999999,91.04553333333332,82.04373333333334,96.37833333333333,69.37833333333333,101.71113333333334,56.712933333333325,93.20046666666667,84.53206666666668,97.86666666666667,71.86666666666667,102.53286666666668,59.20126666666667,112.325475,102.490175,117.324975,87.824975,122.32447499999999,73.159775
126,62.890499999999996,50.5547,67.88999999999999,30.889999999999993,72.8895,11.22529999999999,61.39019999999999,53.05519999999999,63.38999999999999,38.38999999999999,65.3898,23.724799999999995,81.55408333333334,69.21828333333333,84.88708333333334,47.88708333333334,88.22008333333333,26.555883333333334,67.77565,58.27375,70.10875,41.60875,72.44185,24.94375,67.60895000000001,63.94155,69.60875,58.60875,71.60855000000001,53.27595,86.30183333333332,81.96763333333332,87.96833333333332,74.96833333333332,89.63483333333332,67.96903333333331,101.20579569102567,94.37109569102567,105.53869569102567,85.03869569102567,109.87159569102566,75.70629569102567,69.27595,60.27415,74.60875,47.60875,79.94155,34.943349999999995,87.80213333333332,79.13373333333332,92.46833333333332,66.46833333333332,97.13453333333332,53.802933333333314,101.53919569102567,91.70389569102566,106.53869569102567,77.03869569102567,111.53819569102566,62.37349569102567
127,86.77091666666666,74.43511666666666,91.77041666666666,54.77041666666666,96.76991666666666,35.10571666666666,87.14936666666667,78.81436666666666,89.14916666666666,64.14916666666666,91.14896666666667,49.48396666666666,108.08366666666667,95.74786666666667,111.41666666666667,74.41666666666667,114.74966666666667,53.08546666666667,98.10731666666668,88.60541666666668,100.44041666666668,71.94041666666668,102.77351666666668,55.27541666666668,97.94061666666668,94.27321666666668,99.94041666666668,88.94041666666668,101.94021666666669,83.60761666666667,99.09433333333332,94.76013333333333,100.76083333333332,87.76083333333332,102.42733333333332,80.76153333333332,112.19999374999999,105.36529374999999,116.53289374999999,96.03289374999999,120.86579374999998,86.70049374999999,99.60761666666667,90.60581666666668,104.94041666666668,77.94041666666668,110.27321666666668,65.27501666666667,100.59463333333332,91.92623333333333,105.26083333333332,79.26083333333332,109.92703333333333,66.59543333333332,112.53339374999999,102.69809374999998,117.53289374999999,88.03289374999999,122.53239374999998,73.36769374999999
128,65.09425,52.75845,70.09375,33.09375,75.09325,13.429049999999997,78.68353333333333,70.34853333333332,80.68333333333332,55.68333333333332,82.68313333333333,41.018133333333324,100.35533333333333,88.01953333333333,103.68833333333333,66.68833333333333,107.02133333333333,45.35713333333333,95.86148333333334,86.35958333333335,98.19458333333334,69.69458333333334,100.52768333333334,53.02958333333334,95.69478333333335,92.02738333333335,97.69458333333334,86.69458333333334,99.69438333333335,81.36178333333334,104.99350000000001,100.65930000000002,106.66000000000001,93.66000000000001,108.32650000000001,86.6607,120.76098125,113.92628125,125.09388125,104.59388125,129.42678125,95.26148125,97.36178333333334,88.35998333333335,102.69458333333334,75.69458333333334,108.02738333333335,63.029183333333336,106.49380000000001,97.82540000000002,111.16000000000001,85.16000000000001,115.82620000000001,72.4946,121.09438125,111.25908125,126.09388125,96.59388125,131.09338125,81.92868125
129,60.01966666666667,47.683866666666674,65.01916666666668,28.01916666666667,70.01866666666668,8.354466666666667,69.16853333333334,60.833533333333335,71.16833333333334,46.16833333333334,73.16813333333334,31.503133333333338,90.50491666666667,78.16911666666667,93.83791666666667,56.83791666666667,97.17091666666667,35.50671666666667,109.56481666666667,100.06291666666668,111.89791666666667,83.39791666666667,114.23101666666668,66.73291666666668,109.39811666666668,105.73071666666668,111.39791666666667,100.39791666666667,113.39771666666667,95.06511666666667,108.0285,103.6943,109.695,96.695,111.36149999999999,89.69569999999999,107.79055625,100.95585625,112.12345624999999,91.62345624999999,116.45635624999998,82.29105625,111.06511666666667,102.06331666666668,116.39791666666667,89.39791666666667,121.73071666666668,76.73251666666667,109.52879999999999,100.8604,114.195,88.195,118.8612,75.52959999999999,108.12395624999999,98.28865624999999,113.12345624999999,83.62345624999999,118.12295624999999,68.95825624999999
130,76.3055,63.969699999999996,81.30499999999999,44.30499999999999,86.30449999999999,24.64029999999999,102.07436666666666,93.73936666666665,104.07416666666666,79.07416666666666,106.07396666666665,64.40896666666666,106.15825,93.82244999999999,109.49125,72.49125,112.82424999999999,51.16004999999999,116.97481666666665,107.47291666666666,119.30791666666666,90.80791666666666,121.64101666666666,74.14291666666665,116.80811666666666,113.14071666666666,118.80791666666666,107.80791666666666,120.80771666666666,102.47511666666665,110.49641666666666,106.16221666666667,112.16291666666666,99.16291666666666,113.82941666666666,92.16361666666666,110.917625,104.082925,115.250525,94.750525,119.58342499999999,85.418125,118.47511666666665,109.47331666666666,123.80791666666666,96.80791666666666,129.14071666666666,84.14251666666665,111.99671666666666,103.32831666666667,116.66291666666666,90.66291666666666,121.32911666666666,77.99751666666666,111.251025,101.415725,116.250525,86.750525,121.250025,72.085325
131,84.07966666666667,71.74386666666666,89.07916666666667,52.079166666666666,94.07866666666666,32.41446666666666,97.07978333333334,88.74478333333333,99.07958333333333,74.07958333333333,101.07938333333334,59.41438333333333,97.96658333333333,85.63078333333333,101.29958333333333,64.29958333333333,104.63258333333333,42.96838333333333,102.3319,92.83000000000001,104.665,76.165,106.99810000000001,59.50000000000001,102.16520000000001,98.49780000000001,104.165,93.165,106.16480000000001,87.8322,99.46516666666666,95.13096666666667,101.13166666666666,88.13166666666666,102.79816666666666,81.13236666666666,101.00504374999998,94.17034374999999,105.33794374999998,84.83794374999998,109.67084374999997,75.50554374999999,103.8322,94.83040000000001,109.165,82.165,114.49780000000001,69.4996,100.96546666666666,92.29706666666667,105.63166666666666,79.63166666666666,110.29786666666666,66.96626666666666,101.33844374999998,91.50314374999998,106.33794374999998,76.83794374999998,111.33744374999998,62.17274374999998
132,63.13966666666666,50.803866666666664,68.13916666666665,31.13916666666666,73.13866666666667,11.474466666666657,77.67436666666667,69.33936666666666,79.67416666666666,54.674166666666665,81.67396666666667,40.008966666666666,96.20824999999999,83.87244999999999,99.54124999999999,62.54124999999999,102.87424999999999,41.21004999999999,79.3394,69.8375,81.6725,53.1725,84.0056,36.5075,79.1727,75.5053,81.1725,70.1725,83.1723,64.8397,66.30641666666668,61.972216666666675,67.97291666666668,54.97291666666668,69.63941666666668,47.97361666666667,113.91355625,107.07885625,118.24645625,97.74645625,122.57935624999999,88.41405624999999,80.8397,71.8379,86.1725,59.1725,91.5053,46.507099999999994,67.80671666666667,59.138316666666675,72.47291666666668,46.47291666666668,77.13911666666668,33.80751666666667,114.24695625,104.41165625,119.24645625,89.74645625,124.24595624999999,75.08125625
133,53.812583333333336,41.47678333333334,58.812083333333334,21.812083333333334,63.81158333333333,2.1473833333333303,73.34728333333334,65.01228333333333,75.34708333333333,50.34708333333333,77.34688333333332,35.68188333333333,80.95491666666668,68.61911666666667,84.28791666666667,47.287916666666675,87.62091666666667,25.956716666666672,74.2569,64.75500000000001,76.59,48.09,78.9231,31.425000000000004,74.09020000000001,70.42280000000001,76.09,65.09,78.0898,59.757200000000005,72.86016666666667,68.52596666666668,74.52666666666667,61.52666666666667,76.19316666666667,54.527366666666666,106.2454504037607,99.4107504037607,110.5783504037607,90.0783504037607,114.91125040376069,80.7459504037607,75.7572,66.75540000000001,81.09,54.09,86.42280000000001,41.4246,74.36046666666667,65.69206666666668,79.02666666666667,53.02666666666667,83.69286666666667,40.361266666666666,106.5788504037607,96.7435504037607,111.5783504037607,82.0783504037607,116.57785040376069,67.4131504037607
134,69.6905,57.3547,74.69,37.69,79.6895,18.025299999999994,113.60436666666668,105.26936666666667,115.60416666666667,90.60416666666667,117.60396666666668,75.93896666666667,131.0295,118.6937,134.3625,97.36250000000001,137.6955,76.03130000000002,111.8994,102.39750000000001,114.2325,85.7325,116.5656,69.0675,111.73270000000001,108.06530000000001,113.7325,102.7325,115.73230000000001,97.3997,104.25808333333333,99.92388333333334,105.92458333333333,92.92458333333333,107.59108333333333,85.92528333333333,99.2600375,92.4253375,103.59293749999999,83.09293749999999,107.92583749999999,73.7605375,113.3997,104.3979,118.7325,91.7325,124.06530000000001,79.0671,105.75838333333333,97.08998333333334,110.42458333333333,84.42458333333333,115.09078333333333,71.75918333333333,99.5934375,89.75813749999999,104.59293749999999,75.09293749999999,109.59243749999999,60.42773749999999
135,84.35508333333334,72.01928333333333,89.35458333333334,52.35458333333334,94.35408333333334,32.689883333333334,84.15311666666668,75.81811666666667,86.15291666666667,61.15291666666667,88.15271666666666,46.48771666666667,121.49325,109.15745,124.82625,87.82625,128.15925000000001,66.49504999999999,80.29481666666666,70.79291666666667,82.62791666666666,54.127916666666664,84.96101666666667,37.462916666666665,80.12811666666667,76.46071666666667,82.12791666666666,71.12791666666666,84.12771666666666,65.79511666666666,79.77808333333334,75.44388333333335,81.44458333333334,68.44458333333334,83.11108333333334,61.445283333333336,91.44224375,84.60754375,95.77514375,75.27514375,100.10804375,65.94274375,81.79511666666666,72.79331666666667,87.12791666666666,60.127916666666664,92.46071666666667,47.46251666666666,81.27838333333334,72.60998333333335,85.94458333333334,59.94458333333334,90.61078333333334,47.279183333333336,91.77564375,81.94034375,96.77514375,67.27514375,101.77464375,52.60994375
136,73.56508333333333,61.229283333333335,78.56458333333333,41.56458333333333,83.56408333333333,21.899883333333328,88.67061666666667,80.33561666666667,90.67041666666667,65.67041666666667,92.67021666666668,51.00521666666667,121.76366666666668,109.42786666666667,125.09666666666668,88.09666666666668,128.4296666666667,66.76546666666667,81.78815,72.28625000000001,84.12125,55.62125,86.45435,38.956250000000004,81.62145000000001,77.95405000000001,83.62125,72.62125,85.62105,67.28845,76.58391666666667,72.24971666666667,78.25041666666667,65.25041666666667,79.91691666666667,58.25111666666666,89.046425,82.211725,93.379325,72.879325,97.71222499999999,63.546924999999995,83.28845,74.28665000000001,88.62125,61.62125,93.95405000000001,48.95585,78.08421666666666,69.41581666666667,82.75041666666667,56.750416666666666,87.41661666666667,44.08501666666666,89.379825,79.544525,94.379325,64.879325,99.37882499999999,50.214124999999996
137,72.34591666666667,60.01011666666667,77.34541666666667,40.345416666666665,82.34491666666666,20.68071666666666,97.91186666666668,89.57686666666667,99.91166666666668,74.91166666666668,101.91146666666668,60.24646666666668,126.48283333333333,114.14703333333333,129.81583333333333,92.81583333333333,133.14883333333333,71.48463333333333,87.03773333333334,77.53583333333334,89.37083333333334,60.87083333333334,91.70393333333334,44.20583333333334,86.87103333333334,83.20363333333334,88.87083333333334,77.87083333333334,90.87063333333333,72.53803333333333,86.42516666666666,82.09096666666666,88.09166666666665,75.09166666666665,89.75816666666665,68.09236666666665,85.7124125,78.8777125,90.0453125,69.5453125,94.37821249999999,60.212912499999995,88.53803333333333,79.53623333333334,93.87083333333334,66.87083333333334,99.20363333333334,54.20543333333333,87.92546666666665,79.25706666666666,92.59166666666665,66.59166666666665,97.25786666666666,53.92626666666665,86.0458125,76.2105125,91.0453125,61.545312499999994,96.04481249999999,46.880112499999996
138,74.76925,62.43345,79.76875,42.76875,84.76825,23.104049999999994,88.76686666666667,80.43186666666666,90.76666666666667,65.76666666666667,92.76646666666667,51.10146666666667,134.71741666666668,122.38161666666667,138.05041666666668,101.05041666666668,141.38341666666668,79.71921666666668,87.47314999999999,77.97125,89.80624999999999,61.30624999999999,92.13935,44.64124999999999,87.30645,83.63905,89.30624999999999,78.30624999999999,91.30605,72.97344999999999,86.146,81.8118,87.8125,74.8125,89.479,67.8132,99.60396874999999,92.76926875,103.93686874999999,83.43686874999999,108.26976874999998,74.10446875,88.97344999999999,79.97165,94.30624999999999,67.30624999999999,99.63905,54.640849999999986,87.6463,78.9779,92.3125,66.3125,96.9787,53.647099999999995,99.93736874999999,90.10206874999999,104.93686874999999,75.43686874999999,109.93636874999999,60.77166874999999
139,40.445083333333336,28.109283333333337,45.444583333333334,8.444583333333334,50.44408333333334,-11.22011666666667,45.3227,36.9877,47.3225,22.322499999999998,49.3223,7.657299999999999,114.69950000000001,102.36370000000001,118.03250000000001,81.03250000000001,121.36550000000001,59.70130000000001,45.45523333333333,35.95333333333333,47.788333333333334,19.288333333333334,50.121433333333336,2.623333333333335,45.28853333333333,41.62113333333333,47.288333333333334,36.288333333333334,49.288133333333334,30.955533333333335,43.95308333333333,39.61888333333333,45.61958333333333,32.61958333333333,47.28608333333333,25.62028333333333,79.403675,72.56897500000001,83.736575,63.236575,88.069475,53.904175,46.955533333333335,37.95373333333333,52.288333333333334,25.288333333333334,57.62113333333333,12.622933333333332,45.45338333333333,36.78498333333333,50.11958333333333,24.11958333333333,54.78578333333333,11.45418333333333,79.737075,69.901775,84.736575,55.236575,89.736075,40.571375
140,33.08258333333333,20.746783333333333,38.08208333333333,1.0820833333333333,43.081583333333334,-18.58261666666667,34.683949999999996,26.348949999999995,36.683749999999996,11.683749999999996,38.68355,-2.9814500000000024,68.84033333333333,56.504533333333335,72.17333333333333,35.17333333333333,75.50633333333333,13.84213333333333,32.80231666666667,23.30041666666667,35.13541666666667,6.635416666666668,37.468516666666666,-10.029583333333331,32.63561666666667,28.968216666666667,34.63541666666667,23.635416666666668,36.635216666666665,18.302616666666665,27.48975,23.15555,29.15625,16.15625,30.82275,9.156949999999998,99.05153636649574,92.21683636649574,103.38443636649573,82.88443636649573,107.71733636649573,73.55203636649574,34.302616666666665,25.30081666666667,39.63541666666667,12.635416666666668,44.96821666666667,-0.029983333333333917,28.99005,20.32165,33.65625,7.65625,38.32245,-5.009150000000002,99.38493636649574,89.54963636649573,104.38443636649573,74.88443636649573,109.38393636649573,60.219236366495736
141,81.53133333333334,69.19553333333333,86.53083333333333,49.530833333333334,91.53033333333333,29.86613333333333,96.80770000000001,88.4727,98.8075,73.8075,100.8073,59.142300000000006,118.32158333333334,105.98578333333333,121.65458333333333,84.65458333333333,124.98758333333333,63.32338333333333,98.56689999999999,89.065,100.89999999999999,72.39999999999999,103.2331,55.73499999999999,98.4002,94.7328,100.39999999999999,89.39999999999999,102.3998,84.06719999999999,89.32891666666666,84.99471666666666,90.99541666666666,77.99541666666666,92.66191666666666,70.99611666666665,100.12120625,93.28650625,104.45410625,83.95410625,108.78700624999999,74.62170624999999,100.06719999999999,91.0654,105.39999999999999,78.39999999999999,110.7328,65.73459999999999,90.82921666666665,82.16081666666666,95.49541666666666,69.49541666666666,100.16161666666666,56.83001666666665,100.45460625,90.61930625,105.45410625,75.95410625,110.45360624999999,61.28890625
142,81.67258333333334,69.33678333333333,86.67208333333333,49.67208333333333,91.67158333333333,30.00738333333333,80.17228333333334,71.83728333333333,82.17208333333333,57.17208333333333,84.17188333333334,42.506883333333334,126.85741666666668,114.52161666666667,130.1904166666667,93.19041666666668,133.5234166666667,71.85921666666667,73.49773333333333,63.99583333333333,75.83083333333333,47.33083333333333,78.16393333333333,30.66583333333333,73.33103333333334,69.66363333333334,75.33083333333333,64.33083333333333,77.33063333333334,58.99803333333333,63.34974999999999,59.01554999999999,65.01624999999999,52.01624999999999,66.68275,45.016949999999994,85.6285625,78.7938625,89.9614625,69.4614625,94.29436249999999,60.129062499999996,74.99803333333332,65.99623333333334,80.33083333333333,53.33083333333333,85.66363333333334,40.665433333333326,64.85005,56.18164999999999,69.51624999999999,43.51624999999999,74.18244999999999,30.85084999999999,85.9619625,76.1266625,90.9614625,61.461462499999996,95.9609625,46.7962625
143,80.87133333333334,68.53553333333333,85.87083333333334,48.87083333333334,90.87033333333333,29.206133333333334,129.43145,121.09645,131.43125,106.43125,133.43105,91.76605,138.65158333333335,126.31578333333334,141.98458333333335,104.98458333333335,145.31758333333335,83.65338333333335,104.98065000000001,95.47875000000002,107.31375000000001,78.81375000000001,109.64685000000001,62.148750000000014,104.81395000000002,101.14655000000002,106.81375000000001,95.81375000000001,108.81355000000002,90.48095,97.23933333333332,92.90513333333332,98.90583333333332,85.90583333333332,100.57233333333332,78.90653333333331,82.51563125,75.68093125,86.84853125,66.34853125,91.18143124999999,57.016131249999994,106.48095,97.47915000000002,111.81375000000001,84.81375000000001,117.14655000000002,72.14835000000001,98.73963333333332,90.07123333333332,103.40583333333332,77.40583333333332,108.07203333333332,64.74043333333331,82.84903125,73.01373124999999,87.84853125,58.34853124999999,92.84803124999999,43.683331249999995
144,76.24883333333334,63.91303333333334,81.24833333333333,44.248333333333335,86.24783333333333,24.58363333333333,74.74853333333334,66.41353333333333,76.74833333333333,51.748333333333335,78.74813333333333,37.083133333333336,130.22408333333334,117.88828333333333,133.55708333333334,96.55708333333334,136.89008333333334,75.22588333333334,81.50231666666666,72.00041666666667,83.83541666666666,55.33541666666666,86.16851666666666,38.67041666666666,81.33561666666667,77.66821666666667,83.33541666666666,72.33541666666666,85.33521666666667,67.00261666666665,72.48225,68.14805,74.14874999999999,61.14874999999999,75.81524999999999,54.14944999999999,91.26040625,84.42570625,95.59330625,75.09330625,99.92620624999999,65.76090625,83.00261666666665,74.00081666666667,88.33541666666666,61.33541666666666,93.66821666666667,48.670016666666655,73.98254999999999,65.31415,78.64874999999999,52.64874999999999,83.31495,39.98334999999999,91.59380625,81.75850625,96.59330625,67.09330625,101.59280625,52.42810625
145,58.45550000000001,46.11970000000001,63.455000000000005,26.455000000000005,68.45450000000001,6.790300000000002,56.955200000000005,48.620200000000004,58.955000000000005,33.955000000000005,60.954800000000006,19.289800000000007,110.3045,97.9687,113.6375,76.6375,116.9705,55.3063,71.51398333333333,62.01208333333333,73.84708333333333,45.34708333333333,76.18018333333333,28.68208333333333,71.34728333333334,67.67988333333334,73.34708333333333,62.34708333333333,75.34688333333332,57.01428333333333,61.812666666666665,57.47846666666666,63.479166666666664,50.479166666666664,65.14566666666667,43.479866666666666,75.0410375,68.2063375,79.3739375,58.8739375,83.70683749999999,49.5415375,73.01428333333332,64.01248333333334,78.34708333333333,51.34708333333333,83.67988333333334,38.681683333333325,63.31296666666666,54.64456666666666,67.97916666666666,41.979166666666664,72.64536666666666,29.313766666666663,75.3744375,65.5391375,80.3739375,50.8739375,85.3734375,36.2087375
146,64.92675,52.59095000000001,69.92625000000001,32.92625,74.92575000000001,13.26155,63.42645,55.09145,65.42625000000001,40.42625,67.42605,25.761050000000004,95.57158333333334,83.23578333333333,98.90458333333333,61.904583333333335,102.23758333333333,40.57338333333333,63.74981666666667,54.24791666666667,66.08291666666668,37.58291666666667,68.41601666666666,20.91791666666667,63.58311666666667,59.91571666666667,65.58291666666668,54.58291666666667,67.58271666666667,49.25011666666667,52.369749999999996,48.03554999999999,54.036249999999995,41.036249999999995,55.702749999999995,34.03694999999999,83.46906413820513,76.63436413820513,87.80196413820512,67.30196413820512,92.13486413820512,57.96956413820512,65.25011666666667,56.24831666666667,70.58291666666668,43.58291666666667,75.91571666666667,30.917516666666668,53.87004999999999,45.201649999999994,58.536249999999995,32.536249999999995,63.20245,19.870849999999994,83.80246413820512,73.96716413820512,88.80196413820512,59.30196413820512,93.80146413820512,44.63676413820512
147,40.680083333333336,28.344283333333337,45.67958333333333,8.679583333333333,50.67908333333334,-10.98511666666667,39.17978333333333,30.844783333333332,41.17958333333333,16.179583333333333,43.179383333333334,1.5143833333333347,64.87616666666666,52.54036666666667,68.20916666666668,31.20916666666667,71.54216666666667,9.877966666666666,25.305233333333334,15.803333333333336,27.638333333333335,-0.8616666666666646,29.971433333333337,-17.526666666666664,25.138533333333335,21.471133333333334,27.138333333333335,16.138333333333335,29.138133333333336,10.805533333333335,3.745583333333332,-0.5886166666666677,5.412083333333332,-7.587916666666668,7.078583333333333,-14.58721666666667,90.49822857923078,83.66352857923079,94.83112857923078,74.33112857923078,99.16402857923077,64.99872857923077,26.805533333333337,17.803733333333337,32.138333333333335,5.138333333333335,37.471133333333334,-7.527066666666666,5.245883333333332,-3.422516666666667,9.912083333333332,-16.08791666666667,14.578283333333331,-28.75331666666667,90.83162857923078,80.99632857923078,95.83112857923078,66.33112857923078,100.83062857923078,51.66592857923078
148,38.26466666666667,25.92886666666667,43.26416666666667,6.264166666666668,48.263666666666666,-13.400533333333335,49.26811666666667,40.93311666666667,51.26791666666667,26.26791666666667,53.26771666666667,11.602716666666673,112.73533333333333,100.39953333333332,116.06833333333333,79.06833333333333,119.40133333333333,57.737133333333325,23.991899999999998,14.49,26.325,-2.1750000000000007,28.658099999999997,-18.84,23.8252,20.157799999999998,25.825,14.825,27.8248,9.492199999999999,13.521833333333333,9.187633333333332,15.188333333333333,2.1883333333333326,16.854833333333332,-4.810966666666669,49.809012499999994,42.974312499999996,54.1419125,33.6419125,58.4748125,24.309512499999997,25.4922,16.4904,30.825,3.8249999999999993,36.1578,-8.840400000000002,15.022133333333333,6.3537333333333335,19.688333333333333,-6.311666666666667,24.354533333333332,-18.97706666666667,50.1424125,40.307112499999995,55.1419125,25.641912499999997,60.1414125,10.976712499999998
149,57.044666666666664,44.708866666666665,62.04416666666666,25.044166666666662,67.04366666666667,5.379466666666659,90.6427,82.3077,92.6425,67.6425,94.6423,52.9773,109.48866666666666,97.15286666666665,112.82166666666666,75.82166666666666,116.15466666666666,54.490466666666656,89.82315,80.32125,92.15625,63.65625,94.48935,46.99125,89.65645,85.98905,91.65625,80.65625,93.65605,75.32345,86.13933333333333,81.80513333333333,87.80583333333333,74.80583333333333,89.47233333333332,67.80653333333332,92.27733124999999,85.44263124999999,96.61023124999998,76.11023124999998,100.94313124999998,66.77783124999999,91.32345,82.32165,96.65625,69.65625,101.98905,56.990849999999995,87.63963333333332,78.97123333333333,92.30583333333333,66.30583333333333,96.97203333333333,53.64043333333332,92.61073124999999,82.77543124999998,97.61023124999998,68.11023124999998,102.60973124999998,53.445031249999985
150,35.35966666666667,23.02386666666667,40.35916666666667,3.359166666666667,45.358666666666664,-16.305533333333337,79.28853333333335,70.95353333333334,81.28833333333334,56.28833333333334,83.28813333333335,41.62313333333334,114.79366666666667,102.45786666666666,118.12666666666667,81.12666666666667,121.45966666666666,59.79546666666666,73.08273333333334,63.58083333333334,75.41583333333334,46.91583333333334,77.74893333333334,30.25083333333334,72.91603333333335,69.24863333333334,74.91583333333334,63.91583333333334,76.91563333333335,58.58303333333334,66.02225,61.68805,67.68875,54.68875,69.35525,47.689449999999994,87.08399375,80.24929375,91.41689375,70.91689375,95.74979375,61.58449375,74.58303333333333,65.58123333333334,79.91583333333334,52.91583333333334,85.24863333333334,40.25043333333333,67.52255,58.85415,72.18875,46.18875,76.85495,33.52334999999999,87.41739375,77.58209375,92.41689375,62.91689375,97.41639375,48.25169375
151,77.953,65.6172,82.9525,45.9525,87.952,26.287799999999997,77.4602,69.12519999999999,79.46,54.459999999999994,81.4598,39.794799999999995,94.06075,81.72494999999999,97.39375,60.39375,100.72675,39.062549999999995,74.25648333333334,64.75458333333334,76.58958333333334,48.08958333333334,78.92268333333334,31.424583333333338,74.08978333333334,70.42238333333334,76.08958333333334,65.08958333333334,78.08938333333333,59.75678333333334,71.70391666666666,67.36971666666666,73.37041666666666,60.37041666666666,75.03691666666666,53.37111666666665,92.6602625,85.8255625,96.9931625,76.4931625,101.32606249999999,67.1607625,75.75678333333333,66.75498333333334,81.08958333333334,54.08958333333334,86.42238333333334,41.42418333333333,73.20421666666665,64.53581666666666,77.87041666666666,51.87041666666666,82.53661666666666,39.20501666666665,92.9936625,83.1583625,97.9931625,68.4931625,102.9926625,53.8279625
152,82.12508333333334,69.78928333333333,87.12458333333333,50.124583333333334,92.12408333333333,30.45988333333333,81.1452,72.8102,83.145,58.144999999999996,85.1448,43.4798,87.64033333333334,75.30453333333334,90.97333333333334,53.97333333333334,94.30633333333334,32.64213333333334,82.27773333333333,72.77583333333334,84.61083333333333,56.11083333333333,86.94393333333333,39.44583333333333,82.11103333333334,78.44363333333334,84.11083333333333,73.11083333333333,86.11063333333334,67.77803333333333,79.84141666666667,75.50721666666668,81.50791666666667,68.50791666666667,83.17441666666667,61.50861666666667,75.28698125,68.45228125,79.61988124999999,59.11988124999999,83.95278124999999,49.78748124999999,83.77803333333333,74.77623333333334,89.11083333333333,62.11083333333333,94.44363333333334,49.44543333333333,81.34171666666667,72.67331666666668,86.00791666666667,60.007916666666674,90.67411666666668,47.34251666666667,75.62038125,65.78508124999999,80.61988124999999,51.11988124999999,85.61938124999999,36.45468124999999
153,58.187583333333336,45.85178333333334,63.187083333333334,26.187083333333334,68.18658333333333,6.52238333333333,56.68728333333333,48.35228333333333,58.687083333333334,33.687083333333334,60.686883333333334,19.021883333333335,81.88408333333334,69.54828333333333,85.21708333333333,48.217083333333335,88.55008333333333,26.885883333333332,57.14939999999999,47.647499999999994,59.482499999999995,30.982499999999995,61.815599999999996,14.317499999999995,56.982699999999994,53.31529999999999,58.982499999999995,47.982499999999995,60.982299999999995,42.649699999999996,55.746833333333335,51.41263333333333,57.413333333333334,44.413333333333334,59.07983333333333,37.414033333333336,78.52325,71.68855,82.85615,62.35615,87.18905,53.02375,58.649699999999996,49.64789999999999,63.982499999999995,36.982499999999995,69.3153,24.317099999999993,57.24713333333333,48.57873333333333,61.913333333333334,35.913333333333334,66.57953333333333,23.247933333333332,78.85665,69.02135,83.85615,54.35615,88.85565,39.69095
154,55.336333333333336,43.00053333333334,60.33583333333333,23.335833333333333,65.33533333333334,3.67113333333333,53.83603333333333,45.50103333333333,55.83583333333333,30.835833333333333,57.835633333333334,16.170633333333335,64.70075,52.36495,68.03375,31.033749999999998,71.36675,9.702549999999995,50.581066666666665,41.079166666666666,52.91416666666667,24.414166666666667,55.24726666666667,7.749166666666667,50.414366666666666,46.746966666666665,52.41416666666667,41.41416666666667,54.41396666666667,36.08136666666667,45.116,40.7818,46.7825,33.7825,48.449,26.783199999999997,93.52426454196582,86.68956454196582,97.85716454196582,77.35716454196582,102.19006454196581,68.02476454196582,52.08136666666667,43.079566666666665,57.41416666666667,30.414166666666667,62.746966666666665,17.748766666666665,46.616299999999995,37.9479,51.2825,25.2825,55.9487,12.617099999999997,93.85766454196582,84.02236454196581,98.85716454196582,69.35716454196582,103.85666454196581,54.69196454196582
155,95.28008333333334,82.94428333333333,100.27958333333333,63.279583333333335,105.27908333333333,43.61488333333333,93.77978333333334,85.44478333333333,95.77958333333333,70.77958333333333,97.77938333333333,56.114383333333336,113.57158333333334,101.23578333333333,116.90458333333333,79.90458333333333,120.23758333333333,58.57338333333333,92.3319,82.83000000000001,94.665,66.165,96.99810000000001,49.50000000000001,92.16520000000001,88.49780000000001,94.165,83.165,96.16480000000001,77.8322,82.31516666666667,77.98096666666667,83.98166666666667,70.98166666666667,85.64816666666667,63.982366666666664,86.33592499999999,79.50122499999999,90.66882499999998,70.16882499999998,95.00172499999998,60.836424999999984,93.8322,84.83040000000001,99.165,72.165,104.49780000000001,59.4996,83.81546666666667,75.14706666666667,88.48166666666667,62.48166666666667,93.14786666666667,49.816266666666664,86.66932499999999,76.83402499999998,91.66882499999998,62.168824999999984,96.66832499999998,47.503624999999985
156,101.90175,89.56595,106.90125,69.90125,111.90075,50.23655,100.40145000000001,92.06645,102.40125,77.40125,104.40105,62.736050000000006,115.83533333333334,103.49953333333333,119.16833333333334,82.16833333333334,122.50133333333333,60.837133333333334,100.29731666666667,90.79541666666668,102.63041666666668,74.13041666666668,104.96351666666668,57.46541666666668,100.13061666666668,96.46321666666668,102.13041666666668,91.13041666666668,104.13021666666668,85.79761666666667,82.436,78.10180000000001,84.1025,71.1025,85.769,64.1032,100.9428875,94.1081875,105.27578749999999,84.77578749999999,109.60868749999999,75.4433875,101.79761666666667,92.79581666666668,107.13041666666668,80.13041666666668,112.46321666666668,67.46501666666667,83.9363,75.26790000000001,88.6025,62.602500000000006,93.26870000000001,49.9371,101.2762875,91.44098749999999,106.27578749999999,76.77578749999999,111.27528749999999,62.110587499999994
157,101.8655,89.52969999999999,106.865,69.865,111.86449999999999,50.20029999999999,101.68353333333334,93.34853333333334,103.68333333333334,78.68333333333334,105.68313333333333,64.01813333333334,113.64616666666667,101.31036666666667,116.97916666666667,79.97916666666667,120.31216666666667,58.64796666666667,102.0894,92.5875,104.4225,75.9225,106.7556,59.2575,101.9227,98.2553,103.9225,92.9225,105.9223,87.5897,89.89141666666666,85.55721666666666,91.55791666666666,78.55791666666666,93.22441666666666,71.55861666666665,87.90640624999999,81.07170624999999,92.23930624999998,71.73930624999998,96.57220624999998,62.406906249999984,103.5897,94.5879,108.9225,81.9225,114.2553,69.2571,91.39171666666665,82.72331666666666,96.05791666666666,70.05791666666666,100.72411666666666,57.39251666666665,88.23980624999999,78.40450624999998,93.23930624999998,63.739306249999984,98.23880624999998,49.074106249999986
158,111.44008333333335,99.10428333333334,116.43958333333335,79.43958333333335,121.43908333333334,59.77488333333334,109.93978333333335,101.60478333333334,111.93958333333335,86.93958333333335,113.93938333333335,72.27438333333335,90.6695,78.3337,94.0025,57.0025,97.3355,35.671299999999995,85.74773333333333,76.24583333333334,88.08083333333333,59.58083333333333,90.41393333333333,42.91583333333333,85.58103333333334,81.91363333333334,87.58083333333333,76.58083333333333,89.58063333333334,71.24803333333332,83.46266666666666,79.12846666666667,85.12916666666666,72.12916666666666,86.79566666666666,65.12986666666666,87.60951875,80.77481875000001,91.94241875,71.44241875,96.27531875,62.11001875,87.24803333333332,78.24623333333334,92.58083333333333,65.58083333333333,97.91363333333334,52.915433333333326,84.96296666666666,76.29456666666667,89.62916666666666,63.62916666666666,94.29536666666667,50.96376666666666,87.94291875,78.10761875,92.94241875,63.44241875,97.94191875,48.77721875
159,88.66008333333333,76.32428333333333,93.65958333333333,56.65958333333333,98.65908333333333,36.99488333333333,87.15978333333334,78.82478333333333,89.15958333333333,64.15958333333333,91.15938333333332,49.49438333333333,97.69033333333333,85.35453333333332,101.02333333333333,64.02333333333333,104.35633333333332,42.692133333333324,87.36856666666667,77.86666666666667,89.70166666666667,61.20166666666667,92.03476666666667,44.53666666666667,87.20186666666667,83.53446666666667,89.20166666666667,78.20166666666667,91.20146666666668,72.86886666666666,86.68975,82.35555000000001,88.35625,75.35625,90.02275,68.35695,90.04458125000001,83.20988125000001,94.37748125,73.87748125,98.71038125,64.54508125000001,88.86886666666666,79.86706666666667,94.20166666666667,67.20166666666667,99.53446666666667,54.53626666666666,88.19005,79.52165000000001,92.85625,66.85625,97.52245,54.19085,90.37798125,80.54268125,95.37748125,65.87748125,100.37698125,51.212281250000004
160,60.263,47.9272,65.26249999999999,28.262499999999996,70.262,8.597799999999992,58.762699999999995,50.427699999999994,60.762499999999996,35.762499999999996,62.762299999999996,21.097299999999997,74.61741666666667,62.28161666666667,77.95041666666667,40.95041666666667,81.28341666666667,19.619216666666667,54.19898333333333,44.69708333333333,56.53208333333333,28.032083333333333,58.865183333333334,11.367083333333333,54.03228333333333,50.36488333333333,56.03208333333333,45.03208333333333,58.03188333333333,39.699283333333334,54.21975,49.885549999999995,55.88625,42.88625,57.552749999999996,35.88695,96.62168750000001,89.78698750000001,100.9545875,80.4545875,105.2874875,71.1221875,55.699283333333334,46.69748333333333,61.03208333333333,34.03208333333333,66.36488333333334,21.36668333333333,55.72004999999999,47.051649999999995,60.38625,34.38625,65.05245,21.720849999999995,96.9550875,87.1197875,101.9545875,72.4545875,106.9540875,57.789387500000004
161,48.52008333333334,36.18428333333334,53.51958333333334,16.519583333333337,58.51908333333334,-3.1451166666666666,47.019783333333336,38.684783333333336,49.01958333333334,24.019583333333337,51.01938333333334,9.354383333333338,50.330333333333336,37.99453333333334,53.663333333333334,16.663333333333334,56.99633333333333,-4.667866666666669,44.270649999999996,34.76875,46.60375,18.103749999999998,48.93685,1.4387499999999989,44.10395,40.43655,46.10375,35.10375,48.10355,29.77095,47.49516666666666,43.16096666666666,49.16166666666666,36.16166666666666,50.82816666666666,29.16236666666666,102.96238800470087,96.12768800470087,107.29528800470086,86.79528800470086,111.62818800470086,77.46288800470086,45.77095,36.769149999999996,51.10375,24.103749999999998,56.43655,11.438349999999996,48.99546666666666,40.32706666666666,53.66166666666666,27.66166666666666,58.327866666666665,14.99626666666666,103.29578800470087,93.46048800470086,108.29528800470086,78.79528800470086,113.29478800470086,64.13008800470087
162,101.53049999999999,89.19469999999998,106.52999999999999,69.52999999999999,111.52949999999998,49.86529999999998,100.0302,91.69519999999999,102.02999999999999,77.02999999999999,104.0298,62.36479999999999,107.52575,95.18995,110.85875,73.85875,114.19175,52.52755,97.25231666666666,87.75041666666667,99.58541666666666,71.08541666666666,101.91851666666666,54.42041666666666,97.08561666666667,93.41821666666667,99.08541666666666,88.08541666666666,101.08521666666667,82.75261666666665,93.95391666666666,89.61971666666666,95.62041666666666,82.62041666666666,97.28691666666666,75.62111666666665,146.830775,139.996075,151.16367499999998,130.66367499999998,155.49657499999998,121.33127499999998,98.75261666666665,89.75081666666667,104.08541666666666,77.08541666666666,109.41821666666667,64.42001666666665,95.45421666666665,86.78581666666666,100.12041666666666,74.12041666666666,104.78661666666666,61.45501666666665,147.16417499999997,137.32887499999998,152.16367499999998,122.66367499999998,157.163175,107.99847499999998
163,111.78091666666667,99.44511666666666,116.78041666666667,79.78041666666667,121.77991666666667,60.115716666666664,110.28061666666667,101.94561666666667,112.28041666666667,87.28041666666667,114.28021666666666,72.61521666666667,137.78908333333334,125.45328333333333,141.12208333333334,104.12208333333334,144.45508333333333,82.79088333333334,91.73856666666666,82.23666666666666,94.07166666666666,65.57166666666666,96.40476666666666,48.90666666666666,91.57186666666666,87.90446666666666,93.57166666666666,82.57166666666666,95.57146666666665,77.23886666666665,88.04308333333334,83.70888333333335,89.70958333333334,76.70958333333334,91.37608333333334,69.71028333333334,111.2239289473684,104.38922894736841,115.5568289473684,95.0568289473684,119.8897289473684,85.72442894736841,93.23886666666665,84.23706666666666,98.57166666666666,71.57166666666666,103.90446666666666,58.90626666666665,89.54338333333334,80.87498333333335,94.20958333333334,68.20958333333334,98.87578333333335,55.544183333333336,111.5573289473684,101.7220289473684,116.5568289473684,87.0568289473684,121.5563289473684,72.3916289473684
164,114.89133333333334,102.55553333333333,119.89083333333333,82.89083333333333,124.89033333333333,63.22613333333333,113.39103333333334,105.05603333333333,115.39083333333333,90.39083333333333,117.39063333333334,75.72563333333333,119.70533333333334,107.36953333333334,123.03833333333334,86.03833333333334,126.37133333333334,64.70713333333333,105.14523333333334,95.64333333333335,107.47833333333334,78.97833333333334,109.81143333333334,62.31333333333334,104.97853333333335,101.31113333333334,106.97833333333334,95.97833333333334,108.97813333333335,90.64553333333333,102.42683333333332,98.09263333333332,104.09333333333332,91.09333333333332,105.75983333333332,84.09403333333331,105.512225,98.677525,109.845125,89.345125,114.17802499999999,80.01272499999999,106.64553333333333,97.64373333333334,111.97833333333334,84.97833333333334,117.31113333333334,72.31293333333333,103.92713333333332,95.25873333333332,108.59333333333332,82.59333333333332,113.25953333333332,69.92793333333331,105.845625,96.010325,110.845125,81.345125,115.844625,66.679925
165,134.66008333333332,122.32428333333333,139.65958333333333,102.65958333333333,144.65908333333334,82.99488333333332,133.15978333333334,124.82478333333333,135.15958333333333,110.15958333333333,137.15938333333332,95.49438333333333,132.08075,119.74494999999999,135.41375,98.41375,138.74675,77.08255,123.05398333333333,113.55208333333334,125.38708333333334,96.88708333333334,127.72018333333334,80.22208333333333,122.88728333333334,119.21988333333334,124.88708333333334,113.88708333333334,126.88688333333334,108.55428333333333,118.69308333333333,114.35888333333334,120.35958333333333,107.35958333333333,122.02608333333333,100.36028333333333,121.48979374999999,114.65509374999999,125.82269374999998,105.32269374999998,130.15559374999998,95.99029374999998,124.55428333333333,115.55248333333334,129.88708333333335,102.88708333333334,135.21988333333334,90.22168333333333,120.19338333333333,111.52498333333334,124.85958333333333,98.85958333333333,129.52578333333332,86.19418333333333,121.82319374999999,111.98789374999998,126.82269374999998,97.32269374999998,131.82219375,82.65749374999999
166,99.89091666666667,87.55511666666666,104.89041666666667,67.89041666666667,109.88991666666666,48.22571666666666,130.7952,122.46019999999999,132.795,107.79499999999999,134.79479999999998,93.12979999999999,142.45866666666666,130.12286666666665,145.79166666666666,108.79166666666666,149.12466666666666,87.46046666666666,128.92981666666668,119.42791666666668,131.26291666666668,102.76291666666667,133.59601666666666,86.09791666666666,128.76311666666666,125.09571666666668,130.76291666666668,119.76291666666667,132.76271666666668,114.43011666666666,128.10516666666666,123.77096666666667,129.77166666666665,116.77166666666666,131.43816666666666,109.77236666666666,119.22048124999999,112.38578125,123.55338124999999,103.05338124999999,127.88628124999998,93.72098125,130.43011666666666,121.42831666666667,135.76291666666668,108.76291666666667,141.09571666666668,96.09751666666666,129.60546666666667,120.93706666666667,134.27166666666665,108.27166666666666,138.93786666666665,95.60626666666666,119.55388124999999,109.71858124999999,124.55338124999999,95.05338124999999,129.55288124999998,80.38818124999999
167,98.048,85.7122,103.0475,66.0475,108.047,46.382799999999996,105.33895000000001,97.00395,107.33875,82.33875,109.33855,67.67355,132.61200000000002,120.27620000000002,135.94500000000002,98.94500000000002,139.27800000000002,77.61380000000003,105.4294,95.92750000000001,107.7625,79.2625,110.0956,62.597500000000004,105.26270000000001,101.59530000000001,107.2625,96.2625,109.26230000000001,90.9297,105.021,100.6868,106.6875,93.6875,108.354,86.6882,109.831475,102.996775,114.16437499999999,93.66437499999999,118.49727499999999,84.331975,106.9297,97.92790000000001,112.2625,85.2625,117.59530000000001,72.5971,106.5213,97.8529,111.1875,85.1875,115.8537,72.5221,110.164875,100.32957499999999,115.16437499999999,85.66437499999999,120.16387499999999,70.999175
168,91.74883333333334,79.41303333333333,96.74833333333333,59.748333333333335,101.74783333333333,40.08363333333333,94.29978333333334,85.96478333333333,96.29958333333333,71.29958333333333,98.29938333333334,56.63438333333333,121.66825000000001,109.33245000000001,125.00125000000001,88.00125000000001,128.33425000000003,66.67005,91.97273333333334,82.47083333333335,94.30583333333334,65.80583333333334,96.63893333333334,49.14083333333334,91.80603333333335,88.13863333333335,93.80583333333334,82.80583333333334,95.80563333333333,77.47303333333333,91.49266666666668,87.15846666666668,93.15916666666668,80.15916666666668,94.82566666666668,73.15986666666667,99.68919271743592,92.85449271743592,104.02209271743591,83.52209271743591,108.3549927174359,74.18969271743592,93.47303333333333,84.47123333333334,98.80583333333334,71.80583333333334,104.13863333333335,59.140433333333334,92.99296666666667,84.32456666666668,97.65916666666668,71.65916666666668,102.32536666666668,58.99376666666667,100.02259271743591,90.18729271743591,105.02209271743591,75.52209271743591,110.02159271743591,60.85689271743591
169,116.5505,104.2147,121.55,84.55,126.5495,64.8853,121.44728333333335,113.11228333333334,123.44708333333334,98.44708333333334,125.44688333333335,83.78188333333334,148.27408333333332,135.93828333333332,151.60708333333332,114.60708333333332,154.94008333333332,93.27588333333333,119.73023333333333,110.22833333333334,122.06333333333333,93.56333333333333,124.39643333333333,76.89833333333334,119.56353333333334,115.89613333333334,121.56333333333333,110.56333333333333,123.56313333333333,105.23053333333333,119.15766666666666,114.82346666666666,120.82416666666666,107.82416666666666,122.49066666666666,100.82486666666665,107.158025,100.323325,111.49092499999999,90.99092499999999,115.82382499999999,81.658525,121.23053333333333,112.22873333333334,126.56333333333333,99.56333333333333,131.89613333333332,86.89793333333333,120.65796666666665,111.98956666666666,125.32416666666666,99.32416666666666,129.99036666666666,86.65876666666665,107.49142499999999,97.65612499999999,112.49092499999999,82.99092499999999,117.49042499999999,68.32572499999999
170,103.75633333333333,91.42053333333332,108.75583333333333,71.75583333333333,113.75533333333333,52.091133333333325,121.89186666666667,113.55686666666666,123.89166666666667,98.89166666666667,125.89146666666667,84.22646666666667,149.65533333333332,137.3195333333333,152.98833333333332,115.98833333333332,156.3213333333333,94.65713333333332,122.25523333333332,112.75333333333333,124.58833333333332,96.08833333333332,126.92143333333333,79.42333333333332,122.08853333333333,118.42113333333333,124.08833333333332,113.08833333333332,126.08813333333333,107.75553333333332,120.68891666666667,116.35471666666668,122.35541666666667,109.35541666666667,124.02191666666667,102.35611666666667,111.05680625000001,104.22210625000001,115.38970625,94.88970625,119.72260625,85.55730625000001,123.75553333333332,114.75373333333333,129.0883333333333,102.08833333333332,134.42113333333333,89.42293333333332,122.18921666666667,113.52081666666668,126.85541666666667,100.85541666666667,131.52161666666666,88.19001666666666,111.39020625,101.55490625,116.38970625,86.88970625,121.38920625,72.22450625
171,106.05841666666666,93.72261666666665,111.05791666666666,74.05791666666666,116.05741666666665,54.39321666666665,121.53145,113.19645,123.53125,98.53125,125.53105,83.86605,162.2495,149.9137,165.5825,128.5825,168.9155,107.25130000000001,125.71856666666666,116.21666666666667,128.05166666666668,99.55166666666666,130.38476666666665,82.88666666666666,125.55186666666667,121.88446666666667,127.55166666666666,116.55166666666666,129.55146666666667,111.21886666666666,123.44141666666667,119.10721666666667,125.10791666666667,112.10791666666667,126.77441666666667,105.10861666666666,113.56767500000001,106.73297500000001,117.900575,97.400575,122.233475,88.068175,127.21886666666666,118.21706666666667,132.55166666666668,105.55166666666666,137.88446666666667,92.88626666666666,124.94171666666666,116.27331666666667,129.60791666666665,103.60791666666667,134.27411666666666,90.94251666666666,113.901075,104.065775,118.900575,89.400575,123.900075,74.735375
172,115.14841666666668,102.81261666666667,120.14791666666667,83.14791666666667,125.14741666666667,63.48321666666667,121.69061666666668,113.35561666666668,123.69041666666668,98.69041666666668,125.69021666666669,84.02521666666668,171.09033333333332,158.7545333333333,174.42333333333332,137.42333333333332,177.75633333333332,116.09213333333332,124.48356666666666,114.98166666666667,126.81666666666666,98.31666666666666,129.14976666666666,81.65166666666667,124.31686666666667,120.64946666666667,126.31666666666666,115.31666666666666,128.31646666666666,109.98386666666666,123.70808333333335,119.37388333333335,125.37458333333335,112.37458333333335,127.04108333333335,105.37528333333334,116.99163125,110.15693125,121.32453124999999,100.82453124999999,125.65743124999999,91.49213125,125.98386666666666,116.98206666666667,131.31666666666666,104.31666666666666,136.64946666666665,91.65126666666666,125.20838333333334,116.53998333333335,129.87458333333336,103.87458333333335,134.54078333333334,91.20918333333334,117.32503125,107.48973124999999,122.32453124999999,92.82453124999999,127.32403124999999,78.15933125
173,60.14258333333334,47.80678333333334,65.14208333333335,28.14208333333334,70.14158333333334,8.477383333333336,125.74103333333335,117.40603333333334,127.74083333333334,102.74083333333334,129.74063333333334,88.07563333333334,146.34033333333332,134.0045333333333,149.67333333333332,112.67333333333332,153.00633333333332,91.34213333333332,108.74231666666667,99.24041666666668,111.07541666666667,82.57541666666667,113.40851666666667,65.91041666666666,108.57561666666668,104.90821666666668,110.57541666666667,99.57541666666667,112.57521666666668,94.24261666666666,108.23475,103.90055000000001,109.90125,96.90125,111.56775,89.90195,107.9741,101.13940000000001,112.307,91.807,116.6399,82.47460000000001,110.24261666666666,101.24081666666667,115.57541666666667,88.57541666666667,120.90821666666668,75.91001666666666,109.73505,101.06665000000001,114.40125,88.40125,119.06745000000001,75.73585,108.3075,98.4722,113.307,83.807,118.3065,69.1418
174,64.72591666666666,52.39011666666667,69.72541666666666,32.72541666666667,74.72491666666667,13.060716666666664,78.5052,70.1702,80.505,55.504999999999995,82.50479999999999,40.8398,135.01033333333334,122.67453333333333,138.34333333333333,101.34333333333333,141.67633333333333,80.01213333333334,83.27565,73.77375,85.60875,57.10875,87.94185,40.44375,83.10895000000001,79.44155,85.10875,74.10875,87.10855000000001,68.77595,82.4135,78.0793,84.08,71.08,85.7465,64.0807,109.927025,103.092325,114.259925,93.759925,118.59282499999999,84.427525,84.77595,75.77415,90.10875,63.10875,95.44155,50.443349999999995,83.9138,75.2454,88.58,62.58,93.2462,49.91459999999999,110.260425,100.425125,115.259925,85.759925,120.259425,71.094725
175,65.88841666666666,53.552616666666665,70.88791666666665,33.88791666666666,75.88741666666667,14.223216666666659,64.38811666666666,56.05311666666666,66.38791666666665,41.38791666666666,68.38771666666666,26.722716666666663,119.38491666666667,107.04911666666666,122.71791666666667,85.71791666666667,126.05091666666667,64.38671666666667,76.38606666666666,66.88416666666667,78.71916666666667,50.219166666666666,81.05226666666667,33.55416666666667,76.21936666666667,72.55196666666667,78.21916666666667,67.21916666666667,80.21896666666666,61.88636666666667,75.10308333333333,70.76888333333333,76.76958333333333,63.76958333333333,78.43608333333333,56.770283333333325,83.84748125,77.01278125,88.18038125,67.68038125,92.51328124999999,58.34798125,77.88636666666666,68.88456666666667,83.21916666666667,56.219166666666666,88.55196666666667,43.55376666666666,76.60338333333333,67.93498333333334,81.26958333333333,55.26958333333333,85.93578333333333,42.604183333333324,84.18088125,74.34558125,89.18038125,59.680381249999996,94.17988125,45.01518125
176,125.16758333333333,112.83178333333332,130.16708333333332,93.16708333333332,135.16658333333334,73.50238333333331,123.66728333333333,115.33228333333332,125.66708333333332,100.66708333333332,127.66688333333332,86.00188333333332,160.04616666666666,147.71036666666666,163.37916666666666,126.37916666666666,166.71216666666666,105.04796666666667,98.12689999999999,88.625,100.46,71.96,102.7931,55.294999999999995,97.9602,94.2928,99.96,88.96,101.9598,83.62719999999999,91.98558333333334,87.65138333333334,93.65208333333334,80.65208333333334,95.31858333333334,73.65278333333333,111.69884375,104.86414375,116.03174374999999,95.53174374999999,120.36464374999998,86.19934375,99.62719999999999,90.6254,104.96,77.96,110.2928,65.29459999999999,93.48588333333333,84.81748333333334,98.15208333333334,72.15208333333334,102.81828333333334,59.48668333333333,112.03224374999999,102.19694374999999,117.03174374999999,87.53174374999999,122.03124374999999,72.86654374999999
177,110.24924999999999,97.91344999999998,115.24874999999999,78.24874999999999,120.24824999999998,58.58404999999998,109.09478333333334,100.75978333333333,111.09458333333333,86.09458333333333,113.09438333333333,71.42938333333333,122.45700000000001,110.1212,125.79,88.79,129.12300000000002,67.4588,102.01565,92.51375,104.34875,75.84875,106.68185,59.183749999999996,101.84895,98.18155,103.84875,92.84875,105.84854999999999,87.51594999999999,101.73683333333332,97.40263333333333,103.40333333333332,90.40333333333332,105.06983333333332,83.40403333333332,101.10132499999999,94.26662499999999,105.43422499999998,84.93422499999998,109.76712499999998,75.60182499999999,103.51594999999999,94.51415,108.84875,81.84875,114.18155,69.18334999999999,103.23713333333332,94.56873333333333,107.90333333333332,81.90333333333332,112.56953333333333,69.23793333333332,101.43472499999999,91.59942499999998,106.43422499999998,76.93422499999998,111.43372499999998,62.269024999999985
178,117.013,104.6772,122.0125,85.0125,127.012,65.3478,115.51978333333334,107.18478333333333,117.51958333333333,92.51958333333333,119.51938333333334,77.85438333333333,130.11033333333333,117.77453333333332,133.44333333333333,96.44333333333333,136.77633333333333,75.11213333333333,115.38481666666667,105.88291666666667,117.71791666666667,89.21791666666667,120.05101666666667,72.55291666666668,115.21811666666667,111.55071666666667,117.21791666666667,106.21791666666667,119.21771666666666,100.88511666666666,114.74891666666666,110.41471666666666,116.41541666666666,103.41541666666666,118.08191666666666,96.41611666666665,119.4093875,112.5746875,123.74228749999999,103.24228749999999,128.0751875,93.9098875,116.88511666666666,107.88331666666667,122.21791666666667,95.21791666666667,127.55071666666667,82.55251666666666,116.24921666666665,107.58081666666666,120.91541666666666,94.91541666666666,125.58161666666666,82.25001666666665,119.74278749999999,109.90748749999999,124.74228749999999,95.24228749999999,129.7417875,80.57708749999999
179,120.4255,108.0897,125.425,88.425,130.4245,68.7603,118.9252,110.5902,120.925,95.925,122.9248,81.2598,129.18616666666665,116.85036666666666,132.51916666666665,95.51916666666666,135.85216666666668,74.18796666666665,118.8094,109.3075,121.1425,92.6425,123.4756,75.97749999999999,118.6427,114.9753,120.6425,109.6425,122.6423,104.30969999999999,115.90641666666667,111.57221666666668,117.57291666666667,104.57291666666667,119.23941666666667,97.57361666666667,106.0518875,99.21718750000001,110.3847875,89.8847875,114.7176875,80.55238750000001,120.30969999999999,111.3079,125.6425,98.6425,130.9753,85.9771,117.40671666666667,108.73831666666668,122.07291666666667,96.07291666666667,126.73911666666667,83.40751666666667,106.3852875,96.5499875,111.3847875,81.8847875,116.3842875,67.2195875
180,102.66466666666668,90.32886666666667,107.66416666666667,70.66416666666667,112.66366666666667,50.99946666666667,117.94561666666668,109.61061666666667,119.94541666666667,94.94541666666667,121.94521666666668,80.28021666666667,146.6695,134.3337,150.0025,113.0025,153.3355,91.6713,111.17898333333333,101.67708333333334,113.51208333333334,85.01208333333334,115.84518333333334,68.34708333333333,111.01228333333334,107.34488333333334,113.01208333333334,102.01208333333334,115.01188333333334,96.67928333333333,102.45391666666666,98.11971666666666,104.12041666666666,91.12041666666666,105.78691666666666,84.12111666666665,89.02229375,82.18759375,93.35519375,72.85519375,97.68809375,63.52279375,112.67928333333333,103.67748333333334,118.01208333333334,91.01208333333334,123.34488333333334,78.34668333333333,103.95421666666665,95.28581666666666,108.62041666666666,82.62041666666666,113.28661666666666,69.95501666666665,89.35569375,79.52039375,94.35519375,64.85519375,99.35469375,50.18999375
181,56.42550000000001,44.08970000000001,61.425000000000004,24.425000000000004,66.42450000000001,4.760300000000001,54.925200000000004,46.5902,56.925000000000004,31.925000000000004,58.924800000000005,17.259800000000006,119.25991666666667,106.92411666666666,122.59291666666667,85.59291666666667,125.92591666666667,64.26171666666667,59.28856666666667,49.78666666666667,61.62166666666667,33.12166666666667,63.95476666666667,16.45666666666667,59.12186666666667,55.45446666666667,61.12166666666667,50.12166666666667,63.12146666666667,44.78886666666667,51.04225,46.70805,52.70875,39.70875,54.37525,32.709450000000004,37.90938760094017,31.074687600940173,42.24228760094017,21.742287600940173,46.575187600940176,12.409887600940174,60.78886666666667,51.78706666666667,66.12166666666667,39.12166666666667,71.45446666666668,26.456266666666668,52.54255,43.87415,57.20875,31.208750000000002,61.87495,18.54335,38.242787600940176,28.407487600940172,43.24228760094017,13.742287600940173,48.24178760094017,-0.9229123990598254
182,8.378416666666666,-3.9573833333333317,13.377916666666668,-23.622083333333332,18.37741666666667,-43.28678333333334,6.878116666666667,-1.4568833333333329,8.877916666666668,-16.122083333333332,10.877716666666668,-30.78728333333333,45.20491666666667,32.86911666666667,48.53791666666667,11.537916666666668,51.870916666666666,-9.793283333333335,-48.958933333333334,-58.46083333333333,-46.62583333333333,-75.12583333333333,-44.29273333333333,-91.79083333333332,-49.12563333333333,-52.793033333333334,-47.12583333333333,-58.12583333333333,-45.12603333333333,-63.45863333333333,-84.439,-88.77319999999999,-82.7725,-95.7725,-81.106,-102.7718,57.9857392391453,51.151039239145305,62.318639239145305,41.818639239145305,66.65153923914531,32.486239239145306,-47.45863333333333,-56.460433333333334,-42.12583333333333,-69.12583333333333,-36.793033333333334,-81.79123333333334,-82.9387,-91.60709999999999,-78.2725,-104.2725,-73.60629999999999,-116.9379,58.31913923914531,48.483839239145304,63.318639239145305,33.818639239145305,68.31813923914531,19.153439239145307
183,33.68425,21.34845,38.68375,1.6837499999999999,43.68325,-17.980950000000004,32.18395,23.848950000000002,34.18375,9.18375,36.18355,-5.481449999999999,93.95283333333334,81.61703333333334,97.28583333333334,60.28583333333334,100.61883333333334,38.95463333333334,57.21148333333333,47.70958333333333,59.54458333333333,31.04458333333333,61.87768333333333,14.37958333333333,57.04478333333333,53.37738333333333,59.04458333333333,48.04458333333333,61.04438333333333,42.71178333333333,55.59975000000001,51.265550000000005,57.26625000000001,44.26625000000001,58.932750000000006,37.26695000000001,61.253685962735034,54.418985962735036,65.58658596273503,45.086585962735036,69.91948596273504,35.754185962735036,58.71178333333333,49.70998333333333,64.04458333333332,37.04458333333333,69.37738333333333,24.379183333333327,57.10005,48.431650000000005,61.76625000000001,35.76625000000001,66.43245,23.100850000000005,61.58708596273504,51.751785962735035,66.58658596273503,37.086585962735036,71.58608596273504,22.421385962735037
184,75.64841666666666,63.31261666666666,80.64791666666666,43.64791666666666,85.64741666666666,23.983216666666657,74.14811666666667,65.81311666666666,76.14791666666666,51.14791666666666,78.14771666666667,36.48271666666666,113.22741666666666,100.89161666666665,116.56041666666665,79.56041666666665,119.89341666666665,58.22921666666665,88.6844,79.1825,91.0175,62.5175,93.3506,45.8525,88.5177,84.8503,90.5175,79.5175,92.5173,74.18469999999999,89.99558333333333,85.66138333333333,91.66208333333333,78.66208333333333,93.32858333333333,71.66278333333332,108.18445625,101.34975625,112.51735624999999,92.01735624999999,116.85025624999999,82.68495625,90.18469999999999,81.1829,95.5175,68.5175,100.8503,55.85209999999999,91.49588333333332,82.82748333333333,96.16208333333333,70.16208333333333,100.82828333333333,57.49668333333332,108.51785625,98.68255624999999,113.51735624999999,84.01735624999999,118.51685624999999,69.35215625
185,82.51508333333334,70.17928333333333,87.51458333333333,50.514583333333334,92.51408333333333,30.84988333333333,94.96145000000001,86.62645,96.96125,71.96125,98.96105,57.29605000000001,132.74200000000002,120.40620000000001,136.07500000000002,99.07500000000002,139.40800000000002,77.74380000000002,68.50314999999999,59.00124999999999,70.83624999999999,42.33624999999999,73.16935,25.671249999999993,68.33645,64.66905,70.33624999999999,59.33624999999999,72.33605,54.003449999999994,69.69683333333333,65.36263333333333,71.36333333333333,58.36333333333333,73.02983333333333,51.364033333333325,89.23996249999999,82.40526249999999,93.57286249999999,73.07286249999999,97.90576249999998,63.740462499999985,70.00344999999999,61.00164999999999,75.33624999999999,48.33624999999999,80.66905,35.67084999999999,71.19713333333333,62.52873333333333,75.86333333333333,49.86333333333333,80.52953333333333,37.197933333333324,89.57336249999999,79.73806249999998,94.57286249999999,65.07286249999999,99.57236249999998,50.40766249999999
186,104.20508333333333,91.86928333333333,109.20458333333333,72.20458333333333,114.20408333333333,52.53988333333333,102.70478333333334,94.36978333333333,104.70458333333333,79.70458333333333,106.70438333333334,65.03938333333333,134.59575,122.25995,137.92875,100.92875000000001,141.26175,79.59755000000001,110.13231666666667,100.63041666666668,112.46541666666667,83.96541666666667,114.79851666666667,67.30041666666668,109.96561666666668,106.29821666666668,111.96541666666667,100.96541666666667,113.96521666666666,95.63261666666666,105.53516666666667,101.20096666666667,107.20166666666667,94.20166666666667,108.86816666666667,87.20236666666666,109.4799875,102.6452875,113.81288749999999,93.31288749999999,118.14578749999998,83.98048749999998,111.63261666666666,102.63081666666668,116.96541666666667,89.96541666666667,122.29821666666668,77.30001666666666,107.03546666666666,98.36706666666667,111.70166666666667,85.70166666666667,116.36786666666667,73.03626666666666,109.81338749999999,99.97808749999999,114.81288749999999,85.31288749999999,119.81238749999999,70.64768749999999
187,88.53341666666667,76.19761666666666,93.53291666666667,56.532916666666665,98.53241666666666,36.86821666666666,89.53353333333335,81.19853333333334,91.53333333333335,66.53333333333335,93.53313333333335,51.86813333333335,124.64866666666667,112.31286666666666,127.98166666666667,90.98166666666667,131.31466666666668,69.65046666666666,103.07356666666668,93.57166666666669,105.40666666666668,76.90666666666668,107.73976666666668,60.24166666666668,102.90686666666669,99.23946666666669,104.90666666666668,93.90666666666668,106.90646666666669,88.57386666666667,97.71516666666666,93.38096666666667,99.38166666666666,86.38166666666666,101.04816666666666,79.38236666666666,86.1813875,79.3466875,90.5142875,70.0142875,94.84718749999999,60.681887499999995,104.57386666666667,95.57206666666669,109.90666666666668,82.90666666666668,115.23946666666669,70.24126666666668,99.21546666666666,90.54706666666667,103.88166666666666,77.88166666666666,108.54786666666666,65.21626666666666,86.5147875,76.6794875,91.5142875,62.014287499999995,96.51378749999999,47.349087499999996
188,61.42966666666667,49.09386666666667,66.42916666666667,29.429166666666667,71.42866666666667,9.764466666666664,59.92936666666667,51.594366666666666,61.92916666666667,36.92916666666667,63.92896666666667,22.26396666666667,101.64075,89.30494999999999,104.97375,67.97375,108.30675,46.64254999999999,84.14065,74.63875,86.47375,57.973749999999995,88.80685,41.308749999999996,83.97395,80.30655,85.97375,74.97375,87.97354999999999,69.64094999999999,81.97475,77.64055,83.64125,70.64125,85.30775,63.641949999999994,106.16157500000001,99.32687500000002,110.49447500000001,89.99447500000001,114.827375,80.66207500000002,85.64094999999999,76.63915,90.97375,63.973749999999995,96.30655,51.30834999999999,83.47505,74.80665,88.14125,62.14125,92.80745,49.475849999999994,106.49497500000001,96.65967500000001,111.49447500000001,81.99447500000001,116.493975,67.32927500000001
189,62.58050000000001,50.24470000000001,67.58000000000001,30.580000000000005,72.57950000000001,10.915300000000002,61.080200000000005,52.745200000000004,63.080000000000005,38.080000000000005,65.0798,23.414800000000007,95.47824999999999,83.14244999999998,98.81124999999999,61.81124999999999,102.14424999999999,40.480049999999984,90.63689999999998,81.13499999999999,92.96999999999998,64.46999999999998,95.30309999999999,47.804999999999986,90.47019999999999,86.80279999999999,92.46999999999998,81.46999999999998,94.46979999999999,76.13719999999998,90.28141666666667,85.94721666666668,91.94791666666667,78.94791666666667,93.61441666666667,71.94861666666667,105.58949375000002,98.75479375000002,109.92239375000001,89.42239375000001,114.25529375,80.08999375000002,92.13719999999998,83.13539999999999,97.46999999999998,70.46999999999998,102.80279999999999,57.80459999999998,91.78171666666667,83.11331666666668,96.44791666666667,70.44791666666667,101.11411666666667,57.782516666666666,105.92289375000001,96.08759375000001,110.92239375000001,81.42239375000001,115.92189375000001,66.75719375000001
190,110.10758333333334,97.77178333333333,115.10708333333334,78.10708333333334,120.10658333333333,58.44238333333333,117.80728333333333,109.47228333333332,119.80708333333332,94.80708333333332,121.80688333333333,80.14188333333333,131.79075,119.45495,135.12375,98.12375,138.45675,76.79255,116.22231666666666,106.72041666666667,118.55541666666666,90.05541666666666,120.88851666666666,73.39041666666665,116.05561666666667,112.38821666666666,118.05541666666666,107.05541666666666,120.05521666666667,101.72261666666665,113.49391666666666,109.15971666666667,115.16041666666666,102.16041666666666,116.82691666666666,95.16111666666666,113.09089999999999,106.25619999999999,117.42379999999999,96.92379999999999,121.75669999999998,87.5914,117.72261666666665,108.72081666666666,123.05541666666666,96.05541666666666,128.38821666666666,83.39001666666665,114.99421666666666,106.32581666666667,119.66041666666666,93.66041666666666,124.32661666666667,80.99501666666666,113.42429999999999,103.58899999999998,118.42379999999999,88.92379999999999,123.42329999999998,74.25859999999999
191,107.44716666666667,95.11136666666667,112.44666666666667,75.44666666666667,117.44616666666667,55.78196666666667,116.12686666666667,107.79186666666666,118.12666666666667,93.12666666666667,120.12646666666666,78.46146666666667,134.30741666666665,121.97161666666665,137.64041666666665,100.64041666666665,140.97341666666665,79.30921666666666,105.01315,95.51125,107.34625,78.84625,109.67935,62.18125,104.84645,101.17905,106.84625,95.84625,108.84604999999999,90.51344999999999,95.55516666666668,91.22096666666668,97.22166666666668,84.22166666666668,98.88816666666668,77.22236666666667,101.06598125,94.23128125,105.39888124999999,84.89888124999999,109.73178124999998,75.56648124999998,106.51344999999999,97.51165,111.84625,84.84625,117.17905,72.18084999999999,97.05546666666667,88.38706666666668,101.72166666666668,75.72166666666668,106.38786666666668,63.05626666666667,101.39938124999999,91.56408124999999,106.39888124999999,76.89888124999999,111.39838124999999,62.23368124999999
192,101.55924999999999,89.22344999999999,106.55874999999999,69.55874999999999,111.55824999999999,49.894049999999986,109.47353333333335,101.13853333333334,111.47333333333334,86.47333333333334,113.47313333333335,71.80813333333334,140.11158333333333,127.77578333333332,143.44458333333333,106.44458333333333,146.77758333333333,85.11338333333333,89.20148333333333,79.69958333333334,91.53458333333333,63.03458333333333,93.86768333333333,46.36958333333333,89.03478333333334,85.36738333333334,91.03458333333333,80.03458333333333,93.03438333333332,74.70178333333332,75.87266666666667,71.53846666666668,77.53916666666667,64.53916666666667,79.20566666666667,57.53986666666667,104.29274375,97.45804375,108.62564375,88.12564375,112.95854374999999,78.79324374999999,90.70178333333332,81.69998333333334,96.03458333333333,69.03458333333333,101.36738333333334,56.369183333333325,77.37296666666667,68.70456666666668,82.03916666666667,56.039166666666674,86.70536666666668,43.37376666666667,104.62614375,94.79084375,109.62564375,80.12564375,114.62514374999999,65.46044375
193,113.35383333333334,101.01803333333334,118.35333333333334,81.35333333333334,123.35283333333334,61.688633333333335,111.85353333333335,103.51853333333334,113.85333333333334,88.85333333333334,115.85313333333335,74.18813333333334,142.87075,130.53494999999998,146.20374999999999,109.20374999999999,149.53674999999998,87.87254999999999,98.67856666666667,89.17666666666668,101.01166666666667,72.51166666666667,103.34476666666667,55.84666666666667,98.51186666666668,94.84446666666668,100.51166666666667,89.51166666666667,102.51146666666668,84.17886666666666,92.47058333333334,88.13638333333334,94.13708333333334,81.13708333333334,95.80358333333334,74.13778333333333,84.6252875,77.7905875,88.9581875,68.4581875,93.29108749999999,59.125787499999994,100.17886666666666,91.17706666666668,105.51166666666667,78.51166666666667,110.84446666666668,65.84626666666666,93.97088333333333,85.30248333333334,98.63708333333334,72.63708333333334,103.30328333333334,59.97168333333333,84.9586875,75.12338749999999,89.9581875,60.458187499999994,94.95768749999999,45.792987499999995
194,101.503,89.1672,106.5025,69.5025,111.502,49.837799999999994,100.0027,91.6677,102.0025,77.0025,104.00229999999999,62.3373,128.71741666666665,116.38161666666666,132.05041666666665,95.05041666666666,135.38341666666668,73.71921666666665,95.14981666666667,85.64791666666667,97.48291666666667,68.98291666666667,99.81601666666667,52.31791666666667,94.98311666666667,91.31571666666667,96.98291666666667,85.98291666666667,98.98271666666668,80.65011666666666,82.6735,78.33930000000001,84.34,71.34,86.0065,64.3407,80.1671,73.3324,84.5,64.0,88.8329,54.6676,96.65011666666666,87.64831666666667,101.98291666666667,74.98291666666667,107.31571666666667,62.31751666666666,84.1738,75.50540000000001,88.84,62.84,93.5062,50.1746,80.5005,70.6652,85.5,56.0,90.4995,41.3348
195,31.86633333333333,19.53053333333333,36.86583333333333,-0.134166666666669,41.86533333333333,-19.798866666666672,30.39936666666667,22.064366666666672,32.39916666666667,7.39916666666667,34.39896666666667,-7.266033333333329,102.0445,89.7087,105.3775,68.3775,108.7105,47.046299999999995,32.44481666666667,22.94291666666667,34.77791666666667,6.277916666666666,37.111016666666664,-10.387083333333333,32.27811666666667,28.610716666666665,34.27791666666667,23.277916666666666,36.27771666666666,17.945116666666664,31.22225,26.88805,32.88875,19.888749999999998,34.55525,12.889449999999997,36.035431249999995,29.200731249999997,40.36833125,19.868331249999997,44.70123125,10.535931249999997,33.945116666666664,24.943316666666668,39.27791666666667,12.277916666666666,44.61071666666667,-0.3874833333333356,32.72255,24.05415,37.38875,11.388749999999998,42.05495,-1.2766500000000036,36.36883125,26.533531249999996,41.36833125,11.868331249999997,46.367831249999995,-2.7968687500000016
196,35.19716666666667,22.86136666666667,40.196666666666665,3.1966666666666654,45.19616666666667,-16.468033333333338,40.704366666666665,32.369366666666664,42.704166666666666,17.704166666666666,44.703966666666666,3.038966666666667,70.88033333333333,58.54453333333333,74.21333333333332,37.213333333333324,77.54633333333332,15.882133333333321,21.31273333333333,11.810833333333333,23.645833333333332,-4.854166666666668,25.97893333333333,-21.519166666666667,21.14603333333333,17.47863333333333,23.145833333333332,12.145833333333332,25.145633333333333,6.8130333333333315,14.628916666666665,10.294716666666666,16.295416666666668,3.295416666666666,17.961916666666667,-3.7038833333333354,62.256359526410264,55.42165952641027,66.58925952641027,46.08925952641027,70.92215952641027,36.75685952641027,22.813033333333333,13.811233333333334,28.145833333333332,1.1458333333333321,33.478633333333335,-11.51956666666667,16.129216666666665,7.460816666666667,20.795416666666668,-5.204583333333334,25.461616666666664,-17.869983333333337,62.58975952641027,52.754459526410265,67.58925952641027,38.08925952641027,72.58875952641027,23.424059526410268
197,73.39425,61.05845,78.39375,41.39375,83.39325,21.729049999999994,108.63311666666668,100.29811666666667,110.63291666666667,85.63291666666667,112.63271666666668,70.96771666666667,137.63241666666667,125.29661666666667,140.96541666666667,103.96541666666667,144.29841666666667,82.63421666666667,82.45731666666667,72.95541666666668,84.79041666666667,56.29041666666667,87.12351666666667,39.62541666666667,82.29061666666668,78.62321666666668,84.29041666666667,73.29041666666667,86.29021666666668,67.95761666666667,60.76391666666667,56.429716666666664,62.430416666666666,49.430416666666666,64.09691666666667,42.43111666666667,75.75071721273504,68.91601721273504,80.08361721273504,59.583617212735035,84.41651721273503,50.251217212735035,83.95761666666667,74.95581666666668,89.29041666666667,62.29041666666667,94.62321666666668,49.62501666666667,62.26421666666666,53.595816666666664,66.93041666666667,40.930416666666666,71.59661666666666,28.265016666666664,76.08411721273504,66.24881721273503,81.08361721273504,51.583617212735035,86.08311721273503,36.91841721273504
198,84.99925,72.66345,89.99875,52.99875,94.99825,33.33405,84.51978333333334,76.18478333333333,86.51958333333333,61.51958333333333,88.51938333333334,46.85438333333333,118.627,106.29119999999999,121.96,84.96,125.29299999999999,63.62879999999999,108.16314999999999,98.66125,110.49624999999999,81.99624999999999,112.82934999999999,65.33124999999998,107.99645,104.32905,109.99624999999999,98.99624999999999,111.99605,93.66344999999998,99.95308333333332,95.61888333333333,101.61958333333332,88.61958333333332,103.28608333333332,81.62028333333332,110.1039875,103.2692875,114.4368875,93.9368875,118.76978749999999,84.6044875,109.66344999999998,100.66165,114.99624999999999,87.99624999999999,120.32905,75.33084999999998,101.45338333333332,92.78498333333333,106.11958333333332,80.11958333333332,110.78578333333333,67.45418333333332,110.4373875,100.6020875,115.4368875,85.9368875,120.4363875,71.2716875
199,99.88675,87.55095,104.88625,67.88625,109.88575,48.22155,113.58228333333334,105.24728333333333,115.58208333333333,90.58208333333333,117.58188333333334,75.91688333333333,141.12908333333334,128.79328333333333,144.46208333333334,107.46208333333334,147.79508333333334,86.13088333333334,97.79106666666667,88.28916666666667,100.12416666666667,71.62416666666667,102.45726666666667,54.95916666666667,97.62436666666667,93.95696666666667,99.62416666666667,88.62416666666667,101.62396666666666,83.29136666666666,95.25225,90.91805000000001,96.91875,83.91875,98.58525,76.91945,102.93359375,96.09889375,107.26649375,86.76649375,111.59939374999999,77.43409374999999,99.29136666666666,90.28956666666667,104.62416666666667,77.62416666666667,109.95696666666667,64.95876666666666,96.75255,88.08415000000001,101.41875,75.41875,106.08495,62.75335,103.26699375,93.43169375,108.26649375,78.76649375,113.26599374999999,64.10129375
200,106.0155,93.6797,111.015,74.015,116.0145,54.3503,105.54811666666667,97.21311666666666,107.54791666666667,82.54791666666667,109.54771666666667,67.88271666666667,131.92616666666666,119.59036666666665,135.25916666666666,98.25916666666666,138.59216666666666,76.92796666666666,98.06148333333334,88.55958333333335,100.39458333333334,71.89458333333334,102.72768333333335,55.229583333333345,97.89478333333335,94.22738333333335,99.89458333333334,88.89458333333334,101.89438333333334,83.56178333333334,95.28099999999999,90.9468,96.94749999999999,83.94749999999999,98.61399999999999,76.94819999999999,102.9718625,96.1371625,107.3047625,86.8047625,111.63766249999999,77.4723625,99.56178333333334,90.55998333333335,104.89458333333334,77.89458333333334,110.22738333333335,65.22918333333334,96.78129999999999,88.1129,101.44749999999999,75.44749999999999,106.1137,62.782099999999986,103.3052625,93.4699625,108.3047625,78.8047625,113.3042625,64.1395625
201,95.98175,83.64595,100.98125,63.98125,105.98075,44.31655,116.83478333333335,108.49978333333334,118.83458333333334,93.83458333333334,120.83438333333334,79.16938333333334,138.81408333333334,126.47828333333334,142.14708333333334,105.14708333333334,145.48008333333334,83.81588333333335,105.31481666666667,95.81291666666668,107.64791666666667,79.14791666666667,109.98101666666668,62.482916666666675,105.14811666666668,101.48071666666668,107.14791666666667,96.14791666666667,109.14771666666667,90.81511666666667,95.60183333333333,91.26763333333334,97.26833333333333,84.26833333333333,98.93483333333333,77.26903333333333,95.80390625,88.96920625,100.13680624999999,79.63680624999999,104.46970624999999,70.30440625,106.81511666666667,97.81331666666668,112.14791666666667,85.14791666666667,117.48071666666668,72.48251666666667,97.10213333333333,88.43373333333334,101.76833333333333,75.76833333333333,106.43453333333333,63.102933333333326,96.13730625,86.30200624999999,101.13680624999999,71.63680624999999,106.13630624999999,56.971606249999994
202,76.9855,64.6497,81.985,44.985,86.9845,25.320299999999996,75.4852,67.1502,77.485,52.485,79.4848,37.8198,93.26783333333334,80.93203333333334,96.60083333333334,59.60083333333334,99.93383333333334,38.26963333333334,76.68773333333333,67.18583333333333,79.02083333333333,50.52083333333333,81.35393333333333,33.85583333333333,76.52103333333334,72.85363333333333,78.52083333333333,67.52083333333333,80.52063333333334,62.18803333333333,77.48308333333334,73.14888333333334,79.14958333333334,66.14958333333334,80.81608333333334,59.150283333333334,89.84738750000001,83.01268750000001,94.1802875,73.6802875,98.5131875,64.34788750000001,78.18803333333332,69.18623333333333,83.52083333333333,56.52083333333333,88.85363333333333,43.85543333333332,78.98338333333334,70.31498333333334,83.64958333333334,57.64958333333334,88.31578333333334,44.984183333333334,90.18078750000001,80.3454875,95.1802875,65.6802875,100.1797875,51.01508750000001
203,43.09216666666667,30.756366666666672,48.09166666666667,11.091666666666669,53.091166666666666,-8.573033333333335,41.59186666666667,33.25686666666667,43.59166666666667,18.59166666666667,45.59146666666667,3.92646666666667,90.85616666666667,78.52036666666666,94.18916666666667,57.189166666666665,97.52216666666666,35.85796666666666,31.28148333333333,21.779583333333335,33.61458333333333,5.114583333333332,35.94768333333333,-11.550416666666667,31.11478333333333,27.44738333333333,33.11458333333333,22.114583333333332,35.114383333333336,16.78178333333333,30.461833333333335,26.127633333333335,32.12833333333333,19.128333333333334,33.79483333333334,12.129033333333332,71.85572520188035,65.02102520188035,76.18862520188034,55.68862520188034,80.52152520188034,46.35622520188034,32.78178333333333,23.779983333333334,38.11458333333333,11.114583333333332,43.447383333333335,-1.5508166666666696,31.962133333333334,23.293733333333336,36.62833333333333,10.628333333333334,41.294533333333334,-2.037066666666668,72.18912520188034,62.35382520188034,77.18862520188034,47.68862520188034,82.18812520188034,33.02342520188034
204,118.623,106.2872,123.6225,86.6225,128.622,66.95779999999999,117.12270000000001,108.7877,119.1225,94.1225,121.1223,79.4573,134.13908333333333,121.80328333333333,137.47208333333333,100.47208333333333,140.80508333333333,79.14088333333333,93.17148333333334,83.66958333333335,95.50458333333334,67.00458333333334,97.83768333333335,50.339583333333344,93.00478333333335,89.33738333333335,95.00458333333334,84.00458333333334,97.00438333333335,78.67178333333334,91.86641666666667,87.53221666666667,93.53291666666667,80.53291666666667,95.19941666666666,73.53361666666666,110.5166594254701,103.6819594254701,114.84955942547009,94.34955942547009,119.18245942547009,85.01715942547008,94.67178333333334,85.66998333333335,100.00458333333334,73.00458333333334,105.33738333333335,60.33918333333334,93.36671666666666,84.69831666666667,98.03291666666667,72.03291666666667,102.69911666666667,59.36751666666666,110.85005942547009,101.01475942547009,115.84955942547009,86.34955942547009,120.84905942547009,71.68435942547009
205,115.64133333333334,103.30553333333333,120.64083333333333,83.64083333333333,125.64033333333333,63.97613333333333,114.14103333333334,105.80603333333333,116.14083333333333,91.14083333333333,118.14063333333334,76.47563333333333,137.70658333333333,125.37078333333332,141.03958333333333,104.03958333333333,144.37258333333332,82.70838333333333,105.51814999999999,96.01625,107.85125,79.35125,110.18435,62.686249999999994,105.35145,101.68405,107.35125,96.35125,109.35104999999999,91.01844999999999,84.11558333333333,79.78138333333334,85.78208333333333,72.78208333333333,87.44858333333333,65.78278333333333,101.3012,94.4665,105.63409999999999,85.13409999999999,109.96699999999998,75.80169999999998,107.01844999999999,98.01665,112.35125,85.35125,117.68405,72.68584999999999,85.61588333333333,76.94748333333334,90.28208333333333,64.28208333333333,94.94828333333334,51.61668333333333,101.63459999999999,91.79929999999999,106.63409999999999,77.13409999999999,111.63359999999999,62.46889999999999
206,125.83008333333333,113.49428333333333,130.82958333333335,93.82958333333333,135.82908333333333,74.16488333333334,124.32978333333334,115.99478333333333,126.32958333333333,101.32958333333333,128.32938333333334,86.66438333333333,130.29575,117.95994999999999,133.62875,96.62875,136.96175,75.29755,96.15231666666666,86.65041666666667,98.48541666666667,69.98541666666667,100.81851666666667,53.32041666666667,95.98561666666667,92.31821666666667,97.98541666666667,86.98541666666667,99.98521666666667,81.65261666666666,94.39516666666667,90.06096666666667,96.06166666666667,83.06166666666667,97.72816666666667,76.06236666666666,95.69665625,88.86195625,100.02955625,79.52955625,104.36245625,70.19715625,97.65261666666666,88.65081666666667,102.98541666666667,75.98541666666667,108.31821666666667,63.32001666666666,95.89546666666666,87.22706666666667,100.56166666666667,74.56166666666667,105.22786666666667,61.89626666666666,96.03005625,86.19475625,101.02955625,71.52955625,106.02905625,56.86435625
207,105.39591666666666,93.06011666666666,110.39541666666666,73.39541666666666,115.39491666666666,53.73071666666666,103.89561666666667,95.56061666666666,105.89541666666666,80.89541666666666,107.89521666666667,66.23021666666666,128.10533333333333,115.76953333333333,131.43833333333333,94.43833333333333,134.77133333333333,73.10713333333334,94.54356666666666,85.04166666666667,96.87666666666667,68.37666666666667,99.20976666666667,51.711666666666666,94.37686666666667,90.70946666666667,96.37666666666667,85.37666666666667,98.37646666666666,80.04386666666666,92.90141666666668,88.56721666666668,94.56791666666668,81.56791666666668,96.23441666666668,74.56861666666667,98.06834375,91.23364375,102.40124374999999,81.90124374999999,106.73414374999999,72.56884374999998,96.04386666666666,87.04206666666667,101.37666666666667,74.37666666666667,106.70946666666667,61.71126666666666,94.40171666666667,85.73331666666668,99.06791666666668,73.06791666666668,103.73411666666668,60.40251666666667,98.40174375,88.56644374999999,103.40124374999999,73.90124374999999,108.40074374999999,59.23604374999999
208,106.22675,93.89094999999999,111.22625,74.22625,116.22574999999999,54.56154999999999,104.72645,96.39144999999999,106.72625,81.72625,108.72604999999999,67.06105,129.03866666666667,116.70286666666667,132.37166666666667,95.37166666666667,135.70466666666667,74.04046666666667,98.30898333333333,88.80708333333334,100.64208333333333,72.14208333333333,102.97518333333333,55.47708333333333,98.14228333333334,94.47488333333334,100.14208333333333,89.14208333333333,102.14188333333334,83.80928333333333,96.53058333333334,92.19638333333334,98.19708333333334,85.19708333333334,99.86358333333334,78.19778333333333,97.73050625,90.89580625,102.06340625,81.56340625,106.39630625,72.23100625000001,99.80928333333333,90.80748333333334,105.14208333333333,78.14208333333333,110.47488333333334,65.47668333333333,98.03088333333334,89.36248333333334,102.69708333333334,76.69708333333334,107.36328333333334,64.03168333333333,98.06390625,88.22860625,103.06340625,73.56340625,108.06290625,58.89820625
209,75.51050000000001,63.17470000000001,80.51,43.510000000000005,85.5095,23.8453,74.01020000000001,65.6752,76.01,51.010000000000005,78.00980000000001,36.344800000000006,113.38991666666666,101.05411666666666,116.72291666666666,79.72291666666666,120.05591666666666,58.39171666666666,76.25189999999999,66.75,78.585,50.084999999999994,80.9181,33.419999999999995,76.0852,72.4178,78.085,67.085,80.0848,61.752199999999995,73.44391666666667,69.10971666666667,75.11041666666667,62.110416666666666,76.77691666666666,55.11111666666666,78.4350125,71.6003125,82.7679125,62.267912499999994,87.10081249999999,52.935512499999994,77.75219999999999,68.7504,83.085,56.084999999999994,88.4178,43.41959999999999,74.94421666666666,66.27581666666667,79.61041666666667,53.610416666666666,84.27661666666667,40.94501666666666,78.7684125,68.9331125,83.7679125,54.267912499999994,88.76741249999999,39.602712499999996
210,51.86175000000001,39.52595000000001,56.861250000000005,19.861250000000005,61.86075000000001,0.196550000000002,54.44395,46.10895,56.44375,31.44375,58.44355,16.778550000000003,75.417,63.0812,78.75,41.75,82.083,20.418799999999997,30.927316666666666,21.42541666666667,33.26041666666667,4.760416666666668,35.593516666666666,-11.904583333333331,30.760616666666667,27.093216666666667,32.76041666666667,21.760416666666668,34.760216666666665,16.427616666666665,24.654750000000003,20.320550000000004,26.321250000000003,13.321250000000003,27.987750000000002,6.321950000000001,58.317106249999995,51.48240625,62.65000625,42.15000625,66.98290625,32.81760625,32.427616666666665,23.42581666666667,37.76041666666667,10.760416666666668,43.09321666666667,-1.904983333333334,26.155050000000003,17.486650000000004,30.821250000000003,4.821250000000003,35.48745,-7.844149999999999,58.65050625,48.815206249999996,63.65000625,34.15000625,68.64950625,19.48480625
211,83.46883333333334,71.13303333333333,88.46833333333333,51.468333333333334,93.46783333333333,31.80363333333333,81.96853333333334,73.63353333333333,83.96833333333333,58.968333333333334,85.96813333333333,44.303133333333335,127.49116666666667,115.15536666666667,130.82416666666666,93.82416666666667,134.15716666666668,72.49296666666666,72.77481666666667,63.27291666666667,75.10791666666667,46.60791666666667,77.44101666666667,29.94291666666667,72.60811666666667,68.94071666666667,74.60791666666667,63.60791666666667,76.60771666666668,58.27511666666667,72.28266666666667,67.94846666666668,73.94916666666667,60.94916666666667,75.61566666666667,53.949866666666665,79.65778913820513,72.82308913820513,83.99068913820513,63.49068913820513,88.32358913820512,54.15828913820513,74.27511666666666,65.27331666666667,79.60791666666667,52.60791666666667,84.94071666666667,39.94251666666666,73.78296666666667,65.11456666666668,78.44916666666667,52.44916666666667,83.11536666666667,39.783766666666665,79.99118913820513,70.15588913820513,84.99068913820513,55.49068913820513,89.99018913820512,40.82548913820513
212,75.848,63.5122,80.8475,43.8475,85.847,24.182799999999993,101.14978333333335,92.81478333333334,103.14958333333334,78.14958333333334,105.14938333333333,63.48438333333334,118.92908333333334,106.59328333333333,122.26208333333334,85.26208333333334,125.59508333333333,63.930883333333334,82.26356666666666,72.76166666666667,84.59666666666666,56.096666666666664,86.92976666666667,39.431666666666665,82.09686666666667,78.42946666666667,84.09666666666666,73.09666666666666,86.09646666666666,67.76386666666666,79.06475,74.73055000000001,80.73125,67.73125,82.39775,60.73195,80.64265625,73.80795625,84.97555625,64.47555625,89.30845624999999,55.14315625,83.76386666666666,74.76206666666667,89.09666666666666,62.096666666666664,94.42946666666667,49.43126666666666,80.56505,71.89665000000001,85.23125,59.23125,89.89745,46.56585,80.97605625,71.14075625,85.97555625,56.47555625,90.97505625,41.81035625
213,66.9355,54.599700000000006,71.935,34.935,76.9345,15.270299999999999,65.43520000000001,57.1002,67.435,42.435,69.4348,27.769800000000004,93.027,80.6912,96.36,59.36,99.693,38.0288,63.72815,54.22625,66.06125,37.56125,68.39435,20.896250000000002,63.56145,59.89405,65.56125,54.56125,67.56105,49.22845,62.875166666666665,58.54096666666666,64.54166666666666,51.541666666666664,66.20816666666667,44.542366666666666,77.57238124999999,70.73768125,81.90528124999999,61.40528124999999,86.23818124999998,52.07288124999999,65.22845,56.22665,70.56125,43.56125,75.89405000000001,30.89585,64.37546666666667,55.70706666666666,69.04166666666666,43.041666666666664,73.70786666666666,30.376266666666663,77.90578124999999,68.07048124999999,82.90528124999999,53.40528124999999,87.90478124999998,38.74008124999999
214,42.98841666666667,30.652616666666674,47.98791666666667,10.98791666666667,52.987416666666675,-8.676783333333333,41.48811666666667,33.15311666666667,43.48791666666667,18.48791666666667,45.48771666666667,3.822716666666672,67.70616666666668,55.370366666666676,71.03916666666667,34.039166666666674,74.37216666666667,12.707966666666671,52.60273333333333,43.100833333333334,54.935833333333335,26.435833333333335,57.26893333333334,9.770833333333336,52.436033333333334,48.768633333333334,54.435833333333335,43.435833333333335,56.435633333333335,38.103033333333336,54.912666666666674,50.57846666666667,56.57916666666667,43.57916666666667,58.24566666666667,36.579866666666675,94.1997875,87.3650875,98.5326875,78.0326875,102.86558749999999,68.7002875,54.103033333333336,45.10123333333333,59.435833333333335,32.435833333333335,64.76863333333334,19.770433333333333,56.41296666666667,47.74456666666667,61.07916666666667,35.07916666666667,65.74536666666667,22.41376666666667,94.5331875,84.6978875,99.5326875,70.0326875,104.53218749999999,55.367487499999996
215,76.86008333333334,64.52428333333333,81.85958333333333,44.85958333333333,86.85908333333333,25.19488333333333,75.35978333333334,67.02478333333333,77.35958333333333,52.35958333333333,79.35938333333334,37.694383333333334,114.89366666666668,102.55786666666667,118.22666666666667,81.22666666666667,121.55966666666667,59.89546666666667,100.69731666666667,91.19541666666667,103.03041666666667,74.53041666666667,105.36351666666667,57.86541666666667,100.53061666666667,96.86321666666667,102.53041666666667,91.53041666666667,104.53021666666666,86.19761666666666,96.41141666666667,92.07721666666667,98.07791666666667,85.07791666666667,99.74441666666667,78.07861666666666,97.59400625,90.75930625000001,101.92690625,81.42690625,106.25980625,72.09450625,102.19761666666666,93.19581666666667,107.53041666666667,80.53041666666667,112.86321666666667,67.86501666666666,97.91171666666666,89.24331666666667,102.57791666666667,76.57791666666667,107.24411666666667,63.91251666666666,97.92740625,88.09210625,102.92690625,73.42690625,107.92640625,58.76170625
216,75.76091666666667,63.425116666666675,80.76041666666667,43.76041666666667,85.75991666666667,24.095716666666668,85.83478333333333,77.49978333333333,87.83458333333333,62.83458333333333,89.83438333333334,48.16938333333333,103.31616666666666,90.98036666666665,106.64916666666666,69.64916666666666,109.98216666666666,48.317966666666656,90.67148333333334,81.16958333333335,93.00458333333334,64.50458333333334,95.33768333333335,47.839583333333344,90.50478333333335,86.83738333333335,92.50458333333334,81.50458333333334,94.50438333333335,76.17178333333334,88.51808333333332,84.18388333333333,90.18458333333332,77.18458333333332,91.85108333333332,70.18528333333332,83.3729,76.5382,87.7058,67.2058,92.03869999999999,57.8734,92.17178333333334,83.16998333333335,97.50458333333334,70.50458333333334,102.83738333333335,57.83918333333334,90.01838333333332,81.34998333333333,94.68458333333332,68.68458333333332,99.35078333333333,56.01918333333332,83.7063,73.871,88.7058,59.205799999999996,93.7053,44.5406
217,34.59675,22.26095,39.59625,2.5962499999999977,44.595749999999995,-17.068450000000006,40.11436666666667,31.779366666666668,42.11416666666667,17.11416666666667,44.11396666666667,2.4489666666666707,74.4095,62.073699999999995,77.74249999999999,40.74249999999999,81.07549999999999,19.41129999999999,55.94231666666666,46.440416666666664,58.275416666666665,29.775416666666665,60.60851666666667,13.110416666666666,55.775616666666664,52.108216666666664,57.775416666666665,46.775416666666665,59.775216666666665,41.442616666666666,52.297666666666665,47.96346666666666,53.964166666666664,40.964166666666664,55.63066666666666,33.964866666666666,82.82178125,75.98708125,87.15468125,66.65468125,91.48758124999999,57.322281249999996,57.442616666666666,48.44081666666666,62.775416666666665,35.775416666666665,68.10821666666666,23.110016666666663,53.79796666666666,45.12956666666666,58.464166666666664,32.464166666666664,63.13036666666666,19.798766666666662,83.15518125,73.31988125,88.15468125,58.654681249999996,93.15418125,43.98948125
218,32.516333333333336,20.180533333333337,37.51583333333333,0.5158333333333331,42.51533333333333,-19.14886666666667,35.81561666666666,27.480616666666663,37.815416666666664,12.815416666666664,39.815216666666664,-1.8497833333333347,67.9945,55.6587,71.3275,34.3275,74.6605,12.996299999999998,15.923983333333332,6.422083333333333,18.257083333333334,-10.242916666666668,20.590183333333332,-26.907916666666665,15.757283333333332,12.089883333333333,17.757083333333334,6.757083333333332,19.756883333333334,1.4242833333333316,38.72225,34.38805,40.38875,27.38875,42.05525,20.38945,84.52340635094018,77.68870635094018,88.85630635094017,68.35630635094017,93.18920635094017,59.02390635094017,17.42428333333333,8.422483333333332,22.757083333333334,-4.242916666666668,28.089883333333333,-16.90831666666667,40.22255,31.554150000000003,44.88875,18.88875,49.554950000000005,6.22335,84.85680635094018,75.02150635094017,89.85630635094017,60.35630635094017,94.85580635094017,45.691106350940174
219,18.957583333333332,6.621783333333335,23.957083333333333,-13.042916666666667,28.956583333333334,-32.70761666666667,17.457283333333333,9.122283333333334,19.457083333333333,-5.542916666666667,21.456883333333334,-20.208116666666665,46.38158333333334,34.04578333333334,49.71458333333334,12.714583333333337,53.047583333333336,-8.616616666666665,19.9894,10.487500000000002,22.3225,-6.177499999999998,24.6556,-22.842499999999998,19.8227,16.1553,21.8225,10.822500000000002,23.822300000000002,5.489700000000001,37.34725,33.01305,39.01375,26.01375,40.68025,19.01445,83.59836875,76.76366875000001,87.93126875,67.43126875,92.26416875,58.09886875,21.489700000000003,12.487900000000003,26.8225,-0.17749999999999844,32.155300000000004,-12.8429,38.84755,30.179150000000003,43.51375,17.51375,48.179950000000005,4.84835,83.93176875,74.09646875,88.93126875,59.43126875,93.93076875,44.76606875
220,87.93175,75.59594999999999,92.93124999999999,55.93124999999999,97.93074999999999,36.26654999999999,86.43145,78.09644999999999,88.43124999999999,63.43124999999999,90.43105,48.76604999999999,107.55575,95.21995,110.88875,73.88875,114.22175,52.55755,91.02398333333333,81.52208333333334,93.35708333333334,64.85708333333334,95.69018333333334,48.192083333333336,90.85728333333334,87.18988333333334,92.85708333333334,81.85708333333334,94.85688333333334,76.52428333333333,73.61266666666667,69.27846666666667,75.27916666666667,62.27916666666667,76.94566666666667,55.27986666666666,92.7704375,85.9357375,97.1033375,76.6033375,101.43623749999999,67.2709375,92.52428333333333,83.52248333333334,97.85708333333334,70.85708333333334,103.18988333333334,58.19168333333333,75.11296666666667,66.44456666666667,79.77916666666667,53.77916666666667,84.44536666666667,41.11376666666666,93.1038375,83.2685375,98.1033375,68.6033375,103.10283749999999,53.938137499999996
221,101.883,89.54719999999999,106.8825,69.8825,111.88199999999999,50.21779999999999,100.3827,92.04769999999999,102.3825,77.3825,104.38229999999999,62.717299999999994,120.09366666666666,107.75786666666666,123.42666666666666,86.42666666666666,126.75966666666666,65.09546666666665,104.56606666666666,95.06416666666667,106.89916666666666,78.39916666666666,109.23226666666666,61.73416666666666,104.39936666666667,100.73196666666666,106.39916666666666,95.39916666666666,108.39896666666667,90.06636666666665,85.701,81.3668,87.36749999999999,74.36749999999999,89.03399999999999,67.36819999999999,106.8221375,99.9874375,111.15503749999999,90.65503749999999,115.48793749999999,81.32263749999998,106.06636666666665,97.06456666666666,111.39916666666666,84.39916666666666,116.73196666666666,71.73376666666665,87.20129999999999,78.5329,91.86749999999999,65.86749999999999,96.5337,53.20209999999999,107.1555375,97.32023749999999,112.15503749999999,82.65503749999999,117.15453749999999,67.9898375
222,107.1355,94.79969999999999,112.13499999999999,75.13499999999999,117.13449999999999,55.47029999999999,105.6352,97.30019999999999,107.63499999999999,82.63499999999999,109.63479999999998,67.96979999999999,114.56033333333333,102.22453333333333,117.89333333333333,80.89333333333333,121.22633333333333,59.56213333333333,100.94606666666665,91.44416666666666,103.27916666666665,74.77916666666665,105.61226666666666,58.114166666666655,100.77936666666666,97.11196666666666,102.77916666666665,91.77916666666665,104.77896666666666,86.44636666666665,94.09266666666666,89.75846666666666,95.75916666666666,82.75916666666666,97.42566666666666,75.75986666666665,92.95349375,86.11879375000001,97.28639375,76.78639375,101.61929375,67.45399375,102.44636666666665,93.44456666666666,107.77916666666665,80.77916666666665,113.11196666666666,68.11376666666665,95.59296666666665,86.92456666666666,100.25916666666666,74.25916666666666,104.92536666666666,61.59376666666665,93.28689375,83.45159375,98.28639375,68.78639375,103.28589375,54.12119375
223,68.95008333333334,56.61428333333334,73.94958333333334,36.94958333333334,78.94908333333333,17.284883333333333,67.44978333333334,59.114783333333335,69.44958333333334,44.44958333333334,71.44938333333334,29.784383333333338,87.17825,74.84245,90.51125,53.511250000000004,93.84425,32.18005,80.17523333333334,70.67333333333335,82.50833333333334,54.00833333333334,84.84143333333334,37.34333333333334,80.00853333333335,76.34113333333335,82.00833333333334,71.00833333333334,84.00813333333335,65.67553333333333,79.51891666666667,75.18471666666667,81.18541666666667,68.18541666666667,82.85191666666667,61.18611666666666,85.4984,78.6637,89.8313,69.3313,94.1642,59.9989,81.67553333333333,72.67373333333335,87.00833333333334,60.00833333333334,92.34113333333335,47.342933333333335,81.01921666666667,72.35081666666667,85.68541666666667,59.68541666666667,90.35161666666667,47.02001666666666,85.8318,75.9965,90.8313,61.3313,95.8308,46.6661
224,49.158,36.8222,54.1575,17.1575,59.157,-2.5072000000000045,47.6577,39.3227,49.6575,24.6575,51.6573,9.9923,77.89616666666667,65.56036666666667,81.22916666666667,44.22916666666667,84.56216666666667,22.89796666666667,66.91481666666667,57.41291666666667,69.24791666666667,40.74791666666667,71.58101666666667,24.08291666666667,66.74811666666668,63.08071666666667,68.74791666666667,57.74791666666667,70.74771666666666,52.41511666666667,65.27808333333334,60.94388333333334,66.94458333333334,53.94458333333334,68.61108333333334,46.945283333333336,89.05495624999999,82.22025624999999,93.38785624999998,72.88785624999998,97.72075624999998,63.555456249999985,68.41511666666666,59.41331666666667,73.74791666666667,46.74791666666667,79.08071666666667,34.08251666666666,66.77838333333334,58.10998333333334,71.44458333333334,45.44458333333334,76.11078333333334,32.779183333333336,89.38835624999999,79.55305624999998,94.38785624999998,64.88785624999998,99.38735624999998,50.222656249999986
225,77.1755,64.8397,82.175,45.175,87.1745,25.510299999999994,85.25770000000001,76.9227,87.25750000000001,62.25750000000001,89.25730000000001,47.59230000000001,102.50658333333334,90.17078333333333,105.83958333333334,68.83958333333334,109.17258333333334,47.508383333333335,104.73065000000001,95.22875000000002,107.06375000000001,78.56375000000001,109.39685000000001,61.898750000000014,104.56395000000002,100.89655000000002,106.56375000000001,95.56375000000001,108.56355000000002,90.23095,98.16933333333333,93.83513333333333,99.83583333333333,86.83583333333333,101.50233333333333,79.83653333333332,102.39625481367523,95.56155481367523,106.72915481367522,86.22915481367522,111.06205481367522,76.89675481367522,106.23095,97.22915000000002,111.56375000000001,84.56375000000001,116.89655000000002,71.89835000000001,99.66963333333332,91.00123333333333,104.33583333333333,78.33583333333333,109.00203333333333,65.67043333333332,102.72965481367523,92.89435481367522,107.72915481367522,78.22915481367522,112.72865481367522,63.563954813675224
226,55.364250000000006,43.02845000000001,60.36375,23.363750000000003,65.36325000000001,3.6990499999999997,62.097699999999996,53.762699999999995,64.0975,39.0975,66.09729999999999,24.432299999999998,80.21408333333333,67.87828333333333,83.54708333333333,46.54708333333333,86.88008333333333,25.21588333333333,95.22356666666667,85.72166666666668,97.55666666666667,69.05666666666667,99.88976666666667,52.39166666666667,95.05686666666668,91.38946666666668,97.05666666666667,86.05666666666667,99.05646666666667,80.72386666666667,93.18058333333333,88.84638333333334,94.84708333333333,81.84708333333333,96.51358333333333,74.84778333333333,105.16098125,98.32628125000001,109.49388125,88.99388125,113.82678125,79.66148125000001,96.72386666666667,87.72206666666668,102.05666666666667,75.05666666666667,107.38946666666668,62.39126666666667,94.68088333333333,86.01248333333334,99.34708333333333,73.34708333333333,104.01328333333333,60.681683333333325,105.49438125,95.65908125,110.49388125,80.99388125,115.49338125,66.32868125
227,24.752166666666664,12.416366666666667,29.751666666666665,-7.248333333333335,34.75116666666666,-26.91303333333334,114.01395000000001,105.67895,116.01375,91.01375,118.01355000000001,76.34855,116.19825,103.86245,119.53125,82.53125,122.86425,61.20005,111.93273333333333,102.43083333333334,114.26583333333333,85.76583333333333,116.59893333333333,69.10083333333333,111.76603333333334,108.09863333333334,113.76583333333333,102.76583333333333,115.76563333333334,97.43303333333333,108.11808333333333,103.78388333333334,109.78458333333333,96.78458333333333,111.45108333333333,89.78528333333333,100.04101250000001,93.20631250000001,104.3739125,83.8739125,108.7068125,74.54151250000001,113.43303333333333,104.43123333333334,118.76583333333333,91.76583333333333,124.09863333333334,79.10043333333333,109.61838333333333,100.94998333333334,114.28458333333333,88.28458333333333,118.95078333333333,75.61918333333332,100.3744125,90.5391125,105.3739125,75.8739125,110.3734125,61.208712500000004
228,32.409666666666666,20.073866666666667,37.409166666666664,0.40916666666666757,42.40866666666667,-19.255533333333336,165.78728333333333,157.45228333333333,167.78708333333333,142.78708333333333,169.78688333333332,128.12188333333333,118.57783333333334,106.24203333333334,121.91083333333334,84.91083333333334,125.24383333333334,63.57963333333334,112.67898333333333,103.17708333333334,115.01208333333334,86.51208333333334,117.34518333333334,69.84708333333333,112.51228333333334,108.84488333333334,114.51208333333334,103.51208333333334,116.51188333333334,98.17928333333333,107.71475000000001,103.38055000000001,109.38125000000001,96.38125000000001,111.04775000000001,89.38195,89.41180625,82.57710625,93.74470625,73.24470625,98.07760624999999,63.91230624999999,114.17928333333333,105.17748333333334,119.51208333333334,92.51208333333334,124.84488333333334,79.84668333333333,109.21505,100.54665000000001,113.88125000000001,87.88125000000001,118.54745000000001,75.21585,89.74520625,79.90990624999999,94.74470625,65.24470625,99.74420624999999,50.579506249999994
229,130.60549999999998,118.26969999999999,135.605,98.60499999999999,140.6045,78.94029999999998,143.05478333333335,134.71978333333334,145.05458333333334,120.05458333333334,147.05438333333333,105.38938333333334,117.51283333333335,105.17703333333334,120.84583333333335,83.84583333333335,124.17883333333334,62.51463333333334,109.66648333333332,100.16458333333333,111.99958333333332,83.49958333333332,114.33268333333332,66.83458333333331,109.49978333333333,105.83238333333333,111.49958333333332,100.49958333333332,113.49938333333333,95.16678333333331,106.15766666666666,101.82346666666666,107.82416666666666,94.82416666666666,109.49066666666666,87.82486666666665,86.57943125,79.74473125,90.91233125,70.41233125,95.24523124999999,61.079931249999994,111.16678333333331,102.16498333333332,116.49958333333332,89.49958333333332,121.83238333333333,76.83418333333331,107.65796666666665,98.98956666666666,112.32416666666666,86.32416666666666,116.99036666666666,73.65876666666665,86.91283125,77.07753124999999,91.91233125,62.412331249999994,96.91183124999999,47.747131249999995
230,131.37258333333332,119.03678333333333,136.37208333333334,99.37208333333334,141.37158333333335,79.70738333333333,129.87228333333334,121.53728333333333,131.87208333333334,106.87208333333334,133.87188333333333,92.20688333333334,107.16783333333333,94.83203333333333,110.50083333333333,73.50083333333333,113.83383333333333,52.16963333333333,87.18815000000001,77.68625000000002,89.52125000000001,61.02125000000001,91.85435000000001,44.35625000000001,87.02145000000002,83.35405000000002,89.02125000000001,78.02125000000001,91.02105,72.68845,82.93141666666666,78.59721666666667,84.59791666666666,71.59791666666666,86.26441666666666,64.59861666666666,68.7903156754701,61.95561567547009,73.12321567547009,52.62321567547009,77.45611567547009,43.29081567547009,88.68845,79.68665000000001,94.02125000000001,67.02125000000001,99.35405000000002,54.355850000000004,84.43171666666666,75.76331666666667,89.09791666666666,63.09791666666666,93.76411666666667,50.43251666666666,69.1237156754701,59.28841567547009,74.12321567547009,44.62321567547009,79.12271567547009,29.958015675470094
231,126.55758333333333,114.22178333333332,131.5570833333333,94.55708333333332,136.55658333333332,74.89238333333333,125.05728333333333,116.72228333333332,127.05708333333332,102.05708333333332,129.05688333333333,87.39188333333333,99.38658333333333,87.05078333333333,102.71958333333333,65.71958333333333,106.05258333333333,44.38838333333333,90.83231666666666,81.33041666666666,93.16541666666666,64.66541666666666,95.49851666666666,48.00041666666666,90.66561666666666,86.99821666666666,92.66541666666666,81.66541666666666,94.66521666666665,76.33261666666665,90.08683333333333,85.75263333333334,91.75333333333333,78.75333333333333,93.41983333333333,71.75403333333333,108.62856875,101.79386875,112.96146875,92.46146875,117.29436874999999,83.12906874999999,92.33261666666665,83.33081666666666,97.66541666666666,70.66541666666666,102.99821666666666,58.00001666666665,91.58713333333333,82.91873333333334,96.25333333333333,70.25333333333333,100.91953333333333,57.587933333333325,108.96196875,99.12666875,113.96146875,84.46146875,118.96096874999999,69.79626875
232,246.43716666666663,234.10136666666665,251.43666666666664,214.43666666666664,256.4361666666666,194.77196666666663,204.56728333333334,196.23228333333333,206.56708333333333,181.56708333333333,208.56688333333332,166.90188333333333,127.22741666666666,114.89161666666665,130.56041666666664,93.56041666666665,133.89341666666667,72.22921666666664,122.48273333333333,112.98083333333334,124.81583333333333,96.31583333333333,127.14893333333333,79.65083333333334,122.31603333333334,118.64863333333334,124.31583333333333,113.31583333333333,126.31563333333332,107.98303333333332,118.80808333333333,114.47388333333333,120.47458333333333,107.47458333333333,122.14108333333333,100.47528333333332,111.95040327641026,105.11570327641026,116.28330327641025,95.78330327641025,120.61620327641025,86.45090327641026,123.98303333333332,114.98123333333334,129.31583333333333,102.31583333333333,134.64863333333332,89.65043333333332,120.30838333333332,111.63998333333333,124.97458333333333,98.97458333333333,129.64078333333333,86.30918333333332,112.28380327641025,102.44850327641025,117.28330327641025,87.78330327641025,122.28280327641025,73.11810327641025
233,172.14591666666666,159.8101166666667,177.14541666666668,140.14541666666668,182.1449166666667,120.48071666666667,142.04436666666666,133.70936666666665,144.04416666666665,119.04416666666665,146.04396666666665,104.37896666666666,135.87616666666668,123.54036666666667,139.20916666666668,102.20916666666668,142.54216666666667,80.87796666666668,125.06606666666666,115.56416666666667,127.39916666666666,98.89916666666666,129.73226666666665,82.23416666666665,124.89936666666667,121.23196666666666,126.89916666666666,115.89916666666666,128.89896666666667,110.56636666666665,121.76141666666666,117.42721666666667,123.42791666666666,110.42791666666666,125.09441666666666,103.42861666666666,128.1880029402058,121.35330294020581,132.52090294020581,112.0209029402058,136.8538029402058,102.68850294020581,126.56636666666665,117.56456666666666,131.89916666666664,104.89916666666666,137.23196666666666,92.23376666666665,123.26171666666666,114.59331666666667,127.92791666666666,101.92791666666666,132.59411666666665,89.26251666666666,128.5214029402058,118.6861029402058,133.52090294020581,104.0209029402058,138.5204029402058,89.3557029402058
234,148.8538333333333,136.51803333333334,153.85333333333332,116.85333333333332,158.85283333333334,97.18863333333331,144.46353333333334,136.12853333333334,146.46333333333334,121.46333333333334,148.46313333333333,106.79813333333334,142.32783333333333,129.99203333333332,145.66083333333333,108.66083333333333,148.99383333333333,87.32963333333333,148.64481666666666,139.14291666666665,150.97791666666666,122.47791666666666,153.31101666666666,105.81291666666667,148.47811666666666,144.81071666666665,150.47791666666666,139.47791666666666,152.47771666666665,134.14511666666667,146.08474999999999,141.75055,147.75125,134.75125,149.41775,127.75195,139.3422875,132.5075875,143.6751875,123.17518749999999,148.0080875,113.84278749999999,150.14511666666667,141.14331666666666,155.47791666666666,128.47791666666666,160.81071666666665,115.81251666666665,147.58505,138.91665,152.25125,126.25125,156.91745,113.58585,139.67568749999998,129.8403875,144.6751875,115.17518749999999,149.6746875,100.5099875
235,154.88133333333332,142.54553333333334,159.88083333333333,122.88083333333333,164.88033333333334,103.21613333333332,149.59728333333334,141.26228333333333,151.59708333333333,126.59708333333333,153.59688333333332,111.93188333333333,146.61783333333335,134.28203333333335,149.95083333333335,112.95083333333335,153.28383333333335,91.61963333333335,145.72981666666666,136.22791666666666,148.06291666666667,119.56291666666667,150.39601666666667,102.89791666666667,145.56311666666667,141.89571666666666,147.56291666666667,136.56291666666667,149.56271666666666,131.23011666666667,136.52766666666665,132.19346666666667,138.19416666666666,125.19416666666666,139.86066666666667,118.19486666666666,115.09221096273505,108.25751096273505,119.42511096273505,98.92511096273505,123.75801096273504,89.59271096273505,147.23011666666667,138.22831666666667,152.56291666666667,125.56291666666667,157.89571666666666,112.89751666666666,138.02796666666666,129.35956666666667,142.69416666666666,116.69416666666666,147.36036666666666,104.02876666666666,115.42561096273505,105.59031096273505,120.42511096273505,90.92511096273505,125.42461096273504,76.25991096273505
236,148.57924999999997,136.24345,153.57874999999999,116.57874999999999,158.57825,96.91404999999997,147.07895,138.74394999999998,149.07874999999999,124.07874999999999,151.07854999999998,109.41354999999999,138.7095,126.37369999999999,142.0425,105.04249999999999,145.3755,83.7113,117.94523333333332,108.44333333333333,120.27833333333332,91.77833333333332,122.61143333333332,75.11333333333332,117.77853333333333,114.11113333333333,119.77833333333332,108.77833333333332,121.77813333333333,103.44553333333332,116.68975,112.35555000000001,118.35625,105.35625,120.02275,98.35695,107.03249375,100.19779375,111.36539375,90.86539375,115.69829374999999,81.53299375,119.44553333333332,110.44373333333333,124.77833333333332,97.77833333333332,130.11113333333333,85.11293333333332,118.19005,109.52165000000001,122.85625,96.85625,127.52245,84.19085,107.36589375,97.53059375,112.36539375,82.86539375,117.36489375,68.20019375
237,112.26675,99.93095,117.26625,80.26625,122.26575,60.601549999999996,110.76645,102.43145,112.76625,87.76625,114.76605,73.10105,115.03158333333333,102.69578333333332,118.36458333333333,81.36458333333333,121.69758333333333,60.033383333333326,97.12815,87.62625000000001,99.46125,70.96125,101.79435000000001,54.29625000000001,96.96145000000001,93.29405000000001,98.96125,87.96125,100.96105,82.62845,93.39516666666667,89.06096666666667,95.06166666666667,82.06166666666667,96.72816666666667,75.06236666666666,96.56075,89.72605,100.89365,80.39365,105.22654999999999,71.06125,98.62845,89.62665000000001,103.96125,76.96125,109.29405000000001,64.29585,94.89546666666666,86.22706666666667,99.56166666666667,73.56166666666667,104.22786666666667,60.89626666666666,96.89415,87.05884999999999,101.89365,72.39365,106.89314999999999,57.728449999999995
238,106.74216666666668,94.40636666666667,111.74166666666667,74.74166666666667,116.74116666666667,55.07696666666667,105.24186666666668,96.90686666666667,107.24166666666667,82.24166666666667,109.24146666666667,67.57646666666668,111.18158333333334,98.84578333333333,114.51458333333333,77.51458333333333,117.84758333333333,56.18338333333333,102.27981666666666,92.77791666666667,104.61291666666666,76.11291666666666,106.94601666666667,59.447916666666664,102.11311666666667,98.44571666666667,104.11291666666666,93.11291666666666,106.11271666666667,87.78011666666666,93.76558333333332,89.43138333333333,95.43208333333332,82.43208333333332,97.09858333333332,75.43278333333332,86.55335000000001,79.71865000000001,90.88625,70.38625,95.21915,61.053850000000004,103.78011666666666,94.77831666666667,109.11291666666666,82.11291666666666,114.44571666666667,69.44751666666666,95.26588333333332,86.59748333333333,99.93208333333332,73.93208333333332,104.59828333333333,61.26668333333332,86.88675,77.05145,91.88625,62.386250000000004,96.88575,47.721050000000005
239,137.8588333333333,125.52303333333332,142.85833333333332,105.85833333333332,147.85783333333333,86.19363333333331,136.35853333333333,128.02353333333332,138.35833333333332,113.35833333333332,140.3581333333333,98.69313333333332,137.57575,125.23995,140.90875,103.90875,144.24175,82.57755,120.59856666666667,111.09666666666668,122.93166666666667,94.43166666666667,125.26476666666667,77.76666666666668,120.43186666666668,116.76446666666668,122.43166666666667,111.43166666666667,124.43146666666667,106.09886666666667,110.72891666666666,106.39471666666667,112.39541666666666,99.39541666666666,114.06191666666666,92.39611666666666,107.37102631723245,100.53632631723245,111.70392631723244,91.20392631723244,116.03682631723244,81.87152631723245,122.09886666666667,113.09706666666668,127.43166666666667,100.43166666666667,132.76446666666666,87.76626666666667,112.22921666666666,103.56081666666667,116.89541666666666,90.89541666666666,121.56161666666667,78.23001666666666,107.70442631723245,97.86912631723244,112.70392631723244,83.20392631723244,117.70342631723244,68.53872631723245
240,103.35425,91.01844999999999,108.35374999999999,71.35374999999999,113.35324999999999,51.68904999999999,114.1452,105.8102,116.145,91.145,118.1448,76.4798,132.14158333333333,119.80578333333332,135.47458333333333,98.47458333333333,138.80758333333333,77.14338333333333,124.01481666666666,114.51291666666667,126.34791666666666,97.84791666666666,128.68101666666666,81.18291666666667,123.84811666666667,120.18071666666667,125.84791666666666,114.84791666666666,127.84771666666666,109.51511666666666,110.00725,105.67305,111.67375,98.67375,113.34025,91.67445,104.0950625,97.2603625,108.42796249999999,87.92796249999999,112.76086249999999,78.5955625,125.51511666666666,116.51331666666667,130.84791666666666,103.84791666666666,136.18071666666665,91.18251666666666,111.50755,102.83915,116.17375,90.17375,120.83995,77.50835,104.4284625,94.59316249999999,109.42796249999999,79.92796249999999,114.42746249999999,65.2627625
241,131.84091666666666,119.50511666666667,136.84041666666667,99.84041666666667,141.83991666666668,80.17571666666666,132.47853333333333,124.14353333333332,134.47833333333332,109.47833333333332,136.47813333333332,94.81313333333333,126.81491666666668,114.47911666666667,130.14791666666667,93.14791666666667,133.48091666666667,71.81671666666668,115.65065,106.14875,117.98375,89.48375,120.31685,72.81875,115.48395000000001,111.81655,117.48375,106.48375,119.48355000000001,101.15095,112.48599999999999,108.1518,114.15249999999999,101.15249999999999,115.81899999999999,94.15319999999998,102.2620625,95.4273625,106.5949625,86.0949625,110.92786249999999,76.7625625,117.15095,108.14915,122.48375,95.48375,127.81655,82.81835,113.98629999999999,105.3179,118.65249999999999,92.65249999999999,123.31869999999999,79.98709999999998,102.5954625,92.76016249999999,107.5949625,78.0949625,112.59446249999999,63.429762499999995
242,126.12133333333334,113.78553333333333,131.12083333333334,94.12083333333334,136.12033333333335,74.45613333333333,129.4752,121.1402,131.475,106.475,133.4748,91.8098,121.47866666666667,109.14286666666666,124.81166666666667,87.81166666666667,128.14466666666667,66.48046666666667,105.7469,96.245,108.08,79.58,110.4131,62.915,105.5802,101.9128,107.58,96.58,109.5798,91.24719999999999,104.85558333333334,100.52138333333335,106.52208333333334,93.52208333333334,108.18858333333334,86.52278333333334,105.37011875,98.53541875,109.70301875,89.20301875,114.03591875,79.87061875,107.24719999999999,98.2454,112.58,85.58,117.9128,72.9146,106.35588333333334,97.68748333333335,111.02208333333334,85.02208333333334,115.68828333333335,72.35668333333334,105.70351875,95.86821875,110.70301875,81.20301875,115.70251875,66.53781875
243,120.83091666666667,108.49511666666666,125.83041666666666,88.83041666666666,130.82991666666666,69.16571666666667,119.33061666666667,110.99561666666666,121.33041666666666,96.33041666666666,123.33021666666667,81.66521666666667,117.59741666666666,105.26161666666665,120.93041666666666,83.93041666666666,124.26341666666666,62.599216666666656,110.37565000000001,100.87375000000002,112.70875000000001,84.20875000000001,115.04185000000001,67.54375000000002,110.20895000000002,106.54155000000002,112.20875000000001,101.20875000000001,114.20855,95.87595,109.58266666666667,105.24846666666667,111.24916666666667,98.24916666666667,112.91566666666667,91.24986666666666,111.695675,104.860975,116.02857499999999,95.52857499999999,120.36147499999998,86.19617499999998,111.87595,102.87415000000001,117.20875000000001,90.20875000000001,122.54155000000002,77.54335,111.08296666666666,102.41456666666667,115.74916666666667,89.74916666666667,120.41536666666667,77.08376666666666,112.02907499999999,102.19377499999999,117.02857499999999,87.52857499999999,122.02807499999999,72.86337499999999
244,87.91133333333335,75.57553333333334,92.91083333333334,55.91083333333334,97.91033333333334,36.24613333333334,86.41103333333335,78.07603333333334,88.41083333333334,63.41083333333334,90.41063333333335,48.745633333333345,105.20658333333333,92.87078333333332,108.53958333333333,71.53958333333333,111.87258333333332,50.20838333333332,96.13981666666666,86.63791666666667,98.47291666666666,69.97291666666666,100.80601666666666,53.307916666666664,95.97311666666667,92.30571666666667,97.97291666666666,86.97291666666666,99.97271666666666,81.64011666666666,95.651,91.3168,97.3175,84.3175,98.984,77.31819999999999,101.5834625,94.7487625,105.91636249999999,85.41636249999999,110.24926249999999,76.08396249999998,97.64011666666666,88.63831666666667,102.97291666666666,75.97291666666666,108.30571666666667,63.30751666666666,97.15129999999999,88.4829,101.8175,75.8175,106.4837,63.15209999999999,101.9168625,92.08156249999999,106.91636249999999,77.41636249999999,111.91586249999999,62.75116249999999
245,74.01383333333334,61.67803333333334,79.01333333333334,42.013333333333335,84.01283333333333,22.348633333333332,72.51353333333334,64.17853333333333,74.51333333333334,49.513333333333335,76.51313333333334,34.84813333333334,92.08908333333333,79.75328333333333,95.42208333333333,58.42208333333333,98.75508333333333,37.09088333333333,83.35731666666666,73.85541666666667,85.69041666666666,57.190416666666664,88.02351666666667,40.525416666666665,83.19061666666667,79.52321666666667,85.19041666666666,74.19041666666666,87.19021666666666,68.85761666666666,83.566,79.2318,85.2325,72.2325,86.899,65.2332,89.762075,82.927375,94.09497499999999,73.59497499999999,98.42787499999999,64.262575,84.85761666666666,75.85581666666667,90.19041666666666,63.190416666666664,95.52321666666667,50.52501666666666,85.0663,76.3979,89.7325,63.7325,94.3987,51.067099999999996,90.095475,80.26017499999999,95.09497499999999,65.59497499999999,100.09447499999999,50.92977499999999
246,150.02425,137.68845000000002,155.02375,118.02375,160.02325000000002,98.35905,148.52395,140.18895,150.52375,125.52375,152.52355,110.85855000000001,125.66741666666668,113.33161666666668,129.0004166666667,92.00041666666668,132.3334166666667,70.66921666666667,109.24856666666666,99.74666666666667,111.58166666666666,83.08166666666666,113.91476666666667,66.41666666666666,109.08186666666667,105.41446666666667,111.08166666666666,100.08166666666666,113.08146666666667,94.74886666666666,107.65266666666666,103.31846666666667,109.31916666666666,96.31916666666666,110.98566666666666,89.31986666666666,100.17313770188035,93.33843770188035,104.50603770188035,84.00603770188035,108.83893770188034,74.67363770188035,110.74886666666666,101.74706666666667,116.08166666666666,89.08166666666666,121.41446666666667,76.41626666666666,109.15296666666666,100.48456666666667,113.81916666666666,87.81916666666666,118.48536666666666,75.15376666666666,100.50653770188035,90.67123770188034,105.50603770188035,76.00603770188035,110.50553770188034,61.340837701880346
247,98.253,85.9172,103.2525,66.2525,108.252,46.587799999999994,109.46228333333335,101.12728333333334,111.46208333333334,86.46208333333334,113.46188333333333,71.79688333333334,108.752,96.41619999999999,112.085,75.085,115.41799999999999,53.75379999999999,104.20065,94.69875,106.53375,78.03375,108.86685,61.36875,104.03395,100.36655,106.03375,95.03375,108.03354999999999,89.70094999999999,103.08516666666667,98.75096666666667,104.75166666666667,91.75166666666667,106.41816666666666,84.75236666666666,97.49455625,90.65985625,101.82745625,81.32745625,106.16035624999999,71.99505625,105.70094999999999,96.69915,111.03375,84.03375,116.36655,71.36834999999999,104.58546666666666,95.91706666666667,109.25166666666667,83.25166666666667,113.91786666666667,70.58626666666666,97.82795625,87.99265625,102.82745625,73.32745625,107.82695625,58.66225625
248,132.84591666666665,120.51011666666666,137.84541666666667,100.84541666666667,142.84491666666668,81.18071666666665,131.34561666666667,123.01061666666666,133.34541666666667,108.34541666666667,135.34521666666666,93.68021666666667,109.78283333333334,97.44703333333334,113.11583333333334,76.11583333333334,116.44883333333334,54.78463333333334,107.30065,97.79875000000001,109.63375,81.13375,111.96685000000001,64.46875,107.13395000000001,103.46655000000001,109.13375,98.13375,111.13355000000001,92.80095,104.84308333333334,100.50888333333334,106.50958333333334,93.50958333333334,108.17608333333334,86.51028333333333,106.45115,99.61645,110.78405,90.28405,115.11694999999999,80.95165,108.80095,99.79915000000001,114.13375,87.13375,119.46655000000001,74.46835,106.34338333333334,97.67498333333334,111.00958333333334,85.00958333333334,115.67578333333334,72.34418333333333,106.78455,96.94924999999999,111.78405,82.28405,116.78354999999999,67.61885
249,171.19508333333332,158.85928333333334,176.19458333333333,139.19458333333333,181.19408333333334,119.52988333333332,170.45145,162.11645,172.45125,147.45125,174.45104999999998,132.78605,103.97783333333334,91.64203333333333,107.31083333333333,70.31083333333333,110.64383333333333,48.97963333333333,101.29231666666668,91.79041666666669,103.62541666666668,75.12541666666668,105.95851666666668,58.46041666666668,101.12561666666669,97.45821666666669,103.12541666666668,92.12541666666668,105.12521666666669,86.79261666666667,99.93266666666668,95.59846666666668,101.59916666666668,88.59916666666668,103.26566666666668,81.59986666666667,100.8249125,93.9902125,105.15781249999999,84.65781249999999,109.49071249999999,75.3254125,102.79261666666667,93.79081666666669,108.12541666666668,81.12541666666668,113.45821666666669,68.46001666666668,101.43296666666667,92.76456666666668,106.09916666666668,80.09916666666668,110.76536666666668,67.43376666666667,101.1583125,91.32301249999999,106.15781249999999,76.65781249999999,111.15731249999999,61.99261249999999
250,126.97633333333334,114.64053333333334,131.97583333333336,94.97583333333334,136.97533333333334,75.31113333333334,125.47603333333335,117.14103333333334,127.47583333333334,102.47583333333334,129.47563333333335,87.81063333333334,112.85283333333334,100.51703333333333,116.18583333333333,79.18583333333333,119.51883333333333,57.85463333333333,111.1244,101.6225,113.4575,84.9575,115.7906,68.29249999999999,110.9577,107.2903,112.9575,101.9575,114.9573,96.62469999999999,110.28183333333334,105.94763333333334,111.94833333333334,98.94833333333334,113.61483333333334,91.94903333333333,124.4452625,117.6105625,128.7781625,108.2781625,133.1110625,98.9457625,112.62469999999999,103.6229,117.9575,90.9575,123.2903,78.29209999999999,111.78213333333333,103.11373333333334,116.44833333333334,90.44833333333334,121.11453333333334,77.78293333333333,124.7786625,114.94336249999999,129.7781625,100.2781625,134.7776625,85.6129625
251,112.88633333333334,100.55053333333333,117.88583333333334,80.88583333333334,122.88533333333334,61.221133333333334,122.51145000000001,114.17645,124.51125,99.51125,126.51105000000001,84.84605,109.81283333333333,97.47703333333332,113.14583333333333,76.14583333333333,116.47883333333333,54.814633333333326,92.7844,83.28250000000001,95.1175,66.6175,97.45060000000001,49.95250000000001,92.61770000000001,88.95030000000001,94.6175,83.6175,96.6173,78.2847,90.45891666666668,86.12471666666669,92.12541666666668,79.12541666666668,93.79191666666668,72.12611666666668,110.0913125,103.2566125,114.4242125,93.9242125,118.75711249999999,84.5918125,94.2847,85.28290000000001,99.6175,72.6175,104.95030000000001,59.9521,91.95921666666668,83.29081666666669,96.62541666666668,70.62541666666668,101.29161666666668,57.960016666666675,110.4247125,100.5894125,115.4242125,85.9242125,120.4237125,71.2590125
252,84.88883333333334,72.55303333333333,89.88833333333334,52.888333333333335,94.88783333333333,33.22363333333333,91.46853333333333,83.13353333333332,93.46833333333332,68.46833333333332,95.46813333333333,53.80313333333332,87.7295,75.3937,91.0625,54.0625,94.3955,32.7313,86.13981666666666,76.63791666666667,88.47291666666666,59.97291666666666,90.80601666666666,43.307916666666664,85.97311666666667,82.30571666666667,87.97291666666666,76.97291666666666,89.97271666666666,71.64011666666666,85.92641666666667,81.59221666666667,87.59291666666667,74.59291666666667,89.25941666666667,67.59361666666666,113.02898750000001,106.19428750000002,117.36188750000001,96.86188750000001,121.6947875,87.52948750000002,87.64011666666666,78.63831666666667,92.97291666666666,65.97291666666666,98.30571666666667,53.30751666666666,87.42671666666666,78.75831666666667,92.09291666666667,66.09291666666667,96.75911666666667,53.42751666666666,113.36238750000001,103.52708750000001,118.36188750000001,88.86188750000001,123.3613875,74.19668750000001
253,189.48341666666667,177.1476166666667,194.48291666666668,157.48291666666668,199.4824166666667,137.81821666666667,192.20436666666666,183.86936666666665,194.20416666666665,169.20416666666665,196.20396666666664,154.53896666666665,132.812,120.4762,136.145,99.14500000000001,139.478,77.81380000000001,154.4119,144.91,156.745,128.245,159.0781,111.58000000000001,154.2452,150.5778,156.245,145.245,158.2448,139.9122,149.2685,144.9343,150.935,137.935,152.60150000000002,130.9357,114.91842991461539,108.08372991461539,119.25132991461538,98.75132991461538,123.58422991461538,89.41892991461538,155.9122,146.9104,161.245,134.245,166.5778,121.5796,150.7688,142.1004,155.435,129.435,160.1012,116.7696,115.25182991461539,105.41652991461538,120.25132991461538,90.75132991461538,125.25082991461538,76.08612991461538
254,114.06216666666667,101.72636666666666,119.06166666666667,82.06166666666667,124.06116666666667,62.396966666666664,150.6602,142.3252,152.66,127.66,154.6598,112.9948,129.2695,116.9337,132.60250000000002,95.6025,135.93550000000002,74.2713,132.40648333333334,122.90458333333335,134.73958333333334,106.23958333333334,137.07268333333334,89.57458333333335,132.23978333333335,128.57238333333333,134.23958333333334,123.23958333333334,136.23938333333334,117.90678333333334,128.65558333333334,124.32138333333334,130.32208333333335,117.32208333333334,131.98858333333334,110.32278333333333,110.92006250000001,104.08536250000002,115.25296250000001,94.75296250000001,119.5858625,85.42056250000002,133.90678333333335,124.90498333333335,139.23958333333334,112.23958333333334,144.57238333333333,99.57418333333334,130.15588333333335,121.48748333333334,134.82208333333335,108.82208333333334,139.48828333333333,96.15668333333333,111.25346250000001,101.41816250000001,116.25296250000001,86.75296250000001,121.25246250000001,72.08776250000001
255,139.56175,127.22595,144.56125,107.56125,149.56075,87.89654999999999,138.06145,129.72645,140.06125,115.06125,142.06105,100.39605,117.5895,105.2537,120.9225,83.9225,124.2555,62.5913,110.47148333333332,100.96958333333333,112.80458333333333,84.30458333333333,115.13768333333333,67.63958333333332,110.30478333333333,106.63738333333333,112.30458333333333,101.30458333333333,114.30438333333333,95.97178333333332,104.97058333333334,100.63638333333334,106.63708333333334,93.63708333333334,108.30358333333334,86.63778333333333,100.927775,94.093075,105.26067499999999,84.76067499999999,109.59357499999999,75.42827499999999,111.97178333333332,102.96998333333333,117.30458333333333,90.30458333333333,122.63738333333333,77.63918333333332,106.47088333333333,97.80248333333334,111.13708333333334,85.13708333333334,115.80328333333334,72.47168333333333,101.261175,91.42587499999999,106.26067499999999,76.76067499999999,111.26017499999999,62.09547499999999
256,126.63425000000001,114.29845,131.63375000000002,94.63375,136.63325,74.96905000000001,125.13395000000001,116.79895,127.13375,102.13375,129.13355,87.46855000000001,123.17783333333333,110.84203333333332,126.51083333333332,89.51083333333332,129.84383333333332,68.17963333333333,121.91231666666665,112.41041666666666,124.24541666666666,95.74541666666666,126.57851666666666,79.08041666666665,121.74561666666666,118.07821666666666,123.74541666666666,112.74541666666666,125.74521666666666,107.41261666666665,117.65433333333333,113.32013333333333,119.32083333333333,106.32083333333333,120.98733333333332,99.32153333333332,108.91278125000001,102.07808125000001,113.24568125,92.74568125,117.57858125,83.41328125000001,123.41261666666665,114.41081666666666,128.74541666666664,101.74541666666666,134.07821666666666,89.08001666666665,119.15463333333332,110.48623333333333,123.82083333333333,97.82083333333333,128.48703333333333,85.15543333333332,109.24618125,99.41088125,114.24568125,84.74568125,119.24518125,70.08048125
257,156.63716666666667,144.3013666666667,161.63666666666668,124.63666666666668,166.6361666666667,104.97196666666667,155.1368666666667,146.80186666666668,157.13666666666668,132.13666666666668,159.13646666666668,117.47146666666669,119.2895,106.9537,122.6225,85.6225,125.9555,64.2913,109.0344,99.53250000000001,111.3675,82.8675,113.70060000000001,66.20250000000001,108.86770000000001,105.20030000000001,110.8675,99.8675,112.8673,94.5347,107.13141666666667,102.79721666666667,108.79791666666667,95.79791666666667,110.46441666666666,88.79861666666666,105.451775,98.617075,109.784675,89.284675,114.11757499999999,79.95227499999999,110.5347,101.53290000000001,115.8675,88.8675,121.20030000000001,76.2021,108.63171666666666,99.96331666666667,113.29791666666667,87.29791666666667,117.96411666666667,74.63251666666666,105.785175,95.94987499999999,110.784675,81.284675,115.78417499999999,66.619475
258,122.49633333333334,110.16053333333333,127.49583333333334,90.49583333333334,132.49533333333335,70.83113333333333,129.09895,120.76395,131.09875,106.09875,133.09855,91.43355,98.91075,86.57494999999999,102.24374999999999,65.24374999999999,105.57674999999999,43.91254999999999,97.37065,87.86875,99.70375,71.20375,102.03685,54.53875,97.20395,93.53655,99.20375,88.20375,101.20355,82.87095,96.71891666666667,92.38471666666668,98.38541666666667,85.38541666666667,100.05191666666667,78.38611666666667,104.051675,97.216975,108.384575,87.884575,112.717475,78.552175,98.87095,89.86915,104.20375,77.20375,109.53655,64.53835,98.21921666666667,89.55081666666668,102.88541666666667,76.88541666666667,107.55161666666667,64.22001666666667,104.385075,94.549775,109.384575,79.884575,114.384075,65.219375
259,114.4355,102.0997,119.435,82.435,124.4345,62.7703,112.93520000000001,104.6002,114.935,89.935,116.9348,75.2698,96.20075,83.86495,99.53375,62.53375,102.86675,41.202549999999995,87.45315,77.95125,89.78625,61.286249999999995,92.11935,44.621249999999996,87.28645,83.61905,89.28625,78.28625,91.28604999999999,72.95344999999999,88.47933333333333,84.14513333333333,90.14583333333333,77.14583333333333,91.81233333333333,70.14653333333332,108.244175,101.409475,112.577075,92.077075,116.90997499999999,82.744675,88.95344999999999,79.95165,94.28625,67.28625,99.61905,54.62084999999999,89.97963333333333,81.31123333333333,94.64583333333333,68.64583333333333,99.31203333333333,55.98043333333332,108.577575,98.74227499999999,113.577075,84.077075,118.57657499999999,69.411875
260,135.17841666666666,122.84261666666667,140.17791666666668,103.17791666666668,145.1774166666667,83.51321666666666,133.67811666666668,125.34311666666667,135.67791666666668,110.67791666666668,137.67771666666667,96.01271666666668,105.42783333333334,93.09203333333333,108.76083333333334,71.76083333333334,112.09383333333334,50.429633333333335,88.9094,79.40750000000001,91.2425,62.74250000000001,93.57560000000001,46.07750000000001,88.74270000000001,85.07530000000001,90.7425,79.7425,92.7423,74.4097,80.08766666666666,75.75346666666667,81.75416666666666,68.75416666666666,83.42066666666666,61.75486666666666,85.96763462735044,79.13293462735044,90.30053462735043,69.80053462735043,94.63343462735043,60.46813462735043,90.4097,81.40790000000001,95.7425,68.7425,101.07530000000001,56.0771,81.58796666666666,72.91956666666667,86.25416666666666,60.25416666666666,90.92036666666667,47.58876666666666,86.30103462735043,76.46573462735043,91.30053462735043,61.80053462735043,96.30003462735043,47.13533462735043
261,91.44925,79.11345,96.44875,59.448750000000004,101.44825,39.78405,103.74270000000001,95.4077,105.7425,80.7425,107.7423,66.07730000000001,108.82408333333333,96.48828333333333,112.15708333333333,75.15708333333333,115.49008333333333,53.82588333333333,38.64315,29.14125,40.97625,12.47625,43.30935,-4.188749999999999,38.47645,34.80905,40.47625,29.47625,42.47605,24.14345,38.064750000000004,33.73055,39.73125,26.731250000000003,41.39775,19.73195,81.3697625,74.5350625,85.70266249999999,65.20266249999999,90.03556249999998,55.87026249999999,40.14345,31.141650000000002,45.47625,18.47625,50.80905,5.8108499999999985,39.56505,30.896650000000005,44.23125,18.231250000000003,48.897450000000006,5.565850000000001,81.70316249999999,71.86786249999999,86.70266249999999,57.20266249999999,91.70216249999999,42.53746249999999
262,119.17341666666667,106.83761666666666,124.17291666666667,87.17291666666667,129.17241666666666,67.50821666666667,117.67311666666667,109.33811666666666,119.67291666666667,94.67291666666667,121.67271666666667,80.00771666666667,114.902,102.5662,118.235,81.235,121.568,59.9038,56.83773333333334,47.33583333333334,59.17083333333334,30.67083333333334,61.50393333333334,14.005833333333342,56.67103333333334,53.00363333333334,58.67083333333334,47.67083333333334,60.67063333333334,42.33803333333334,52.44975,48.11555,54.11625,41.11625,55.78275,34.11695,80.290925,73.456225,84.623825,64.123825,88.95672499999999,54.791425,58.33803333333334,49.33623333333334,63.67083333333334,36.67083333333334,69.00363333333334,24.00543333333334,53.95005,45.28165,58.61625,32.61625,63.28245,19.95085,80.624325,70.789025,85.623825,56.123825,90.623325,41.458625
263,160.50258333333332,148.16678333333334,165.50208333333333,128.50208333333333,170.50158333333334,108.83738333333332,159.00228333333334,150.66728333333333,161.00208333333333,136.00208333333333,163.00188333333332,121.33688333333333,101.34283333333333,89.00703333333333,104.67583333333333,67.67583333333333,108.00883333333333,46.34463333333333,105.32731666666666,95.82541666666667,107.66041666666666,79.16041666666666,109.99351666666666,62.495416666666664,105.16061666666667,101.49321666666667,107.16041666666666,96.16041666666666,109.16021666666666,90.82761666666666,104.51141666666666,100.17721666666667,106.17791666666666,93.17791666666666,107.84441666666666,86.17861666666666,100.65989375,93.82519375,104.99279374999999,84.49279374999999,109.32569374999999,75.16039375,106.82761666666666,97.82581666666667,112.16041666666666,85.16041666666666,117.49321666666667,72.49501666666666,106.01171666666666,97.34331666666667,110.67791666666666,84.67791666666666,115.34411666666666,72.01251666666666,100.99329374999999,91.15799374999999,105.99279374999999,76.49279374999999,110.99229374999999,61.82759374999999
264,92.76841666666667,80.43261666666666,97.76791666666666,60.767916666666665,102.76741666666666,41.10321666666666,109.16353333333335,100.82853333333334,111.16333333333334,86.16333333333334,113.16313333333335,71.49813333333334,109.45658333333333,97.12078333333332,112.78958333333333,75.78958333333333,116.12258333333332,54.45838333333332,106.60356666666667,97.10166666666667,108.93666666666667,80.43666666666667,111.26976666666667,63.77166666666667,106.43686666666667,102.76946666666667,108.43666666666667,97.43666666666667,110.43646666666666,92.10386666666666,105.68391666666666,101.34971666666667,107.35041666666666,94.35041666666666,109.01691666666666,87.35111666666666,111.966725,105.132025,116.29962499999999,95.79962499999999,120.63252499999999,86.46722499999998,108.10386666666666,99.10206666666667,113.43666666666667,86.43666666666667,118.76946666666667,73.77126666666666,107.18421666666666,98.51581666666667,111.85041666666666,85.85041666666666,116.51661666666666,73.18501666666666,112.300125,102.46482499999999,117.29962499999999,87.79962499999999,122.29912499999999,73.134425
265,112.708,100.37219999999999,117.7075,80.7075,122.707,61.04279999999999,111.2077,102.8727,113.2075,88.2075,115.2073,73.5423,112.37491666666666,100.03911666666666,115.70791666666666,78.70791666666666,119.04091666666666,57.37671666666666,99.66481666666665,90.16291666666666,101.99791666666665,73.49791666666665,104.33101666666666,56.832916666666655,99.49811666666666,95.83071666666666,101.49791666666665,90.49791666666665,103.49771666666666,85.16511666666665,99.64141666666666,95.30721666666666,101.30791666666666,88.30791666666666,102.97441666666666,81.30861666666665,100.10121875,93.26651875,104.43411875,83.93411875,108.76701874999999,74.60171875,101.16511666666665,92.16331666666666,106.49791666666665,79.49791666666665,111.83071666666666,66.83251666666665,101.14171666666665,92.47331666666666,105.80791666666666,79.80791666666666,110.47411666666666,67.14251666666665,100.43461875,90.59931875,105.43411875,75.93411875,110.43361875,61.26891875
266,42.648,30.312200000000004,47.6475,10.6475,52.647000000000006,-9.017200000000003,41.1477,32.8127,43.1475,18.1475,45.1473,3.482300000000002,104.49616666666667,92.16036666666666,107.82916666666667,70.82916666666667,111.16216666666666,49.49796666666666,64.09356666666667,54.59166666666667,66.42666666666668,37.92666666666667,68.75976666666666,21.26166666666667,63.92686666666667,60.25946666666667,65.92666666666668,54.92666666666667,67.92646666666667,49.59386666666667,60.953500000000005,56.6193,62.620000000000005,49.620000000000005,64.2865,42.6207,48.88801106367522,42.053311063675224,53.220911063675224,32.720911063675224,57.55381106367523,23.388511063675224,65.59386666666667,56.59206666666667,70.92666666666668,43.92666666666667,76.25946666666667,31.261266666666668,62.4538,53.7854,67.12,41.120000000000005,71.78620000000001,28.454600000000003,49.22141106367523,39.38611106367522,54.220911063675224,24.720911063675224,59.22041106367523,10.055711063675226
267,107.71175,95.37594999999999,112.71124999999999,75.71124999999999,117.71074999999999,56.04654999999999,106.21145,97.87644999999999,108.21124999999999,83.21124999999999,110.21105,68.54605,131.55741666666665,119.22161666666665,134.89041666666665,97.89041666666665,138.22341666666665,76.55921666666666,114.36731666666667,104.86541666666668,116.70041666666667,88.20041666666667,119.03351666666667,71.53541666666666,114.20061666666668,110.53321666666668,116.20041666666667,105.20041666666667,118.20021666666668,99.86761666666666,112.10558333333333,107.77138333333333,113.77208333333333,100.77208333333333,115.43858333333333,93.77278333333332,105.80377222829061,98.96907222829061,110.1366722282906,89.6366722282906,114.4695722282906,80.30427222829061,115.86761666666666,106.86581666666667,121.20041666666667,94.20041666666667,126.53321666666668,81.53501666666666,113.60588333333332,104.93748333333333,118.27208333333333,92.27208333333333,122.93828333333333,79.60668333333332,106.13717222829061,96.3018722282906,111.1366722282906,81.6366722282906,116.1361722282906,66.97147222829061
268,112.55175,100.21594999999999,117.55125,80.55125,122.55075,60.88654999999999,111.05145,102.71645,113.05125,88.05125,115.05105,73.38605,122.48408333333334,110.14828333333334,125.81708333333334,88.81708333333334,129.15008333333336,67.48588333333333,129.3219,119.82000000000001,131.655,103.155,133.9881,86.49000000000001,129.1552,125.48780000000001,131.155,120.155,133.1548,114.8222,125.92933333333335,121.59513333333335,127.59583333333335,114.59583333333335,129.26233333333334,107.59653333333334,114.27262348515417,107.43792348515417,118.60552348515417,98.10552348515417,122.93842348515416,88.77312348515417,130.8222,121.8204,136.155,109.155,141.4878,96.4896,127.42963333333334,118.76123333333335,132.09583333333336,106.09583333333335,136.76203333333333,93.43043333333334,114.60602348515417,104.77072348515416,119.60552348515417,90.10552348515417,124.60502348515416,75.44032348515417
269,105.71258333333334,93.37678333333334,110.71208333333334,73.71208333333334,115.71158333333334,54.047383333333336,104.21228333333335,95.87728333333334,106.21208333333334,81.21208333333334,108.21188333333333,66.54688333333334,120.30866666666667,107.97286666666666,123.64166666666667,86.64166666666667,126.97466666666666,65.31046666666666,124.18565,114.68375,126.51875,98.01875,128.85184999999998,81.35374999999999,124.01895,120.35155,126.01875,115.01875,128.01855,109.68594999999999,119.17516666666666,114.84096666666666,120.84166666666665,107.84166666666665,122.50816666666665,100.84236666666665,107.12350322075726,100.28880322075726,111.45640322075725,90.95640322075725,115.78930322075725,81.62400322075726,125.68594999999999,116.68415,131.01875,104.01875,136.35155,91.35334999999999,120.67546666666665,112.00706666666666,125.34166666666665,99.34166666666665,130.00786666666664,86.67626666666665,107.45690322075725,97.62160322075725,112.45640322075725,82.95640322075725,117.45590322075725,68.29120322075725
270,92.71133333333333,80.37553333333332,97.71083333333333,60.710833333333326,102.71033333333332,41.04613333333332,91.21103333333333,82.87603333333333,93.21083333333333,68.21083333333333,95.21063333333333,53.54563333333333,112.16824999999999,99.83244999999998,115.50124999999998,78.50124999999998,118.83424999999998,57.17004999999998,115.10398333333335,105.60208333333335,117.43708333333335,88.93708333333335,119.77018333333335,72.27208333333334,114.93728333333335,111.26988333333335,116.93708333333335,105.93708333333335,118.93688333333336,100.60428333333334,110.51724999999999,106.18305,112.18374999999999,99.18374999999999,113.85024999999999,92.18444999999998,111.73345625,104.89875625,116.06635625,95.56635625,120.39925625,86.23395625,116.60428333333334,107.60248333333335,121.93708333333335,94.93708333333335,127.26988333333335,82.27168333333334,112.01754999999999,103.34915,116.68374999999999,90.68374999999999,121.34994999999999,78.01834999999998,112.06685625,102.23155625,117.06635625,87.56635625,122.06585625,72.90115625
271,95.47550000000001,83.1397,100.47500000000001,63.47500000000001,105.4745,43.810300000000005,93.97520000000002,85.64020000000001,95.97500000000001,70.97500000000001,97.97480000000002,56.30980000000001,109.90075,97.56495,113.23375,76.23375,116.56675,54.90255,105.33314999999999,95.83125,107.66624999999999,79.16624999999999,109.99934999999999,62.50124999999999,105.16645,101.49905,107.16624999999999,96.16624999999999,109.16604999999998,90.83344999999998,100.08141666666668,95.74721666666669,101.74791666666668,88.74791666666668,103.41441666666668,81.74861666666668,93.299375,86.464675,97.63227499999999,77.13227499999999,101.96517499999999,67.79987499999999,106.83344999999998,97.83165,112.16624999999999,85.16624999999999,117.49905,72.50084999999999,101.58171666666668,92.91331666666669,106.24791666666668,80.24791666666668,110.91411666666669,67.58251666666668,93.632775,83.79747499999999,98.63227499999999,69.13227499999999,103.63177499999999,54.467074999999994
272,78.91508333333334,66.57928333333334,83.91458333333334,46.91458333333334,88.91408333333334,27.249883333333337,77.41478333333335,69.07978333333334,79.41458333333334,54.41458333333334,81.41438333333335,39.74938333333334,100.9645,88.6287,104.2975,67.2975,107.6305,45.9663,93.37939999999999,83.8775,95.71249999999999,67.21249999999999,98.0456,50.54749999999999,93.2127,89.5453,95.21249999999999,84.21249999999999,97.2123,78.87969999999999,92.80141666666667,88.46721666666667,94.46791666666667,81.46791666666667,96.13441666666667,74.46861666666666,113.11015625,106.27545625,117.44305625,96.94305625,121.77595625,87.61065625,94.87969999999999,85.8779,100.21249999999999,73.21249999999999,105.5453,60.547099999999986,94.30171666666666,85.63331666666667,98.96791666666667,72.96791666666667,103.63411666666667,60.30251666666666,113.44355625,103.60825625,118.44305625,88.94305625,123.44255625,74.27785625
273,61.83966666666667,49.503866666666674,66.83916666666667,29.83916666666667,71.83866666666667,10.174466666666667,60.33936666666667,52.00436666666667,62.33916666666667,37.33916666666667,64.33896666666666,22.673966666666672,88.75283333333333,76.41703333333332,92.08583333333333,55.085833333333326,95.41883333333332,33.754633333333324,74.8444,65.3425,77.1775,48.677499999999995,79.5106,32.012499999999996,74.6777,71.0103,76.6775,65.6775,78.6773,60.344699999999996,73.63808333333333,69.30388333333333,75.30458333333333,62.304583333333326,76.97108333333333,55.30528333333332,99.43431875,92.59961875,103.76721875,83.26721875,108.10011875,73.93481875,76.34469999999999,67.3429,81.6775,54.677499999999995,87.0103,42.01209999999999,75.13838333333332,66.46998333333333,79.80458333333333,53.804583333333326,84.47078333333333,41.13918333333332,99.76771875,89.93241875,104.76721875,75.26721875,109.76671875,60.60201875
274,150.60549999999998,138.2697,155.605,118.60499999999999,160.6045,98.94029999999998,149.1052,140.7702,151.105,126.10499999999999,153.10479999999998,111.43979999999999,120.97616666666667,108.64036666666667,124.30916666666667,87.30916666666667,127.64216666666667,65.97796666666667,119.48898333333334,109.98708333333335,121.82208333333334,93.32208333333334,124.15518333333334,76.65708333333333,119.32228333333335,115.65488333333334,121.32208333333334,110.32208333333334,123.32188333333335,104.98928333333333,118.49391666666666,114.15971666666667,120.16041666666666,107.16041666666666,121.82691666666666,100.16111666666666,103.24390655282053,96.40920655282054,107.57680655282053,87.07680655282053,111.90970655282052,77.74440655282052,120.98928333333333,111.98748333333334,126.32208333333334,99.32208333333334,131.65488333333334,86.65668333333333,119.99421666666666,111.32581666666667,124.66041666666666,98.66041666666666,129.32661666666667,85.99501666666666,103.57730655282053,93.74200655282053,108.57680655282053,79.07680655282053,113.57630655282053,64.41160655282053
275,68.23716666666667,55.90136666666667,73.23666666666666,36.236666666666665,78.23616666666666,16.57196666666666,66.73686666666667,58.40186666666666,68.73666666666666,43.736666666666665,70.73646666666667,29.071466666666666,56.03325,43.69745,59.36625,22.36625,62.69925,1.0350499999999982,17.46023333333333,7.958333333333334,19.793333333333333,-8.706666666666667,22.12643333333333,-25.371666666666666,17.293533333333333,13.626133333333334,19.293333333333333,8.293333333333333,21.293133333333333,2.9605333333333324,64.96266666666668,60.628466666666675,66.62916666666668,53.62916666666668,68.29566666666668,46.62986666666667,61.411024999999995,54.576325,65.74392499999999,45.243925,70.076825,35.911525,18.960533333333334,9.958733333333335,24.293333333333333,-2.706666666666667,29.626133333333335,-15.372066666666669,66.46296666666667,57.794566666666675,71.12916666666668,45.12916666666668,75.79536666666668,32.46376666666667,61.744425,51.909124999999996,66.74392499999999,37.243925,71.743425,22.578725
276,59.58883333333334,47.25303333333334,64.58833333333334,27.58833333333334,69.58783333333334,7.923633333333335,58.08853333333334,49.75353333333334,60.08833333333334,35.08833333333334,62.08813333333334,20.42313333333334,69.17033333333333,56.83453333333333,72.50333333333333,35.50333333333333,75.83633333333333,14.172133333333328,75.95773333333334,66.45583333333335,78.29083333333334,49.79083333333334,80.62393333333334,33.12583333333334,75.79103333333335,72.12363333333334,77.79083333333334,66.79083333333334,79.79063333333335,61.45803333333334,77.36016666666667,73.02596666666668,79.02666666666667,66.02666666666667,80.69316666666667,59.027366666666666,79.5543125,72.7196125,83.88721249999999,63.38721249999999,88.22011249999998,54.05481249999999,77.45803333333333,68.45623333333334,82.79083333333334,55.79083333333334,88.12363333333334,43.12543333333333,78.86046666666667,70.19206666666668,83.52666666666667,57.52666666666667,88.19286666666667,44.861266666666666,79.88771249999999,70.05241249999999,84.88721249999999,55.38721249999999,89.88671249999999,40.72201249999999
277,77.85966666666667,65.52386666666666,82.85916666666667,45.85916666666667,87.85866666666666,26.194466666666663,76.35936666666667,68.02436666666667,78.35916666666667,53.35916666666667,80.35896666666667,38.69396666666667,92.5845,80.2487,95.9175,58.917500000000004,99.2505,37.5863,103.30815,93.80625,105.64125,77.14125,107.97435,60.47625,103.14145,99.47405,105.14125,94.14125,107.14105,88.80845,101.82141666666666,97.48721666666667,103.48791666666666,90.48791666666666,105.15441666666666,83.48861666666666,71.66607499999999,64.831375,75.99897499999999,55.49897499999999,80.33187499999998,46.16657499999999,104.80845,95.80665,110.14125,83.14125,115.47405,70.47585,103.32171666666666,94.65331666666667,107.98791666666666,81.98791666666666,112.65411666666667,69.32251666666666,71.99947499999999,62.164174999999986,76.99897499999999,47.49897499999999,81.99847499999998,32.83377499999999
278,88.05675,75.72094999999999,93.05624999999999,56.05624999999999,98.05574999999999,36.39154999999999,86.55645,78.22144999999999,88.55624999999999,63.55624999999999,90.55605,48.89104999999999,88.86075000000001,76.52495,92.19375000000001,55.19375000000001,95.52675,33.862550000000006,65.59481666666666,56.09291666666666,67.92791666666666,39.42791666666666,70.26101666666666,22.762916666666662,65.42811666666667,61.76071666666666,67.42791666666666,56.42791666666666,69.42771666666667,51.09511666666666,73.58433333333333,69.25013333333334,75.25083333333333,62.25083333333333,76.91733333333333,55.25153333333333,69.97811260094018,63.143412600940174,74.31101260094017,53.811012600940174,78.64391260094017,44.478612600940174,67.09511666666666,58.09331666666666,72.42791666666666,45.42791666666666,77.76071666666667,32.762516666666656,75.08463333333333,66.41623333333334,79.75083333333333,53.75083333333333,84.41703333333334,41.08543333333333,70.31151260094018,60.47621260094017,75.31101260094017,45.811012600940174,80.31051260094017,31.145812600940175
279,10.118833333333333,-2.216966666666665,15.118333333333332,-21.881666666666668,20.117833333333333,-41.54636666666667,8.618533333333334,0.28353333333333364,10.618333333333332,-14.381666666666668,12.618133333333333,-29.046866666666666,43.905750000000005,31.569950000000006,47.23875,10.238750000000003,50.57175,-11.09245,52.006483333333335,42.504583333333336,54.33958333333334,25.839583333333337,56.67268333333334,9.174583333333338,51.83978333333334,48.172383333333336,53.83958333333334,42.83958333333334,55.83938333333334,37.50678333333334,54.028083333333335,49.69388333333333,55.694583333333334,42.694583333333334,57.36108333333333,35.695283333333336,61.91924374999999,55.084543749999995,66.25214374999999,45.752143749999995,70.58504375,36.419743749999995,53.50678333333334,44.504983333333335,58.83958333333334,31.839583333333337,64.17238333333334,19.174183333333335,55.52838333333333,46.85998333333333,60.194583333333334,34.194583333333334,64.86078333333333,21.529183333333332,62.25264375,52.41734374999999,67.25214374999999,37.752143749999995,72.25164375,23.086943749999996
280,17.432583333333334,5.0967833333333346,22.43208333333333,-14.567916666666667,27.431583333333336,-34.23261666666667,15.932283333333332,7.597283333333333,17.93208333333333,-7.067916666666667,19.93188333333333,-21.733116666666668,77.01533333333334,64.67953333333334,80.34833333333334,43.34833333333334,83.68133333333334,22.01713333333334,93.36023333333333,83.85833333333333,95.69333333333333,67.19333333333333,98.02643333333333,50.52833333333333,93.19353333333333,89.52613333333333,95.19333333333333,84.19333333333333,97.19313333333332,78.86053333333332,93.43558333333333,89.10138333333333,95.10208333333333,82.10208333333333,96.76858333333332,75.10278333333332,107.64576875,100.81106875,111.97866875,91.47866875,116.31156874999999,82.14626874999999,94.86053333333332,85.85873333333333,100.19333333333333,73.19333333333333,105.52613333333333,60.52793333333332,94.93588333333332,86.26748333333333,99.60208333333333,73.60208333333333,104.26828333333333,60.93668333333332,107.97916875,98.14386875,112.97866875,83.47866875,117.97816875,68.81346875
281,117.753,105.4172,122.7525,85.7525,127.752,66.08779999999999,116.2527,107.9177,118.2525,93.2525,120.25229999999999,78.5873,134.90116666666665,122.56536666666665,138.23416666666665,101.23416666666665,141.56716666666665,79.90296666666666,118.26273333333334,108.76083333333335,120.59583333333335,92.09583333333335,122.92893333333335,75.43083333333334,118.09603333333335,114.42863333333335,120.09583333333335,109.09583333333335,122.09563333333335,103.76303333333334,115.89766666666667,111.56346666666667,117.56416666666667,104.56416666666667,119.23066666666666,97.56486666666666,111.33921126555556,104.50451126555556,115.67211126555556,95.17211126555556,120.00501126555555,85.83971126555556,119.76303333333334,110.76123333333335,125.09583333333335,98.09583333333335,130.42863333333335,85.43043333333334,117.39796666666666,108.72956666666667,122.06416666666667,96.06416666666667,126.73036666666667,83.39876666666666,111.67261126555556,101.83731126555556,116.67211126555556,87.17211126555556,121.67161126555555,72.50691126555556
282,124.13383333333333,111.79803333333332,129.13333333333333,92.13333333333333,134.13283333333334,72.46863333333332,122.63353333333333,114.29853333333332,124.63333333333333,99.63333333333333,126.63313333333332,84.96813333333333,127.5895,115.2537,130.9225,93.9225,134.2555,72.59129999999999,108.74856666666666,99.24666666666667,111.08166666666666,82.58166666666666,113.41476666666667,65.91666666666666,108.58186666666667,104.91446666666667,110.58166666666666,99.58166666666666,112.58146666666667,94.24886666666666,102.84766666666667,98.51346666666667,104.51416666666667,91.51416666666667,106.18066666666667,84.51486666666666,105.40668125,98.57198125000001,109.73958125,89.23958125,114.07248125,79.90718125000001,110.24886666666666,101.24706666666667,115.58166666666666,88.58166666666666,120.91446666666667,75.91626666666666,104.34796666666666,95.67956666666667,109.01416666666667,83.01416666666667,113.68036666666667,70.34876666666666,105.74008125,95.90478125,110.73958125,81.23958125,115.73908125,66.57438125
283,63.43591666666667,51.10011666666667,68.43541666666667,31.43541666666667,73.43491666666667,11.770716666666665,61.93561666666667,53.60061666666667,63.93541666666667,38.93541666666667,65.93521666666666,24.27021666666667,81.872,69.5362,85.205,48.205,88.538,26.873799999999996,63.95981666666666,54.45791666666666,66.29291666666666,37.79291666666666,68.62601666666666,21.127916666666664,63.79311666666666,60.12571666666666,65.79291666666666,54.79291666666666,67.79271666666666,49.460116666666664,72.23266666666666,67.89846666666666,73.89916666666666,60.89916666666666,75.56566666666666,53.899866666666654,110.28655624999999,103.45185624999999,114.61945624999998,94.11945624999998,118.95235624999998,84.78705624999998,65.46011666666666,56.45831666666666,70.79291666666666,43.79291666666666,76.12571666666666,31.12751666666666,73.73296666666666,65.06456666666666,78.39916666666666,52.39916666666666,83.06536666666666,39.733766666666654,110.61995624999999,100.78465624999998,115.61945624999998,86.11945624999998,120.61895624999998,71.45425624999999
284,56.62716666666667,44.29136666666667,61.626666666666665,24.626666666666665,66.62616666666666,4.961966666666662,55.126866666666665,46.791866666666664,57.126666666666665,32.126666666666665,59.126466666666666,17.461466666666666,121.12783333333333,108.79203333333332,124.46083333333333,87.46083333333333,127.79383333333332,66.12963333333332,127.11481666666667,117.61291666666668,129.44791666666669,100.94791666666667,131.78101666666666,84.28291666666667,126.94811666666668,123.28071666666668,128.94791666666669,117.94791666666667,130.94771666666668,112.61511666666667,131.51433333333333,127.18013333333334,133.18083333333334,120.18083333333334,134.84733333333335,113.18153333333333,132.46536875,125.63066875000001,136.79826875,116.29826875,141.13116875,106.96586875,128.61511666666667,119.61331666666668,133.94791666666669,106.94791666666667,139.28071666666668,94.28251666666667,133.01463333333334,124.34623333333334,137.68083333333334,111.68083333333334,142.34703333333334,99.01543333333333,132.79876875,122.96346875,137.79826875,108.29826875,142.79776875000002,93.63306875
285,95.31966666666666,82.98386666666666,100.31916666666666,63.31916666666666,105.31866666666666,43.65446666666666,93.81936666666667,85.48436666666666,95.81916666666666,70.81916666666666,97.81896666666665,56.15396666666666,89.67241666666668,77.33661666666667,93.00541666666668,56.005416666666676,96.33841666666667,34.67421666666667,59.533566666666665,50.031666666666666,61.86666666666667,33.36666666666667,64.19976666666666,16.701666666666668,59.36686666666667,55.699466666666666,61.36666666666667,50.36666666666667,63.36646666666667,45.03386666666667,61.515166666666666,57.18096666666666,63.181666666666665,50.181666666666665,64.84816666666667,43.18236666666667,93.26135,86.42665,97.59424999999999,77.09424999999999,101.92714999999998,67.76184999999998,61.03386666666667,52.032066666666665,66.36666666666667,39.36666666666667,71.69946666666667,26.701266666666665,63.01546666666666,54.34706666666666,67.68166666666667,41.681666666666665,72.34786666666666,29.016266666666663,93.59474999999999,83.75944999999999,98.59424999999999,69.09424999999999,103.59374999999999,54.42904999999999
286,22.560499999999998,10.2247,27.56,-9.440000000000001,32.5595,-29.104700000000005,21.0602,12.7252,23.06,-1.9400000000000013,25.0598,-16.6052,29.251166666666663,16.915366666666664,32.58416666666666,-4.415833333333335,35.91716666666667,-25.747033333333338,28.67815,19.176250000000003,31.01125,2.5112500000000004,33.34435,-14.153749999999999,28.51145,24.84405,30.51125,19.51125,32.51105,14.17845,44.73141666666667,40.397216666666665,46.39791666666667,33.39791666666667,48.064416666666666,26.398616666666666,55.663159425470084,48.828459425470086,59.99605942547009,39.49605942547009,64.32895942547009,30.163659425470087,30.17845,21.176650000000002,35.511250000000004,8.51125,40.84405,-4.154150000000001,46.231716666666664,37.563316666666665,50.89791666666667,24.897916666666667,55.56411666666666,12.232516666666665,55.99655942547009,46.161259425470085,60.99605942547009,31.496059425470087,65.99555942547009,16.830859425470088
287,32.35466666666667,20.018866666666668,37.35416666666667,0.35416666666666785,42.35366666666667,-19.310533333333336,30.854366666666667,22.51936666666667,32.85416666666667,7.854166666666668,34.853966666666665,-6.811033333333331,25.94116666666666,13.605366666666663,29.274166666666662,-7.7258333333333375,32.607166666666664,-29.05703333333334,48.24314999999999,38.741249999999994,50.576249999999995,22.076249999999995,52.909349999999996,5.4112499999999955,48.076449999999994,44.40904999999999,50.076249999999995,39.076249999999995,52.076049999999995,33.743449999999996,67.59891666666667,63.264716666666665,69.26541666666667,56.26541666666667,70.93191666666667,49.26611666666666,94.18784375,87.35314375,98.52074375,78.02074375,102.85364374999999,68.68834375,49.743449999999996,40.74164999999999,55.076249999999995,28.076249999999995,60.40904999999999,15.410849999999993,69.09921666666666,60.430816666666665,73.76541666666667,47.76541666666667,78.43161666666667,35.10001666666666,94.52124375,84.68594374999999,99.52074375,70.02074375,104.52024374999999,55.355543749999995
288,113.0155,100.6797,118.015,81.015,123.0145,61.3503,111.51520000000001,103.1802,113.515,88.515,115.51480000000001,73.8498,123.69241666666667,111.35661666666667,127.02541666666667,90.02541666666667,130.35841666666667,68.69421666666668,136.57273333333333,127.07083333333334,138.90583333333333,110.40583333333333,141.23893333333334,93.74083333333334,136.40603333333334,132.73863333333333,138.40583333333333,127.40583333333333,140.40563333333333,122.07303333333333,142.7205833333333,138.38638333333333,144.38708333333332,131.38708333333332,146.05358333333334,124.38778333333332,113.54551597829061,106.71081597829061,117.8784159782906,97.3784159782906,122.2113159782906,88.0460159782906,138.07303333333334,129.07123333333334,143.40583333333333,116.40583333333333,148.73863333333333,103.74043333333333,144.22088333333332,135.55248333333333,148.88708333333332,122.88708333333332,153.55328333333333,110.22168333333332,113.8789159782906,104.0436159782906,118.8784159782906,89.3784159782906,123.8779159782906,74.7132159782906
289,107.67341666666667,95.33761666666666,112.67291666666667,75.67291666666667,117.67241666666666,56.00821666666666,106.17311666666667,97.83811666666666,108.17291666666667,83.17291666666667,110.17271666666667,68.50771666666667,135.91283333333334,123.57703333333333,139.24583333333334,102.24583333333334,142.57883333333334,80.91463333333334,128.6669,119.165,131.0,102.5,133.3331,85.83500000000001,128.5002,124.8328,130.5,119.5,132.4998,114.1672,120.36058333333334,116.02638333333334,122.02708333333334,109.02708333333334,123.69358333333334,102.02778333333333,100.5996875,93.7649875,104.9325875,84.4325875,109.26548749999999,75.1001875,130.1672,121.1654,135.5,108.5,140.8328,95.8346,121.86088333333333,113.19248333333334,126.52708333333334,100.52708333333334,131.19328333333334,87.86168333333333,100.9330875,91.0977875,105.9325875,76.4325875,110.9320875,61.7673875
290,95.03841666666666,82.70261666666666,100.03791666666666,63.03791666666666,105.03741666666666,43.37321666666666,93.53811666666667,85.20311666666666,95.53791666666666,70.53791666666666,97.53771666666665,55.87271666666666,115.46991666666666,103.13411666666666,118.80291666666666,81.80291666666666,122.13591666666666,60.47171666666666,93.89065,84.38875,96.22375,67.72375,98.55685,51.058749999999996,93.72395,90.05655,95.72375,84.72375,97.72354999999999,79.39094999999999,74.981,70.6468,76.6475,63.647499999999994,78.314,56.64819999999999,91.66405625,84.82935625,95.99695625,75.49695625,100.32985624999999,66.16455625,95.39094999999999,86.38915,100.72375,73.72375,106.05655,61.05834999999999,76.48129999999999,67.8129,81.1475,55.147499999999994,85.8137,42.48209999999999,91.99745625,82.16215625,96.99695625,67.49695625,101.99645625,52.83175625
291,101.58841666666667,89.25261666666667,106.58791666666667,69.58791666666667,111.58741666666667,49.92321666666667,100.08811666666668,91.75311666666667,102.08791666666667,77.08791666666667,104.08771666666667,62.42271666666667,110.03783333333334,97.70203333333333,113.37083333333334,76.37083333333334,116.70383333333334,55.039633333333335,98.73981666666667,89.23791666666668,101.07291666666667,72.57291666666667,103.40601666666667,55.90791666666667,98.57311666666668,94.90571666666668,100.57291666666667,89.57291666666667,102.57271666666668,84.24011666666667,97.67933333333335,93.34513333333335,99.34583333333335,86.34583333333335,101.01233333333334,79.34653333333334,104.64325625,97.80855625,108.97615624999999,88.47615624999999,113.30905624999998,79.14375625,100.24011666666667,91.23831666666668,105.57291666666667,78.57291666666667,110.90571666666668,65.90751666666667,99.17963333333334,90.51123333333335,103.84583333333335,77.84583333333335,108.51203333333335,65.18043333333334,104.97665624999999,95.14135624999999,109.97615624999999,80.47615624999999,114.97565624999999,65.81095624999999
292,63.813,51.4772,68.8125,31.8125,73.812,12.147799999999997,62.3127,53.9777,64.3125,39.3125,66.3123,24.6473,83.1545,70.81869999999999,86.4875,49.4875,89.8205,28.156299999999995,86.28231666666666,76.78041666666667,88.61541666666666,60.11541666666666,90.94851666666666,43.45041666666666,86.11561666666667,82.44821666666667,88.11541666666666,77.11541666666666,90.11521666666667,71.78261666666666,91.00183333333334,86.66763333333334,92.66833333333334,79.66833333333334,94.33483333333334,72.66903333333333,96.4218125,89.5871125,100.7547125,80.2547125,105.08761249999999,70.9223125,87.78261666666666,78.78081666666667,93.11541666666666,66.11541666666666,98.44821666666667,53.450016666666656,92.50213333333333,83.83373333333334,97.16833333333334,71.16833333333334,101.83453333333334,58.50293333333333,96.7552125,86.9199125,101.7547125,72.2547125,106.7542125,57.5895125
293,62.45175,50.11595,67.45124999999999,30.451249999999995,72.45075,10.786549999999991,60.951449999999994,52.61644999999999,62.951249999999995,37.951249999999995,64.95105,23.286049999999996,92.91366666666667,80.57786666666667,96.24666666666667,59.24666666666667,99.57966666666667,37.91546666666667,54.62648333333333,45.124583333333334,56.959583333333335,28.459583333333335,59.292683333333336,11.794583333333335,54.459783333333334,50.79238333333333,56.459583333333335,45.459583333333335,58.459383333333335,40.126783333333336,51.731833333333334,47.39763333333333,53.39833333333333,40.39833333333333,55.06483333333333,33.399033333333335,111.71468750000001,104.87998750000001,116.0475875,95.5475875,120.3804875,86.21518750000001,56.126783333333336,47.12498333333333,61.459583333333335,34.459583333333335,66.79238333333333,21.794183333333333,53.23213333333333,44.56373333333333,57.89833333333333,31.898333333333333,62.56453333333333,19.23293333333333,112.04808750000001,102.2127875,117.0475875,87.5475875,122.0470875,72.88238750000001
294,92.29341666666667,79.95761666666667,97.29291666666667,60.29291666666667,102.29241666666667,40.62821666666667,90.79311666666668,82.45811666666667,92.79291666666667,67.79291666666667,94.79271666666668,53.12771666666667,99.68908333333333,87.35328333333332,103.02208333333333,66.02208333333333,106.35508333333333,44.690883333333325,70.52273333333333,61.020833333333336,72.85583333333334,44.35583333333334,75.18893333333334,27.690833333333337,70.35603333333334,66.68863333333334,72.35583333333334,61.35583333333334,74.35563333333334,56.02303333333334,72.88974999999999,68.55555,74.55624999999999,61.55624999999999,76.22274999999999,54.556949999999986,147.0779375,140.2432375,151.41083749999999,130.91083749999999,155.74373749999998,121.57843749999998,72.02303333333333,63.021233333333335,77.35583333333334,50.35583333333334,82.68863333333334,37.69043333333333,74.39004999999999,65.72165,79.05624999999999,53.05624999999999,83.72245,40.390849999999986,147.41133749999997,137.57603749999998,152.41083749999999,122.91083749999999,157.4103375,108.24563749999999
295,173.6475833333333,161.31178333333332,178.6470833333333,141.6470833333333,183.64658333333333,121.9823833333333,172.14728333333332,163.8122833333333,174.1470833333333,149.1470833333333,176.1468833333333,134.48188333333331,131.09033333333332,118.75453333333331,134.42333333333332,97.42333333333332,137.75633333333332,76.09213333333332,126.15023333333333,116.64833333333334,128.48333333333335,99.98333333333333,130.81643333333332,83.31833333333333,125.98353333333334,122.31613333333334,127.98333333333333,116.98333333333333,129.98313333333334,111.65053333333333,124.22058333333334,119.88638333333334,125.88708333333334,112.88708333333334,127.55358333333334,105.88778333333333,109.86428319102566,103.02958319102567,114.19718319102566,93.69718319102566,118.53008319102565,84.36478319102565,127.65053333333333,118.64873333333334,132.98333333333335,105.98333333333333,138.31613333333334,93.31793333333333,125.72088333333333,117.05248333333334,130.38708333333335,104.38708333333334,135.05328333333333,91.72168333333333,110.19768319102566,100.36238319102566,115.19718319102566,85.69718319102566,120.19668319102566,71.03198319102566
296,142.28841666666665,129.95261666666667,147.28791666666666,110.28791666666666,152.28741666666667,90.62321666666665,140.78811666666667,132.45311666666666,142.78791666666666,117.78791666666666,144.78771666666665,103.12271666666666,126.97241666666666,114.63661666666665,130.30541666666664,93.30541666666666,133.63841666666667,71.97421666666665,118.94815,109.44625,121.28125,92.78125,123.61435,76.11625000000001,118.78145,115.11405,120.78125,109.78125,122.78105,104.44845,115.92641666666667,111.59221666666667,117.59291666666667,104.59291666666667,119.25941666666667,97.59361666666666,140.59223749999998,133.75753749999998,144.92513749999998,124.42513749999998,149.25803749999997,115.09273749999997,120.44845,111.44665,125.78125,98.78125,131.11405,86.11585,117.42671666666666,108.75831666666667,122.09291666666667,96.09291666666667,126.75911666666667,83.42751666666666,140.92563749999997,131.09033749999998,145.92513749999998,116.42513749999998,150.9246375,101.75993749999998
297,128.31008333333332,115.97428333333332,133.3095833333333,96.30958333333332,138.30908333333332,76.64488333333333,126.80978333333333,118.47478333333332,128.8095833333333,103.80958333333332,130.80938333333333,89.14438333333332,126.68491666666667,114.34911666666666,130.01791666666668,93.01791666666666,133.35091666666668,71.68671666666665,124.87939999999999,115.3775,127.21249999999999,98.71249999999999,129.54559999999998,82.04749999999999,124.7127,121.0453,126.71249999999999,115.71249999999999,128.7123,110.37969999999999,125.30308333333333,120.96888333333334,126.96958333333333,113.96958333333333,128.63608333333335,106.97028333333333,136.111625,129.276925,140.444525,119.944525,144.777425,110.61212499999999,126.37969999999999,117.3779,131.71249999999998,104.71249999999999,137.0453,92.04709999999999,126.80338333333333,118.13498333333334,131.46958333333333,105.46958333333333,136.13578333333334,92.80418333333333,136.445025,126.609725,141.444525,111.944525,146.444025,97.279325
298,136.15175,123.81595,141.15125,104.15125,146.15075000000002,84.48655,134.65145,126.31645,136.65125,111.65125,138.65105,96.98605,129.79783333333333,117.46203333333332,133.13083333333333,96.13083333333333,136.46383333333333,74.79963333333333,123.44981666666666,113.94791666666667,125.78291666666667,97.28291666666667,128.11601666666667,80.61791666666667,123.28311666666667,119.61571666666667,125.28291666666667,114.28291666666667,127.28271666666666,108.95011666666666,124.52558333333334,120.19138333333335,126.19208333333334,113.19208333333334,127.85858333333334,106.19278333333334,119.79280625,112.95810625,124.12570625,103.62570625,128.45860625,94.29330625,124.95011666666666,115.94831666666667,130.28291666666667,103.28291666666667,135.61571666666666,90.61751666666666,126.02588333333334,117.35748333333335,130.69208333333336,104.69208333333334,135.35828333333333,92.02668333333334,120.12620625,110.29090624999999,125.12570625,95.62570625,130.12520625,80.96050625
299,157.27925,144.94345,162.27875,125.27875,167.27825,105.61404999999999,155.77895,147.44395,157.77875,132.77875,159.77855,118.11355,131.52158333333335,119.18578333333335,134.85458333333335,97.85458333333335,138.18758333333335,76.52338333333336,117.48856666666666,107.98666666666666,119.82166666666666,91.32166666666666,122.15476666666666,74.65666666666667,117.32186666666666,113.65446666666666,119.32166666666666,108.32166666666666,121.32146666666665,102.98886666666665,117.5635,113.22930000000001,119.23,106.23,120.8965,99.2307,134.19550625,127.36080625,138.52840625,118.02840624999999,142.86130624999998,108.69600624999998,118.98886666666665,109.98706666666666,124.32166666666666,97.32166666666666,129.65446666666665,84.65626666666665,119.0638,110.39540000000001,123.73,97.73,128.3962,85.0646,134.52890624999998,124.69360624999999,139.52840625,110.02840624999999,144.52790625,95.36320624999999
300,143.81508333333332,131.47928333333334,148.81458333333333,111.81458333333333,153.81408333333334,92.14988333333332,142.31478333333334,133.97978333333333,144.31458333333333,119.31458333333333,146.31438333333332,104.64938333333333,109.86991666666667,97.53411666666666,113.20291666666667,76.20291666666667,116.53591666666667,54.871716666666664,78.7744,69.27250000000001,81.1075,52.6075,83.4406,35.9425,78.60770000000001,74.94030000000001,80.6075,69.6075,82.60730000000001,64.2747,66.44141666666667,62.107216666666666,68.10791666666667,55.10791666666667,69.77441666666667,48.10861666666666,121.90002499999999,115.06532499999999,126.23292499999998,105.73292499999998,130.565825,96.40052499999999,80.2747,71.2729,85.6075,58.6075,90.94030000000001,45.942099999999996,67.94171666666666,59.273316666666666,72.60791666666667,46.60791666666667,77.27411666666667,33.94251666666666,122.23342499999998,112.39812499999998,127.23292499999998,97.73292499999998,132.23242499999998,83.06772499999998
301,50.02675,37.69095,55.02625,18.026249999999997,60.02575,-1.638450000000006,48.52645,40.191449999999996,50.52625,25.526249999999997,52.52605,10.861049999999999,46.032000000000004,33.696200000000005,49.365,12.365000000000002,52.698,-8.9662,24.864816666666666,15.362916666666669,27.197916666666668,-1.3020833333333321,29.531016666666666,-17.96708333333333,24.698116666666667,21.030716666666667,26.697916666666668,15.697916666666668,28.69771666666667,10.365116666666667,26.600583333333333,22.266383333333334,28.267083333333332,15.267083333333332,29.93358333333333,8.26778333333333,73.8612875,67.0265875,78.1941875,57.6941875,82.5270875,48.3617875,26.36511666666667,17.36331666666667,31.697916666666668,4.697916666666668,37.03071666666667,-7.967483333333334,28.100883333333332,19.432483333333334,32.76708333333333,6.767083333333332,37.433283333333335,-5.89831666666667,74.1946875,64.3593875,79.1941875,49.6941875,84.1936875,35.0289875
302,94.60300000000001,82.2672,99.6025,62.602500000000006,104.602,42.9378,93.10270000000001,84.7677,95.1025,70.1025,97.10230000000001,55.43730000000001,98.01366666666668,85.67786666666667,101.34666666666668,64.34666666666668,104.67966666666668,43.015466666666676,97.30523333333333,87.80333333333334,99.63833333333334,71.13833333333334,101.97143333333334,54.473333333333336,97.13853333333334,93.47113333333334,99.13833333333334,88.13833333333334,101.13813333333334,82.80553333333333,98.131,93.7968,99.7975,86.7975,101.464,79.7982,100.55486607923079,93.7201660792308,104.88776607923079,84.38776607923079,109.22066607923078,75.0553660792308,98.80553333333333,89.80373333333334,104.13833333333334,77.13833333333334,109.47113333333334,64.47293333333333,99.6313,90.9629,104.2975,78.2975,108.9637,65.6321,100.88826607923079,91.05296607923079,105.88776607923079,76.38776607923079,110.88726607923078,61.72256607923079
303,81.69258333333333,69.35678333333333,86.69208333333333,49.69208333333333,91.69158333333333,30.027383333333326,80.19228333333334,71.85728333333333,82.19208333333333,57.19208333333333,84.19188333333332,42.52688333333333,99.857,87.5212,103.19,66.19,106.523,44.858799999999995,105.25523333333332,95.75333333333333,107.58833333333332,79.08833333333332,109.92143333333333,62.423333333333325,105.08853333333333,101.42113333333333,107.08833333333332,96.08833333333332,109.08813333333333,90.75553333333332,117.95391666666666,113.61971666666666,119.62041666666666,106.62041666666666,121.28691666666666,99.62111666666665,111.29056250000001,104.45586250000001,115.6234625,95.1234625,119.9563625,85.79106250000001,106.75553333333332,97.75373333333333,112.08833333333332,85.08833333333332,117.42113333333333,72.42293333333332,119.45421666666665,110.78581666666666,124.12041666666666,98.12041666666666,128.78661666666665,85.45501666666665,111.6239625,101.7886625,116.6234625,87.1234625,121.6229625,72.4582625
304,53.35883333333333,41.02303333333333,58.35833333333333,21.358333333333327,63.35783333333333,1.6936333333333238,51.85853333333333,43.523533333333326,53.85833333333333,28.858333333333327,55.85813333333333,14.193133333333328,66.097,53.761199999999995,69.42999999999999,32.42999999999999,72.76299999999999,11.09879999999999,62.22315,52.72125,64.55625,36.05625,66.88935,19.39125,62.05645,58.38905,64.05625,53.05625,66.05605,47.72345,59.404333333333334,55.07013333333333,61.07083333333333,48.07083333333333,62.73733333333333,41.071533333333335,87.0896,80.2549,91.4225,70.9225,95.7554,61.5901,63.72345,54.72165,69.05625,42.05625,74.38905,29.390849999999997,60.90463333333333,52.23623333333333,65.57083333333333,39.57083333333333,70.23703333333333,26.90543333333333,87.423,77.5877,92.4225,62.9225,97.422,48.2573
305,74.44591666666668,62.11011666666668,79.44541666666667,42.445416666666674,84.44491666666667,22.78071666666667,72.94561666666668,64.61061666666667,74.94541666666667,49.945416666666674,76.94521666666668,35.280216666666675,69.06533333333333,56.72953333333333,72.39833333333333,35.398333333333326,75.73133333333332,14.067133333333324,60.681483333333325,51.179583333333326,63.01458333333333,34.51458333333333,65.34768333333332,17.849583333333328,60.51478333333333,56.847383333333326,62.51458333333333,51.51458333333333,64.51438333333333,46.18178333333333,68.37225,64.03805,70.03875,57.03874999999999,71.70524999999999,50.03944999999999,89.78425625,82.94955625,94.11715625,73.61715625,98.45005624999999,64.28475624999999,62.18178333333333,53.179983333333325,67.51458333333332,40.51458333333333,72.84738333333333,27.849183333333325,69.87254999999999,61.20414999999999,74.53875,48.53874999999999,79.20495,35.87334999999999,90.11765625,80.28235624999999,95.11715625,65.61715625,100.11665624999999,50.951956249999995
306,58.76925000000001,46.43345000000001,63.768750000000004,26.768750000000004,68.76825000000001,7.104050000000001,57.268950000000004,48.93395,59.268750000000004,34.268750000000004,61.268550000000005,19.603550000000006,83.21116666666667,70.87536666666666,86.54416666666667,49.54416666666667,89.87716666666667,28.212966666666667,59.01273333333333,49.51083333333333,61.34583333333333,32.84583333333333,63.67893333333333,16.180833333333332,58.84603333333333,55.17863333333333,60.84583333333333,49.84583333333333,62.84563333333333,44.51303333333333,61.28641666666666,56.95221666666666,62.95291666666666,49.95291666666666,64.61941666666667,42.95361666666666,98.68161875,91.84691875,103.01451875,82.51451875,107.34741874999999,73.18211875,60.51303333333333,51.51123333333333,65.84583333333333,38.84583333333333,71.17863333333334,26.18043333333333,62.786716666666656,54.11831666666666,67.45291666666665,41.45291666666666,72.11911666666666,28.787516666666658,99.01501875,89.17971874999999,104.01451875,74.51451875,109.01401874999999,59.849318749999995
307,25.560083333333335,13.224283333333338,30.559583333333336,-6.440416666666664,35.559083333333334,-26.105116666666667,24.059783333333336,15.724783333333336,26.059583333333336,1.059583333333336,28.059383333333336,-13.605616666666663,53.471583333333335,41.135783333333336,56.80458333333333,19.804583333333333,60.13758333333333,-1.5266166666666692,24.44065,14.938750000000004,26.773750000000003,-1.7262499999999967,29.10685,-18.391249999999996,24.273950000000003,20.606550000000002,26.273750000000003,15.273750000000003,28.273550000000004,9.940950000000003,28.799333333333337,24.465133333333338,30.465833333333336,17.465833333333336,32.132333333333335,10.466533333333334,122.75948749999999,115.9247875,127.09238749999999,106.59238749999999,131.4252875,97.2599875,25.940950000000004,16.939150000000005,31.273750000000003,4.273750000000003,36.606550000000006,-8.391649999999998,30.299633333333336,21.631233333333338,34.965833333333336,8.965833333333336,39.63203333333334,-3.699566666666666,123.09288749999999,113.25758749999999,128.09238749999997,98.59238749999999,133.09188749999998,83.92718749999999
308,36.918,24.5822,41.9175,4.917499999999997,46.917,-14.747200000000007,35.417699999999996,27.082699999999996,37.4175,12.417499999999997,39.4173,-2.247700000000002,48.596583333333335,36.260783333333336,51.92958333333333,14.929583333333333,55.26258333333333,-6.401616666666669,30.83023333333333,21.328333333333333,33.16333333333333,4.66333333333333,35.49643333333333,-12.001666666666669,30.66353333333333,26.99613333333333,32.66333333333333,21.66333333333333,34.663133333333334,16.330533333333328,40.91891666666667,36.584716666666665,42.58541666666667,29.585416666666667,44.251916666666666,22.586116666666666,120.1377125,113.30301250000001,124.4706125,103.9706125,128.8035125,94.63821250000001,32.33053333333333,23.328733333333332,37.66333333333333,10.66333333333333,42.99613333333333,-2.0020666666666713,42.419216666666664,33.750816666666665,47.08541666666667,21.085416666666667,51.75161666666666,8.420016666666665,120.4711125,110.6358125,125.4706125,95.9706125,130.4701125,81.3054125
309,94.01841666666667,81.68261666666666,99.01791666666666,62.017916666666665,104.01741666666666,42.35321666666666,92.51811666666667,84.18311666666666,94.51791666666666,69.51791666666666,96.51771666666667,54.852716666666666,68.25241666666666,55.91661666666666,71.58541666666666,34.58541666666666,74.91841666666666,13.254216666666657,76.38106666666667,66.87916666666668,78.71416666666667,50.21416666666667,81.04726666666667,33.54916666666667,76.21436666666668,72.54696666666668,78.21416666666667,67.21416666666667,80.21396666666666,61.88136666666667,80.3235,75.9893,81.99,68.99,83.6565,61.99069999999999,97.89006761649574,91.05536761649574,102.22296761649574,81.72296761649574,106.55586761649573,72.39056761649573,77.88136666666666,68.87956666666668,83.21416666666667,56.21416666666667,88.54696666666668,43.548766666666666,81.82379999999999,73.1554,86.49,60.489999999999995,91.1562,47.82459999999999,98.22346761649574,88.38816761649574,103.22296761649574,73.72296761649574,108.22246761649573,59.05776761649574
310,120.44675000000001,108.11095,125.44625,88.44625,130.44575,68.78155000000001,118.94645000000001,110.61145,120.94625,95.94625,122.94605000000001,81.28105000000001,98.5395,86.2037,101.8725,64.8725,105.2055,43.5413,100.56689999999999,91.065,102.89999999999999,74.39999999999999,105.2331,57.73499999999999,100.4002,96.7328,102.39999999999999,91.39999999999999,104.3998,86.06719999999999,103.33475000000001,99.00055000000002,105.00125000000001,92.00125000000001,106.66775000000001,85.00195000000001,104.92356875,98.08886875,109.25646875,88.75646875,113.58936874999999,79.42406875,102.06719999999999,93.0654,107.39999999999999,80.39999999999999,112.7328,67.73459999999999,104.83505000000001,96.16665000000002,109.50125000000001,83.50125000000001,114.16745000000002,70.83585000000001,105.25696875,95.42166875,110.25646875,80.75646875,115.25596875,66.09126875
311,129.75508333333335,117.41928333333334,134.75458333333336,97.75458333333334,139.75408333333334,78.08988333333335,128.25478333333334,119.91978333333334,130.25458333333336,105.25458333333334,132.25438333333335,90.58938333333334,95.34783333333334,83.01203333333333,98.68083333333334,61.68083333333334,102.01383333333334,40.34963333333334,90.94606666666665,81.44416666666666,93.27916666666665,64.77916666666665,95.61226666666666,48.114166666666655,90.77936666666666,87.11196666666666,92.77916666666665,81.77916666666665,94.77896666666666,76.44636666666665,94.91558333333334,90.58138333333335,96.58208333333334,83.58208333333334,98.24858333333334,76.58278333333334,105.37109375,98.53639375,109.70399375,89.20399375,114.03689374999999,79.87159374999999,92.44636666666665,83.44456666666666,97.77916666666665,70.77916666666665,103.11196666666666,58.11376666666665,96.41588333333334,87.74748333333335,101.08208333333334,75.08208333333334,105.74828333333335,62.41668333333334,105.70449375,95.86919375,110.70399375,81.20399375,115.70349374999999,66.53879375
312,96.81425000000002,84.47845000000001,101.81375000000001,64.81375000000001,106.81325000000001,45.14905000000001,95.31395000000002,86.97895000000001,97.31375000000001,72.31375000000001,99.31355000000002,57.648550000000014,94.15241666666667,81.81661666666666,97.48541666666667,60.485416666666666,100.81841666666666,39.15421666666666,98.05856666666666,88.55666666666667,100.39166666666667,71.89166666666667,102.72476666666667,55.22666666666667,97.89186666666667,94.22446666666667,99.89166666666667,88.89166666666667,101.89146666666667,83.55886666666666,103.28641666666667,98.95221666666667,104.95291666666667,91.95291666666667,106.61941666666667,84.95361666666666,100.0634375,93.22873750000001,104.3963375,83.8963375,108.7292375,74.56393750000001,99.55886666666666,90.55706666666667,104.89166666666667,77.89166666666667,110.22446666666667,65.22626666666666,104.78671666666666,96.11831666666667,109.45291666666667,83.45291666666667,114.11911666666667,70.78751666666666,100.3968375,90.5615375,105.3963375,75.8963375,110.3958375,61.2311375
313,94.46716666666666,82.13136666666665,99.46666666666665,62.466666666666654,104.46616666666665,42.80196666666665,92.96686666666666,84.63186666666665,94.96666666666665,69.96666666666665,96.96646666666666,55.301466666666656,98.53658333333333,86.20078333333332,101.86958333333332,64.86958333333332,105.20258333333332,43.53838333333332,96.18231666666667,86.68041666666667,98.51541666666667,70.01541666666667,100.84851666666667,53.35041666666667,96.01561666666667,92.34821666666667,98.01541666666667,87.01541666666667,100.01521666666667,81.68261666666666,97.46141666666668,93.12721666666668,99.12791666666668,86.12791666666668,100.79441666666668,79.12861666666667,104.75781875,97.92311875,109.09071875,88.59071875,113.42361874999999,79.25831875,97.68261666666666,88.68081666666667,103.01541666666667,76.01541666666667,108.34821666666667,63.35001666666666,98.96171666666667,90.29331666666668,103.62791666666668,77.62791666666668,108.29411666666668,64.96251666666667,105.09121875,95.25591874999999,110.09071875,80.59071875,115.09021874999999,65.92551875
314,93.04633333333334,80.71053333333333,98.04583333333333,61.045833333333334,103.04533333333333,41.38113333333333,91.54603333333334,83.21103333333333,93.54583333333333,68.54583333333333,95.54563333333334,53.880633333333336,97.95616666666668,85.62036666666667,101.28916666666667,64.28916666666667,104.62216666666667,42.95796666666667,98.05356666666667,88.55166666666668,100.38666666666667,71.88666666666667,102.71976666666667,55.22166666666667,97.88686666666668,94.21946666666668,99.88666666666667,88.88666666666667,101.88646666666668,83.55386666666666,97.72266666666667,93.38846666666667,99.38916666666667,86.38916666666667,101.05566666666667,79.38986666666666,102.30569375,95.47099375,106.63859375,86.13859375,110.97149375,76.80619375,99.55386666666666,90.55206666666668,104.88666666666667,77.88666666666667,110.21946666666668,65.22126666666666,99.22296666666666,90.55456666666667,103.88916666666667,77.88916666666667,108.55536666666667,65.22376666666666,102.63909375,92.80379375,107.63859375,78.13859375,112.63809375,63.47339375
315,96.09383333333332,83.75803333333332,101.09333333333332,64.09333333333332,106.09283333333332,44.428633333333316,94.59353333333333,86.25853333333332,96.59333333333332,71.59333333333332,98.59313333333333,56.92813333333332,98.89033333333334,86.55453333333334,102.22333333333334,65.22333333333334,105.55633333333334,43.89213333333334,99.23065000000001,89.72875000000002,101.56375000000001,73.06375000000001,103.89685000000001,56.398750000000014,99.06395000000002,95.39655000000002,101.06375000000001,90.06375000000001,103.06355000000002,84.73095,99.40683333333334,95.07263333333334,101.07333333333334,88.07333333333334,102.73983333333334,81.07403333333333,103.48641875,96.65171875,107.81931875,87.31931875,112.15221874999999,77.98691875,100.73095,91.72915000000002,106.06375000000001,79.06375000000001,111.39655000000002,66.39835000000001,100.90713333333333,92.23873333333334,105.57333333333334,79.57333333333334,110.23953333333334,66.90793333333333,103.81981875,93.98451874999999,108.81931875,79.31931875,113.81881874999999,64.65411875
316,107.20175,94.86595,112.20125,75.20125,117.20075,55.53655,105.70145000000001,97.36645,107.70125,82.70125,109.70105000000001,68.03605,114.53408333333333,102.19828333333332,117.86708333333333,80.86708333333333,121.20008333333332,59.535883333333324,92.67815,83.17625000000001,95.01125,66.51125,97.34435,49.846250000000005,92.51145000000001,88.84405000000001,94.51125,83.51125,96.51105000000001,78.17845,90.86349999999999,86.52929999999999,92.52999999999999,79.52999999999999,94.19649999999999,72.53069999999998,98.5990160792308,91.7643160792308,102.93191607923079,82.43191607923079,107.26481607923078,73.0995160792308,94.17845,85.17665000000001,99.51125,72.51125,104.84405000000001,59.84585,92.36379999999998,83.69539999999999,97.02999999999999,71.02999999999999,101.69619999999999,58.36459999999998,98.93241607923079,89.09711607923079,103.93191607923079,74.43191607923079,108.93141607923079,59.76671607923079
317,103.79633333333334,91.46053333333333,108.79583333333333,71.79583333333333,113.79533333333333,52.13113333333333,102.29603333333334,93.96103333333333,104.29583333333333,79.29583333333333,106.29563333333334,64.63063333333334,90.83366666666667,78.49786666666667,94.16666666666667,57.16666666666667,97.49966666666667,35.83546666666667,69.6344,60.1325,71.9675,43.4675,74.3006,26.802500000000002,69.46770000000001,65.80030000000001,71.4675,60.4675,73.4673,55.1347,72.9435,68.6093,74.61,61.61,76.2765,54.610699999999994,94.68314286131367,87.84844286131367,99.01604286131366,78.51604286131366,103.34894286131366,69.18364286131367,71.1347,62.1329,76.4675,49.4675,81.80030000000001,36.802099999999996,74.4438,65.7754,79.11,53.11,83.7762,40.444599999999994,95.01654286131367,85.18124286131366,100.01604286131366,70.51604286131366,105.01554286131366,55.850842861313666
318,107.80466666666668,95.46886666666667,112.80416666666667,75.80416666666667,117.80366666666667,56.13946666666667,106.30436666666668,97.96936666666667,108.30416666666667,83.30416666666667,110.30396666666667,68.63896666666668,103.53991666666666,91.20411666666665,106.87291666666665,69.87291666666665,110.20591666666665,48.54171666666665,103.75648333333334,94.25458333333334,106.08958333333334,77.58958333333334,108.42268333333334,60.92458333333334,103.58978333333334,99.92238333333334,105.58958333333334,94.58958333333334,107.58938333333333,89.25678333333333,101.05433333333335,96.72013333333335,102.72083333333335,89.72083333333335,104.38733333333334,82.72153333333334,113.577425,106.74272500000001,117.910325,97.410325,122.243225,88.077925,105.25678333333333,96.25498333333334,110.58958333333334,83.58958333333334,115.92238333333334,70.92418333333333,102.55463333333334,93.88623333333335,107.22083333333335,81.22083333333335,111.88703333333335,68.55543333333334,113.910825,104.075525,118.910325,89.410325,123.909825,74.745125
319,134.86591666666666,122.53011666666667,139.86541666666668,102.86541666666668,144.8649166666667,83.20071666666666,133.36561666666668,125.03061666666667,135.36541666666668,110.36541666666668,137.36521666666667,95.70021666666668,122.18283333333333,109.84703333333333,125.51583333333333,88.51583333333333,128.84883333333335,67.18463333333332,119.65690000000001,110.15500000000002,121.99000000000001,93.49000000000001,124.32310000000001,76.82500000000002,119.49020000000002,115.82280000000002,121.49000000000001,110.49000000000001,123.4898,105.1572,122.53891666666667,118.20471666666667,124.20541666666666,111.20541666666666,125.87191666666666,104.20611666666666,139.97628125,133.14158125,144.30918125,123.80918125,148.64208125,114.47678124999999,121.1572,112.15540000000001,126.49000000000001,99.49000000000001,131.8228,86.8246,124.03921666666666,115.37081666666667,128.70541666666668,102.70541666666666,133.37161666666665,90.04001666666666,140.30968124999998,130.47438125,145.30918125,115.80918125,150.30868125,101.14398125
320,122.27925,109.94345,127.27875,90.27875,132.27825,70.61404999999999,120.77895000000001,112.44395,122.77875,97.77875,124.77855,83.11355,124.07783333333334,111.74203333333334,127.41083333333334,90.41083333333334,130.74383333333336,69.07963333333333,122.69773333333332,113.19583333333333,125.03083333333332,96.53083333333332,127.36393333333332,79.86583333333331,122.53103333333333,118.86363333333333,124.53083333333332,113.53083333333332,126.53063333333333,108.19803333333331,122.60433333333333,118.27013333333333,124.27083333333333,111.27083333333333,125.93733333333333,104.27153333333332,118.56820625,111.73350625,122.90110625,102.40110625,127.23400625,93.06870624999999,124.19803333333331,115.19623333333332,129.5308333333333,102.53083333333332,134.86363333333333,89.86543333333331,124.10463333333333,115.43623333333333,128.77083333333331,102.77083333333333,133.43703333333332,90.10543333333332,118.90160625,109.06630625,123.90110625,94.40110625,128.90060625,79.73590625
321,101.81008333333332,89.47428333333332,106.80958333333332,69.80958333333332,111.80908333333332,50.14488333333332,100.30978333333333,91.97478333333332,102.30958333333332,77.30958333333332,104.30938333333333,62.64438333333332,107.13408333333334,94.79828333333333,110.46708333333333,73.46708333333333,113.80008333333333,52.13588333333333,88.75398333333334,79.25208333333335,91.08708333333334,62.58708333333334,93.42018333333334,45.92208333333334,88.58728333333335,84.91988333333335,90.58708333333334,79.58708333333334,92.58688333333333,74.25428333333333,87.61225,83.27805000000001,89.27875,76.27875,90.94525,69.27945,96.0181625,89.1834625,100.3510625,79.8510625,104.68396249999999,70.5186625,90.25428333333333,81.25248333333334,95.58708333333334,68.58708333333334,100.91988333333335,55.921683333333334,89.11255,80.44415000000001,93.77875,67.77875,98.44495,55.11335,96.3515625,86.5162625,101.3510625,71.8510625,106.3505625,57.1858625
322,69.41175,57.07595,74.41125,37.411249999999995,79.41075,17.746549999999992,67.91145,59.576449999999994,69.91125,44.911249999999995,71.91104999999999,30.246049999999997,85.1945,72.8587,88.5275,51.5275,91.8605,30.1963,41.41148333333333,31.90958333333333,43.74458333333333,15.244583333333331,46.07768333333333,-1.420416666666668,41.24478333333333,37.57738333333333,43.24458333333333,32.24458333333333,45.24438333333333,26.911783333333332,41.06975,36.735549999999996,42.73625,29.73625,44.40275,22.736949999999997,91.36875788820514,84.53405788820514,95.70165788820513,75.20165788820513,100.03455788820513,65.86925788820514,42.91178333333333,33.90998333333333,48.24458333333333,21.24458333333333,53.57738333333333,8.57918333333333,42.570049999999995,33.90165,47.23625,21.23625,51.90245,8.570849999999997,91.70215788820514,81.86685788820513,96.70165788820513,67.20165788820513,101.70115788820513,52.536457888205135
323,121.28175,108.94595,126.28125,89.28125,131.28075,69.61654999999999,119.78145,111.44645,121.78125,96.78125,123.78105,82.11605,117.83075,105.49494999999999,121.16375,84.16375,124.49674999999999,62.83254999999999,108.6869,99.185,111.02,82.52,113.3531,65.85499999999999,108.5202,104.8528,110.52,99.52,112.5198,94.18719999999999,107.88933333333334,103.55513333333334,109.55583333333334,96.55583333333334,111.22233333333334,89.55653333333333,97.83717704196584,91.00247704196585,102.17007704196584,81.67007704196584,106.50297704196583,72.33767704196583,110.18719999999999,101.1854,115.52,88.52,120.8528,75.85459999999999,109.38963333333334,100.72123333333334,114.05583333333334,88.05583333333334,118.72203333333334,75.39043333333333,98.17057704196584,88.33527704196584,103.17007704196584,73.67007704196584,108.16957704196584,59.00487704196584
324,289.0363333333333,276.7005333333333,294.0358333333333,257.0358333333333,299.0353333333333,237.3711333333333,287.5360333333333,279.2010333333333,289.5358333333333,264.5358333333333,291.5356333333333,249.8706333333333,126.17033333333333,113.83453333333333,129.50333333333333,92.50333333333333,132.83633333333333,71.17213333333333,124.26731666666666,114.76541666666667,126.60041666666666,98.10041666666666,128.93351666666666,81.43541666666667,124.10061666666667,120.43321666666667,126.10041666666666,115.10041666666666,128.10021666666665,109.76761666666665,123.05100000000002,118.71680000000002,124.71750000000002,111.71750000000002,126.38400000000001,104.71820000000001,113.99374999999999,107.15905,118.32664999999999,97.82664999999999,122.65954999999998,88.49425,125.76761666666665,116.76581666666667,131.10041666666666,104.10041666666666,136.43321666666665,91.43501666666666,124.55130000000001,115.88290000000002,129.21750000000003,103.21750000000002,133.8837,90.55210000000001,114.32714999999999,104.49184999999999,119.32664999999999,89.82664999999999,124.32614999999998,75.16144999999999
325,118.81675000000001,106.48095,123.81625000000001,86.81625000000001,128.81575,67.15155000000001,117.31645000000002,108.98145000000001,119.31625000000001,94.31625000000001,121.31605000000002,79.65105000000001,120.40325,108.06745,123.73625,86.73625,127.06925,65.40504999999999,109.47856666666667,99.97666666666667,111.81166666666667,83.31166666666667,114.14476666666667,66.64666666666668,109.31186666666667,105.64446666666667,111.31166666666667,100.31166666666667,113.31146666666666,94.97886666666666,111.4785,107.1443,113.145,100.145,114.8115,93.14569999999999,104.08896874999999,97.25426875,108.42186874999999,87.92186874999999,112.75476874999998,78.58946874999998,110.97886666666666,101.97706666666667,116.31166666666667,89.31166666666667,121.64446666666667,76.64626666666666,112.97879999999999,104.3104,117.645,91.645,122.3112,78.97959999999999,104.42236874999999,94.58706874999999,109.42186874999999,79.92186874999999,114.42136874999998,65.25666874999999
326,63.068,50.7322,68.0675,31.067499999999995,73.067,11.402799999999992,61.567699999999995,53.232699999999994,63.567499999999995,38.567499999999995,65.56729999999999,23.902299999999997,73.55533333333334,61.21953333333334,76.88833333333334,39.888333333333335,80.22133333333333,18.557133333333333,60.1644,50.6625,62.4975,33.9975,64.8306,17.332500000000003,59.9977,56.3303,61.9975,50.9975,63.9973,45.6647,89.31433333333334,84.98013333333334,90.98083333333334,77.98083333333334,92.64733333333334,70.98153333333333,83.46820625,76.63350625,87.80110624999999,67.30110624999999,92.13400624999998,57.96870624999999,61.6647,52.6629,66.9975,39.9975,72.33030000000001,27.3321,90.81463333333333,82.14623333333334,95.48083333333334,69.48083333333334,100.14703333333334,56.81543333333333,83.80160624999999,73.96630624999999,88.80110624999999,59.30110624999999,93.80060624999999,44.63590624999999
327,86.13091666666668,73.79511666666667,91.13041666666668,54.130416666666676,96.12991666666667,34.46571666666667,84.63061666666668,76.29561666666667,86.63041666666668,61.630416666666676,88.63021666666668,46.96521666666668,85.34325,73.00744999999999,88.67625,51.676249999999996,92.00925,30.345049999999993,68.2294,58.7275,70.5625,42.0625,72.8956,25.3975,68.0627,64.3953,70.0625,59.0625,72.0623,53.7297,86.84766666666667,82.51346666666667,88.51416666666667,75.51416666666667,90.18066666666667,68.51486666666666,104.24338596273505,97.40868596273505,108.57628596273504,88.07628596273504,112.90918596273504,78.74388596273505,69.7297,60.7279,75.0625,48.0625,80.3953,35.397099999999995,88.34796666666666,79.67956666666667,93.01416666666667,67.01416666666667,97.68036666666667,54.34876666666666,104.57678596273504,94.74148596273504,109.57628596273504,80.07628596273504,114.57578596273504,65.41108596273504
328,97.84466666666665,85.50886666666665,102.84416666666665,65.84416666666665,107.84366666666665,46.17946666666665,96.34436666666666,88.00936666666665,98.34416666666665,73.34416666666665,100.34396666666666,58.67896666666665,100.23616666666666,87.90036666666666,103.56916666666666,66.56916666666666,106.90216666666666,45.23796666666666,97.13981666666666,87.63791666666667,99.47291666666666,70.97291666666666,101.80601666666666,54.307916666666664,96.97311666666667,93.30571666666667,98.97291666666666,87.97291666666666,100.97271666666666,82.64011666666666,98.82891666666666,94.49471666666666,100.49541666666666,87.49541666666666,102.16191666666666,80.49611666666665,110.78258749999999,103.9478875,115.11548749999999,94.61548749999999,119.44838749999998,85.2830875,98.64011666666666,89.63831666666667,103.97291666666666,76.97291666666666,109.30571666666667,64.30751666666666,100.32921666666665,91.66081666666666,104.99541666666666,78.99541666666666,109.66161666666666,66.33001666666665,111.11598749999999,101.28068749999998,116.11548749999999,86.61548749999999,121.11498749999998,71.95028749999999
329,122.35591666666667,110.02011666666667,127.35541666666667,90.35541666666667,132.35491666666667,70.69071666666667,120.85561666666668,112.52061666666667,122.85541666666667,97.85541666666667,124.85521666666668,83.19021666666667,105.75116666666666,93.41536666666666,109.08416666666666,72.08416666666666,112.41716666666666,50.75296666666666,117.0244,107.52250000000001,119.3575,90.8575,121.6906,74.1925,116.85770000000001,113.19030000000001,118.8575,107.8575,120.85730000000001,102.5247,117.50183333333334,113.16763333333334,119.16833333333334,106.16833333333334,120.83483333333334,99.16903333333333,125.57065625,118.73595625,129.90355625,109.40355625,134.23645625,100.07115625,118.5247,109.5229,123.8575,96.8575,129.1903,84.1921,119.00213333333333,110.33373333333334,123.66833333333334,97.66833333333334,128.33453333333333,85.00293333333333,125.90405625,116.06875624999999,130.90355625,101.40355625,135.90305625,86.73835625
330,134.66383333333332,122.32803333333332,139.66333333333333,102.66333333333333,144.66283333333334,82.99863333333332,133.16353333333333,124.82853333333333,135.16333333333333,110.16333333333333,137.16313333333332,95.49813333333333,126.8145,114.47869999999999,130.14749999999998,93.1475,133.4805,71.81629999999998,114.78065,105.27875,117.11375,88.61375,119.44685,71.94874999999999,114.61395,110.94655,116.61375,105.61375,118.61355,100.28094999999999,115.10766666666666,110.77346666666666,116.77416666666666,103.77416666666666,118.44066666666666,96.77486666666665,103.51935675470088,96.68465675470088,107.85225675470087,87.35225675470087,112.18515675470087,78.01985675470087,116.28094999999999,107.27915,121.61375,94.61375,126.94655,81.94834999999999,116.60796666666666,107.93956666666666,121.27416666666666,95.27416666666666,125.94036666666666,82.60876666666665,103.85275675470088,94.01745675470087,108.85225675470087,79.35225675470087,113.85175675470087,64.68705675470088
331,139.39841666666666,127.06261666666667,144.39791666666667,107.39791666666667,149.3974166666667,87.73321666666666,137.89811666666668,129.56311666666667,139.89791666666667,114.89791666666667,141.89771666666667,100.23271666666668,130.44533333333334,118.10953333333333,133.77833333333334,96.77833333333334,137.11133333333333,75.44713333333334,123.97023333333334,114.46833333333335,126.30333333333334,97.80333333333334,128.63643333333334,81.13833333333335,123.80353333333335,120.13613333333335,125.80333333333334,114.80333333333334,127.80313333333334,109.47053333333334,123.97475,119.64055,125.64125,112.64125,127.30775,105.64195,136.70759375,129.87289375,141.04049375,120.54049375,145.37339375,111.20809374999999,125.47053333333334,116.46873333333335,130.80333333333334,103.80333333333334,136.13613333333333,91.13793333333334,125.47505,116.80665,130.14125,104.14125,134.80745,91.47585,137.04099374999998,127.20569375,142.04049375,112.54049375,147.03999375,97.87529375
332,170.68341666666666,158.34761666666668,175.68291666666667,138.68291666666667,180.68241666666668,119.01821666666666,169.18311666666668,160.84811666666667,171.18291666666667,146.18291666666667,173.18271666666666,131.51771666666667,143.62283333333335,131.28703333333334,146.95583333333335,109.95583333333335,150.28883333333334,88.62463333333335,141.45481666666666,131.95291666666665,143.78791666666666,115.28791666666666,146.12101666666666,98.62291666666667,141.28811666666667,137.62071666666665,143.28791666666666,132.28791666666666,145.28771666666665,126.95511666666665,141.27599999999998,136.9418,142.9425,129.9425,144.609,122.94319999999999,142.01354375,135.17884375,146.34644375,125.84644374999999,150.67934375,116.51404374999998,142.95511666666667,133.95331666666667,148.28791666666666,121.28791666666666,153.62071666666665,108.62251666666666,142.7763,134.1079,147.4425,121.4425,152.1087,108.77709999999999,142.34694374999998,132.51164375,147.34644375,117.84644374999999,152.34594375,103.18124375
333,171.13716666666667,158.8013666666667,176.13666666666668,139.13666666666668,181.1361666666667,119.47196666666667,169.6368666666667,161.30186666666668,171.63666666666668,146.63666666666668,173.63646666666668,131.9714666666667,153.247,140.9112,156.58,119.58000000000001,159.913,98.24880000000002,170.01315,160.51125,172.34625,143.84625,174.67935,127.18125,169.84645,166.17905,171.84625,160.84625,173.84605,155.51345,169.75099999999998,165.4168,171.4175,158.4175,173.084,151.41819999999998,145.0850375,138.2503375,149.4179375,128.9179375,153.7508375,119.58553749999999,171.51345,162.51165,176.84625,149.84625,182.17905,137.18085,171.2513,162.5829,175.9175,149.9175,180.5837,137.25209999999998,145.41843749999998,135.5831375,150.4179375,120.9179375,155.4174375,106.2527375
334,160.48425,148.14845000000003,165.48375000000001,128.48375000000001,170.48325000000003,108.81905,158.98395000000002,150.64895,160.98375000000001,135.98375000000001,162.98355,121.31855000000002,146.01825,133.68245,149.35125,112.35125,152.68425,91.02005,157.49273333333335,147.99083333333334,159.82583333333335,131.32583333333335,162.15893333333335,114.66083333333336,157.32603333333336,153.65863333333334,159.32583333333335,148.32583333333335,161.32563333333334,142.99303333333336,156.971,152.63680000000002,158.63750000000002,145.63750000000002,160.30400000000003,138.6382,148.3366625,141.5019625,152.66956249999998,132.16956249999998,157.00246249999998,122.83716249999998,158.99303333333336,149.99123333333335,164.32583333333335,137.32583333333335,169.65863333333334,124.66043333333334,158.4713,149.80290000000002,163.13750000000002,137.13750000000002,167.80370000000002,124.47210000000001,148.67006249999997,138.83476249999998,153.66956249999998,124.16956249999998,158.6690625,109.50436249999998
335,139.67299999999997,127.33719999999998,144.67249999999999,107.67249999999999,149.672,88.00779999999997,138.1727,129.83769999999998,140.17249999999999,115.17249999999999,142.17229999999998,100.50729999999999,114.61033333333333,102.27453333333332,117.94333333333333,80.94333333333333,121.27633333333333,59.612133333333325,117.70023333333334,108.19833333333335,120.03333333333335,91.53333333333335,122.36643333333335,74.86833333333334,117.53353333333335,113.86613333333335,119.53333333333335,108.53333333333335,121.53313333333335,103.20053333333334,117.23349999999999,112.8993,118.89999999999999,105.89999999999999,120.56649999999999,98.90069999999999,142.26533750000002,135.43063750000002,146.5982375,126.09823750000001,150.9311375,116.7658375,119.20053333333334,110.19873333333335,124.53333333333335,97.53333333333335,129.86613333333335,84.86793333333334,118.73379999999999,110.0654,123.39999999999999,97.39999999999999,128.06619999999998,84.73459999999999,142.5987375,132.7634375,147.5982375,118.09823750000001,152.59773750000002,103.43303750000001
336,136.63133333333332,124.29553333333332,141.63083333333333,104.63083333333333,146.63033333333334,84.96613333333332,135.13103333333333,126.79603333333333,137.13083333333333,112.13083333333333,139.13063333333332,97.46563333333333,102.4195,90.0837,105.7525,68.7525,109.0855,47.421299999999995,105.28356666666667,95.78166666666668,107.61666666666667,79.11666666666667,109.94976666666668,62.451666666666675,105.11686666666668,101.44946666666668,107.11666666666667,96.11666666666667,109.11646666666667,90.78386666666667,105.04933333333332,100.71513333333333,106.71583333333332,93.71583333333332,108.38233333333332,86.71653333333332,113.02752500000001,106.19282500000001,117.360425,96.860425,121.693325,87.52802500000001,106.78386666666667,97.78206666666668,112.11666666666667,85.11666666666667,117.44946666666668,72.45126666666667,106.54963333333332,97.88123333333333,111.21583333333332,85.21583333333332,115.88203333333333,72.55043333333332,113.36092500000001,103.525625,118.360425,88.860425,123.359925,74.19522500000001
337,158.70633333333333,146.37053333333336,163.70583333333335,126.70583333333335,168.70533333333336,107.04113333333333,157.20603333333335,148.87103333333334,159.20583333333335,134.20583333333335,161.20563333333334,119.54063333333335,124.8645,112.5287,128.1975,91.1975,131.53050000000002,69.8663,112.79939999999999,103.2975,115.1325,86.6325,117.4656,69.9675,112.6327,108.9653,114.6325,103.6325,116.63229999999999,98.29969999999999,112.25558333333333,107.92138333333334,113.92208333333333,100.92208333333333,115.58858333333333,93.92278333333333,103.42295521743593,96.58825521743593,107.75585521743592,87.25585521743592,112.08875521743592,77.92345521743593,114.29969999999999,105.2979,119.6325,92.6325,124.9653,79.96709999999999,113.75588333333333,105.08748333333334,118.42208333333333,92.42208333333333,123.08828333333334,79.75668333333333,103.75635521743592,93.92105521743592,108.75585521743592,79.25585521743592,113.75535521743592,64.59065521743592
338,175.9788333333333,163.64303333333334,180.97833333333332,143.97833333333332,185.97783333333334,124.31363333333331,174.47853333333333,166.14353333333332,176.47833333333332,151.47833333333332,178.47813333333332,136.81313333333333,125.43741666666666,113.10161666666666,128.77041666666668,91.77041666666666,132.10341666666667,70.43921666666665,115.73106666666666,106.22916666666667,118.06416666666667,89.56416666666667,120.39726666666667,72.89916666666667,115.56436666666667,111.89696666666667,117.56416666666667,106.56416666666667,119.56396666666666,101.23136666666666,115.30350000000001,110.96930000000002,116.97000000000001,103.97000000000001,118.63650000000001,96.97070000000001,117.40893125000001,110.57423125000001,121.74183125,101.24183125,126.07473125,91.90943125000001,117.23136666666666,108.22956666666667,122.56416666666667,95.56416666666667,127.89696666666667,82.89876666666666,116.80380000000001,108.13540000000002,121.47000000000001,95.47000000000001,126.13620000000002,82.80460000000001,117.74233125,107.90703125,122.74183125,93.24183125,127.74133125,78.57663125
339,137.78466666666665,125.44886666666666,142.78416666666666,105.78416666666666,147.78366666666668,86.11946666666665,136.28436666666667,127.94936666666666,138.28416666666666,113.28416666666666,140.28396666666666,98.61896666666667,127.07783333333334,114.74203333333334,130.41083333333336,93.41083333333334,133.74383333333336,72.07963333333333,130.88356666666667,121.38166666666667,133.21666666666667,104.71666666666667,135.54976666666667,88.05166666666668,130.71686666666668,127.04946666666667,132.71666666666667,121.71666666666667,134.71646666666666,116.38386666666666,127.61141666666667,123.27721666666667,129.27791666666667,116.27791666666667,130.94441666666668,109.27861666666666,138.15156875,131.31686875,142.48446875,121.98446874999999,146.81736874999999,112.65206874999998,132.38386666666668,123.38206666666667,137.71666666666667,110.71666666666667,143.04946666666666,98.05126666666666,129.11171666666667,120.44331666666668,133.77791666666667,107.77791666666667,138.44411666666667,95.11251666666666,138.48496874999998,128.64966875,143.48446875,113.98446874999999,148.48396875,99.31926874999999
340,131.82591666666664,119.49011666666665,136.82541666666665,99.82541666666665,141.82491666666667,80.16071666666664,130.32561666666666,121.99061666666665,132.32541666666665,107.32541666666665,134.32521666666665,92.66021666666666,127.55866666666667,115.22286666666666,130.89166666666665,93.89166666666667,134.22466666666668,72.56046666666666,117.26440000000001,107.76250000000002,119.59750000000001,91.09750000000001,121.93060000000001,74.4325,117.09770000000002,113.43030000000002,119.09750000000001,108.09750000000001,121.09730000000002,102.7647,104.15183333333333,99.81763333333333,105.81833333333333,92.81833333333333,107.48483333333333,85.81903333333332,109.88997499999999,103.055275,114.22287499999999,93.72287499999999,118.55577499999998,84.39047499999998,118.7647,109.76290000000002,124.09750000000001,97.09750000000001,129.43030000000002,84.4321,105.65213333333332,96.98373333333333,110.31833333333333,84.31833333333333,114.98453333333333,71.65293333333332,110.22337499999999,100.38807499999999,115.22287499999999,85.72287499999999,120.22237499999999,71.05767499999999
341,137.8455,125.5097,142.845,105.845,147.8445,86.18029999999999,136.3452,128.0102,138.345,113.345,140.3448,98.6798,118.5445,106.2087,121.8775,84.8775,125.2105,63.546299999999995,105.17606666666666,95.67416666666666,107.50916666666666,79.00916666666666,109.84226666666666,62.34416666666666,105.00936666666666,101.34196666666666,107.00916666666666,96.00916666666666,109.00896666666665,90.67636666666665,104.68058333333333,100.34638333333334,106.34708333333333,93.34708333333333,108.01358333333333,86.34778333333333,99.10915625,92.27445625,103.44205625,82.94205625,107.77495624999999,73.60965625,106.67636666666665,97.67456666666666,112.00916666666666,85.00916666666666,117.34196666666666,72.34376666666665,106.18088333333333,97.51248333333334,110.84708333333333,84.84708333333333,115.51328333333333,72.18168333333332,99.44255625,89.60725624999999,104.44205625,74.94205625,109.44155624999999,60.276856249999994
342,106.60633333333334,94.27053333333333,111.60583333333334,74.60583333333334,116.60533333333333,54.94113333333333,105.10603333333334,96.77103333333334,107.10583333333334,82.10583333333334,109.10563333333334,67.44063333333334,110.94116666666666,98.60536666666665,114.27416666666666,77.27416666666666,117.60716666666666,55.942966666666656,77.0269,67.525,79.36,50.86,81.6931,34.195,76.8602,73.1928,78.86,67.86,80.8598,62.5272,77.09766666666667,72.76346666666667,78.76416666666667,65.76416666666667,80.43066666666667,58.76486666666666,70.3142375,63.4795375,74.6471375,54.1471375,78.9800375,44.8147375,78.5272,69.5254,83.86,56.86,89.1928,44.194599999999994,78.59796666666666,69.92956666666667,83.26416666666667,57.26416666666667,87.93036666666667,44.59876666666666,70.6476375,60.8123375,75.6471375,46.1471375,80.6466375,31.4819375
343,87.23508333333334,74.89928333333333,92.23458333333333,55.23458333333333,97.23408333333333,35.56988333333333,85.73478333333334,77.39978333333333,87.73458333333333,62.73458333333333,89.73438333333334,48.069383333333334,83.81158333333333,71.47578333333333,87.14458333333333,50.14458333333333,90.47758333333333,28.813383333333327,57.07065,47.56875,59.40375,30.903750000000002,61.736850000000004,14.238750000000003,56.90395,53.23655,58.90375,47.90375,60.90355,42.57095,56.31933333333334,51.98513333333334,57.98583333333334,44.98583333333334,59.65233333333334,37.98653333333334,86.6727875,79.8380875,91.0056875,70.5056875,95.33858749999999,61.173287499999994,58.57095,49.56915,63.90375,36.90375,69.23655000000001,24.23835,57.819633333333336,49.15123333333334,62.48583333333334,36.48583333333334,67.15203333333334,23.820433333333337,87.0061875,77.17088749999999,92.0056875,62.50568749999999,97.00518749999999,47.840487499999995
344,133.77133333333333,121.43553333333334,138.77083333333334,101.77083333333334,143.77033333333335,82.10613333333333,132.27103333333335,123.93603333333334,134.27083333333334,109.27083333333334,136.27063333333334,94.60563333333334,108.48241666666668,96.14661666666667,111.81541666666668,74.81541666666668,115.14841666666668,53.484216666666676,82.45356666666667,72.95166666666668,84.78666666666668,56.286666666666676,87.11976666666668,39.62166666666668,82.28686666666668,78.61946666666668,84.28666666666668,73.28666666666668,86.28646666666668,67.95386666666667,82.10433333333333,77.77013333333333,83.77083333333333,70.77083333333333,85.43733333333333,63.77153333333332,93.82953125,86.99483125,98.16243125,77.66243125,102.49533124999999,68.33003124999999,83.95386666666667,74.95206666666668,89.28666666666668,62.286666666666676,94.61946666666668,49.62126666666667,83.60463333333333,74.93623333333333,88.27083333333333,62.27083333333333,92.93703333333333,49.60543333333332,94.16293125,84.32763125,99.16243125,69.66243125,104.16193125,54.99723125
345,151.81216666666666,139.47636666666668,156.81166666666667,119.81166666666667,161.81116666666668,100.14696666666666,150.31186666666667,141.97686666666667,152.31166666666667,127.31166666666667,154.31146666666666,112.64646666666667,129.11616666666666,116.78036666666667,132.44916666666666,95.44916666666667,135.78216666666668,74.11796666666666,106.70023333333334,97.19833333333335,109.03333333333335,80.53333333333335,111.36643333333335,63.86833333333335,106.53353333333335,102.86613333333335,108.53333333333335,97.53333333333335,110.53313333333335,92.20053333333334,103.106,98.7718,104.7725,91.7725,106.439,84.77319999999999,93.47665625186447,86.64195625186447,97.80955625186446,77.30955625186446,102.14245625186446,67.97715625186447,108.20053333333334,99.19873333333335,113.53333333333335,86.53333333333335,118.86613333333335,73.86793333333334,104.60629999999999,95.9379,109.2725,83.2725,113.9387,70.60709999999999,93.81005625186447,83.97475625186446,98.80955625186446,69.30955625186446,103.80905625186446,54.644356251864465
346,126.89341666666667,114.55761666666666,131.89291666666668,94.89291666666666,136.89241666666666,75.22821666666667,125.39311666666667,117.05811666666666,127.39291666666666,102.39291666666666,129.39271666666667,87.72771666666667,119.17991666666667,106.84411666666666,122.51291666666667,85.51291666666667,125.84591666666667,64.18171666666666,94.29023333333333,84.78833333333334,96.62333333333333,68.12333333333333,98.95643333333334,51.458333333333336,94.12353333333334,90.45613333333334,96.12333333333333,85.12333333333333,98.12313333333333,79.79053333333333,93.036,88.7018,94.7025,81.7025,96.369,74.7032,94.12617499999999,87.29147499999999,98.45907499999998,77.95907499999998,102.79197499999998,68.62667499999998,95.79053333333333,86.78873333333334,101.12333333333333,74.12333333333333,106.45613333333334,61.45793333333333,94.5363,85.8679,99.2025,73.2025,103.8687,60.537099999999995,94.45957499999999,84.62427499999998,99.45907499999998,69.95907499999998,104.45857499999998,55.293874999999986
347,135.89133333333334,123.55553333333334,140.89083333333335,103.89083333333335,145.89033333333336,84.22613333333334,134.39103333333335,126.05603333333335,136.39083333333335,111.39083333333335,138.39063333333334,96.72563333333335,110.68825000000001,98.35245,114.02125000000001,77.02125000000001,117.35425000000001,55.69005000000001,108.65690000000001,99.15500000000002,110.99000000000001,82.49000000000001,113.32310000000001,65.82500000000002,108.49020000000002,104.82280000000002,110.49000000000001,99.49000000000001,112.4898,94.1572,101.686,97.35180000000001,103.3525,90.3525,105.019,83.3532,101.87206249999998,95.03736249999999,106.20496249999998,85.70496249999998,110.53786249999997,76.37256249999999,110.1572,101.15540000000001,115.49000000000001,88.49000000000001,120.82280000000002,75.8246,103.1863,94.51790000000001,107.8525,81.8525,112.51870000000001,69.1871,102.20546249999998,92.37016249999998,107.20496249999998,77.70496249999998,112.20446249999998,63.03976249999998
348,135.59216666666666,123.25636666666666,140.59166666666667,103.59166666666667,145.59116666666668,83.92696666666666,134.09186666666668,125.75686666666667,136.09166666666667,111.09166666666667,138.09146666666666,96.42646666666667,101.19533333333332,88.85953333333332,104.52833333333332,67.52833333333332,107.86133333333332,46.19713333333332,93.61356666666666,84.11166666666666,95.94666666666666,67.44666666666666,98.27976666666666,50.78166666666666,93.44686666666666,89.77946666666666,95.44666666666666,84.44666666666666,97.44646666666665,79.11386666666665,93.3185,88.9843,94.985,81.985,96.6515,74.9857,86.6396375,79.80493750000001,90.9725375,70.4725375,95.3054375,61.1401375,95.11386666666665,86.11206666666666,100.44666666666666,73.44666666666666,105.77946666666666,60.78126666666665,94.8188,86.1504,99.485,73.485,104.1512,60.819599999999994,86.9730375,77.1377375,91.9725375,62.4725375,96.9720375,47.8073375
349,67.64508333333333,55.30928333333333,72.64458333333333,35.64458333333333,77.64408333333333,15.979883333333326,66.14478333333334,57.80978333333333,68.14458333333333,43.14458333333333,70.14438333333334,28.47938333333333,72.48033333333333,60.144533333333335,75.81333333333333,38.81333333333333,79.14633333333333,17.48213333333333,70.95106666666666,61.44916666666666,73.28416666666666,44.784166666666664,75.61726666666667,28.119166666666665,70.78436666666667,67.11696666666667,72.78416666666666,61.784166666666664,74.78396666666666,56.451366666666665,75.48141666666666,71.14721666666667,77.14791666666666,64.14791666666666,78.81441666666666,57.148616666666655,66.4703,59.63559999999999,70.80319999999999,50.30319999999999,75.13609999999998,40.97079999999999,72.45136666666666,63.44956666666666,77.78416666666666,50.784166666666664,83.11696666666667,38.11876666666666,76.98171666666666,68.31331666666667,81.64791666666666,55.64791666666666,86.31411666666666,42.982516666666655,66.80369999999999,56.96839999999999,71.80319999999999,42.30319999999999,76.80269999999999,27.63799999999999
350,31.709249999999997,19.37345,36.708749999999995,-0.29125000000000156,41.70825,-19.955950000000005,30.208949999999998,21.87395,32.208749999999995,7.208749999999998,34.20855,-7.45645,50.14241666666667,37.80661666666667,53.47541666666667,16.475416666666668,56.808416666666666,-4.855783333333335,52.19898333333333,42.69708333333333,54.53208333333333,26.032083333333333,56.865183333333334,9.367083333333333,52.03228333333333,48.36488333333333,54.03208333333333,43.03208333333333,56.03188333333333,37.699283333333334,55.26808333333334,50.933883333333334,56.934583333333336,43.934583333333336,58.601083333333335,36.93528333333333,64.49885,57.66415,68.83175,48.33175,73.16465,38.99935,53.699283333333334,44.69748333333333,59.03208333333333,32.03208333333333,64.36488333333334,19.36668333333333,56.76838333333333,48.099983333333334,61.434583333333336,35.434583333333336,66.10078333333334,22.769183333333334,64.83225,54.99695,69.83175,40.33175,74.83125,25.66655
351,61.22175,48.88595,66.22125,29.221249999999998,71.22075,9.556549999999994,59.72145,51.386449999999996,61.72125,36.72125,63.72105,22.05605,77.04158333333334,64.70578333333333,80.37458333333333,43.374583333333334,83.70758333333333,22.04338333333333,78.90731666666666,69.40541666666667,81.24041666666666,52.74041666666666,83.57351666666666,36.07541666666666,78.74061666666667,75.07321666666667,80.74041666666666,69.74041666666666,82.74021666666667,64.40761666666666,79.74433333333334,75.41013333333335,81.41083333333334,68.41083333333334,83.07733333333334,61.41153333333334,78.55493750000001,71.72023750000001,82.8878375,62.3878375,87.2207375,53.055437500000004,80.40761666666666,71.40581666666667,85.74041666666666,58.74041666666666,91.07321666666667,46.075016666666656,81.24463333333334,72.57623333333335,85.91083333333334,59.91083333333334,90.57703333333335,47.24543333333334,78.8883375,69.0530375,83.8878375,54.3878375,88.8873375,39.722637500000005
352,37.50716666666667,25.17136666666667,42.50666666666667,5.506666666666668,47.50616666666667,-14.158033333333336,36.00686666666667,27.671866666666666,38.00666666666667,13.006666666666668,40.00646666666667,-1.658533333333331,77.20616666666668,64.87036666666667,80.53916666666667,43.539166666666674,83.87216666666667,22.20796666666667,77.89648333333334,68.39458333333334,80.22958333333334,51.72958333333334,82.56268333333334,35.06458333333334,77.72978333333334,74.06238333333334,79.72958333333334,68.72958333333334,81.72938333333335,63.39678333333334,78.81766666666667,74.48346666666667,80.48416666666667,67.48416666666667,82.15066666666667,60.48486666666666,82.12075625,75.28605625,86.45365625,65.95365625,90.78655624999999,56.621256249999995,79.39678333333333,70.39498333333334,84.72958333333334,57.72958333333334,90.06238333333334,45.06418333333333,80.31796666666666,71.64956666666667,84.98416666666667,58.98416666666667,89.65036666666667,46.31876666666666,82.45415625,72.61885625,87.45365625,57.953656249999995,92.45315624999999,43.288456249999996
353,68.54133333333334,56.20553333333334,73.54083333333334,36.54083333333334,78.54033333333334,16.876133333333335,67.04103333333335,58.70603333333334,69.04083333333334,44.04083333333334,71.04063333333335,29.37563333333334,76.70533333333334,64.36953333333334,80.03833333333334,43.03833333333334,83.37133333333334,21.70713333333334,62.01815,52.51625,64.35125,35.85125,66.68435,19.18625,61.85145,58.18405,63.85125,52.85125,65.85105,47.51845,72.14058333333332,67.80638333333333,73.80708333333332,60.807083333333324,75.47358333333332,53.80778333333332,52.66015624999999,45.825456249999995,56.993056249999995,36.493056249999995,61.32595625,27.160656249999995,63.51845,54.51665,68.85125,41.85125,74.18405,29.18585,73.64088333333332,64.97248333333333,78.30708333333332,52.307083333333324,82.97328333333333,39.64168333333332,52.99355625,43.158256249999994,57.993056249999995,28.493056249999995,62.99255624999999,13.827856249999996
354,60.8455,48.5097,65.845,28.845,70.8445,9.180299999999995,59.3452,51.0102,61.345,36.345,63.3448,21.6798,70.99325,58.657450000000004,74.32625,37.32625,77.65925,15.995049999999999,25.191066666666668,15.68916666666667,27.52416666666667,-0.9758333333333304,29.857266666666668,-17.64083333333333,25.02436666666667,21.35696666666667,27.02416666666667,16.02416666666667,29.02396666666667,10.691366666666669,55.91225000000001,51.578050000000005,57.57875000000001,44.57875000000001,59.245250000000006,37.57945000000001,50.125643749999995,43.29094375,54.45854375,33.95854375,58.79144375,24.626143749999997,26.69136666666667,17.68956666666667,32.02416666666667,5.02416666666667,37.35696666666667,-7.641233333333332,57.41255,48.744150000000005,62.07875000000001,36.07875000000001,66.74495,23.413350000000005,50.45904375,40.623743749999996,55.45854375,25.958543749999997,60.45804375,11.293343749999998
355,38.393416666666674,26.057616666666675,43.39291666666667,6.392916666666672,48.392416666666676,-13.271783333333332,36.89311666666667,28.55811666666667,38.89291666666667,13.892916666666672,40.89271666666667,-0.772283333333327,40.9545,28.618700000000004,44.2875,7.287500000000001,47.6205,-14.043700000000001,23.82398333333333,14.322083333333333,26.157083333333333,-2.3429166666666674,28.490183333333334,-19.007916666666667,23.657283333333332,19.98988333333333,25.657083333333333,14.657083333333333,27.656883333333333,9.324283333333332,40.36975,36.03555,42.03625,29.036250000000003,43.70275,22.03695,61.07976874999999,54.245068749999994,65.41266875,44.912668749999995,69.74556874999999,35.580268749999995,25.324283333333334,16.322483333333334,30.657083333333333,3.6570833333333326,35.98988333333333,-9.00831666666667,41.87005,33.20165,46.53625,20.536250000000003,51.20245,7.870850000000001,61.41316875,51.57786874999999,66.41266875,36.912668749999995,71.41216874999999,22.247468749999996
356,38.17716666666667,25.841366666666673,43.17666666666667,6.176666666666669,48.176166666666674,-13.488033333333334,36.67686666666667,28.341866666666668,38.67666666666667,13.67666666666667,40.67646666666667,-0.9885333333333293,33.6545,21.3187,36.9875,-0.01249999999999929,40.3205,-21.343700000000002,31.908566666666662,22.406666666666666,34.24166666666666,5.741666666666664,36.57476666666666,-10.923333333333336,31.741866666666663,28.074466666666662,33.74166666666666,22.741666666666664,35.74146666666667,17.40886666666666,30.572666666666667,26.238466666666667,32.23916666666666,19.239166666666666,33.90566666666667,12.239866666666664,38.26330625,31.42860625,42.59620625,22.09620625,46.929106250000004,12.763806250000002,33.40886666666666,24.407066666666665,38.74166666666666,11.741666666666664,44.074466666666666,-0.9237333333333382,32.072966666666666,23.404566666666668,36.73916666666666,10.739166666666666,41.405366666666666,-1.926233333333336,38.596706250000004,28.76140625,43.59620625,14.096206250000002,48.595706250000006,-0.5689937499999971
357,42.59133333333334,30.25553333333334,47.590833333333336,10.590833333333336,52.590333333333334,-9.073866666666667,41.091033333333336,32.756033333333335,43.090833333333336,18.090833333333336,45.09063333333334,3.4256333333333373,35.74033333333333,23.404533333333333,39.07333333333333,2.0733333333333306,42.40633333333333,-19.257866666666672,-2.369766666666667,-11.871666666666666,-0.036666666666666625,-28.536666666666665,2.2964333333333333,-45.20166666666667,-2.5364666666666666,-6.203866666666666,-0.5366666666666666,-11.536666666666667,1.4631333333333338,-16.869466666666668,4.086416666666667,-0.24778333333333347,5.752916666666666,-7.247083333333334,7.419416666666667,-14.246383333333336,15.46634375,8.631643750000002,19.799243750000002,-0.7007562499999995,24.13214375,-10.03315625,-0.8694666666666668,-9.871266666666665,4.463333333333333,-22.536666666666665,9.796133333333334,-35.20206666666667,5.586716666666666,-3.081683333333333,10.252916666666666,-15.747083333333334,14.919116666666666,-28.412483333333334,15.799743750000001,5.964443750000001,20.799243750000002,-8.70075625,25.79874375,-23.365956249999996
358,34.38216666666666,22.046366666666664,39.38166666666666,2.381666666666664,44.381166666666665,-17.28303333333334,32.88186666666667,24.546866666666666,34.88166666666666,9.881666666666664,36.88146666666667,-4.7835333333333345,2.846166666666667,-9.489633333333332,6.179166666666667,-30.820833333333333,9.512166666666667,-52.152033333333335,1.7398166666666666,-7.762083333333332,4.072916666666667,-24.427083333333332,6.406016666666667,-41.092083333333335,1.5731166666666665,-2.0942833333333333,3.5729166666666665,-7.427083333333333,5.572716666666667,-12.759883333333335,9.026416666666666,4.692216666666667,10.692916666666667,-2.307083333333333,12.359416666666668,-9.306383333333335,73.47227202641027,66.63757202641027,77.80517202641026,57.30517202641026,82.13807202641026,47.97277202641026,3.2401166666666663,-5.761683333333332,8.572916666666666,-18.427083333333332,13.905716666666667,-31.092483333333334,10.526716666666667,1.858316666666668,15.192916666666667,-10.807083333333333,19.859116666666665,-23.472483333333336,73.80567202641026,63.97037202641026,78.80517202641026,49.30517202641026,83.80467202641026,34.63997202641026
359,43.40841666666667,31.07261666666667,48.407916666666665,11.407916666666665,53.40741666666666,-8.256783333333338,41.908116666666665,33.573116666666664,43.907916666666665,18.907916666666665,45.907716666666666,4.2427166666666665,13.861583333333334,1.5257833333333348,17.194583333333334,-19.805416666666666,20.527583333333332,-41.13661666666667,19.5119,10.010000000000003,21.845000000000002,-6.654999999999998,24.1781,-23.319999999999997,19.345200000000002,15.677800000000003,21.345000000000002,10.345000000000002,23.344800000000003,5.012200000000002,51.568916666666674,47.23471666666667,53.23541666666667,40.23541666666667,54.90191666666667,33.236116666666675,95.2480454891453,88.4133454891453,99.5809454891453,79.0809454891453,103.91384548914529,69.7485454891453,21.012200000000004,12.010400000000004,26.345000000000002,-0.6549999999999976,31.677800000000005,-13.3204,53.06921666666667,44.40081666666667,57.73541666666667,31.735416666666673,62.40161666666667,19.07001666666667,95.5814454891453,85.74614548914529,100.5809454891453,71.0809454891453,105.58044548914529,56.415745489145294
360,61.180083333333336,48.84428333333334,66.17958333333334,29.179583333333333,71.17908333333334,9.51488333333333,59.67978333333333,51.34478333333333,61.67958333333333,36.67958333333333,63.679383333333334,22.014383333333335,68.85325,56.517450000000004,72.18625,35.18625,75.51925,13.855049999999999,60.24148333333333,50.73958333333333,62.57458333333333,34.07458333333333,64.90768333333332,17.40958333333333,60.07478333333333,56.40738333333333,62.07458333333333,51.07458333333333,64.07438333333333,45.74178333333333,61.043083333333335,56.70888333333333,62.709583333333335,49.709583333333335,64.37608333333334,42.71028333333334,52.5175625,45.6828625,56.8504625,36.3504625,61.1833625,27.0180625,61.74178333333333,52.73998333333333,67.07458333333332,40.07458333333333,72.40738333333333,27.409183333333328,62.54338333333333,53.87498333333333,67.20958333333334,41.209583333333335,71.87578333333333,28.544183333333333,52.8509625,43.0156625,57.8504625,28.3504625,62.849962500000004,13.6852625
361,47.853833333333334,35.518033333333335,52.85333333333333,15.853333333333332,57.852833333333336,-3.8113666666666717,46.35353333333333,38.01853333333333,48.35333333333333,23.35333333333333,50.35313333333333,8.688133333333333,47.61533333333333,35.27953333333333,50.94833333333333,13.94833333333333,54.28133333333333,-7.382866666666672,17.837733333333333,8.335833333333335,20.170833333333334,-8.329166666666666,22.503933333333336,-24.994166666666665,17.671033333333334,14.003633333333335,19.670833333333334,8.670833333333334,21.670633333333335,3.3380333333333336,28.916416666666667,24.582216666666667,30.582916666666666,17.582916666666666,32.24941666666667,10.583616666666664,36.894165675470084,30.059465675470086,41.22706567547009,20.727065675470087,45.55996567547009,11.394665675470087,19.338033333333335,10.336233333333336,24.670833333333334,-2.3291666666666657,30.003633333333333,-14.994566666666667,30.416716666666666,21.748316666666668,35.08291666666666,9.082916666666666,39.749116666666666,-3.582483333333336,37.22756567547009,27.392265675470085,42.22706567547009,12.727065675470087,47.226565675470084,-1.938134324529912
362,30.328416666666666,17.99261666666667,35.32791666666667,-1.6720833333333331,40.327416666666664,-21.336783333333337,28.828116666666666,20.493116666666666,30.827916666666667,5.827916666666667,32.82771666666667,-8.837283333333332,20.767416666666662,8.431616666666665,24.100416666666664,-12.899583333333336,27.433416666666666,-34.230783333333335,7.7719000000000005,-1.7299999999999986,10.105,-18.395,12.4381,-35.06,7.6052,3.9378000000000006,9.605,-1.3949999999999996,11.604800000000001,-6.7278,35.75391666666667,31.41971666666667,37.42041666666667,24.420416666666668,39.08691666666667,17.421116666666666,73.19609375,66.36139375,77.52899375,57.02899375,81.86189375,47.69659375,9.2722,0.2704000000000013,14.605,-12.395,19.937800000000003,-25.0604,37.254216666666665,28.58581666666667,41.92041666666667,15.920416666666668,46.58661666666667,3.2550166666666662,73.52949375,63.69419375,78.52899375,49.02899375,83.52849375,34.36379375
363,44.556333333333335,32.220533333333336,49.55583333333333,12.555833333333332,54.55533333333334,-7.108866666666671,43.05603333333333,34.72103333333333,45.05583333333333,20.055833333333332,47.05563333333333,5.390633333333334,38.15408333333334,25.81828333333334,41.48708333333334,4.487083333333338,44.820083333333336,-16.844116666666665,36.4994,26.997500000000002,38.8325,10.332500000000003,41.165600000000005,-6.332499999999996,36.3327,32.6653,38.3325,27.332500000000003,40.332300000000004,21.999700000000004,47.536416666666675,43.20221666666667,49.202916666666674,36.202916666666674,50.86941666666667,29.203616666666672,75.75546874999999,68.92076875,80.08836874999999,59.58836874999999,84.42126874999998,50.25596874999999,37.999700000000004,28.997900000000005,43.3325,16.332500000000003,48.6653,3.6671000000000014,49.03671666666667,40.36831666666667,53.702916666666674,27.702916666666674,58.36911666666667,15.037516666666672,76.08886874999999,66.25356874999999,81.08836874999999,51.58836874999999,86.08786874999998,36.92316874999999
364,68.51175,56.17595000000001,73.51125,36.511250000000004,78.51075,16.84655,67.01145000000001,58.67645,69.01125,44.011250000000004,71.01105000000001,29.346050000000005,57.10491666666667,44.76911666666667,60.437916666666666,23.437916666666666,63.770916666666665,2.1067166666666637,9.551483333333334,0.04958333333333442,11.884583333333333,-16.61541666666667,14.217683333333333,-33.28041666666667,9.384783333333333,5.717383333333334,11.384583333333333,0.3845833333333335,13.384383333333334,-4.948216666666667,14.066416666666669,9.732216666666668,15.732916666666668,2.732916666666668,17.399416666666667,-4.266383333333334,93.05541618017098,86.22071618017098,97.38831618017097,76.88831618017097,101.72121618017097,67.55591618017098,11.051783333333333,2.0499833333333344,16.38458333333333,-10.615416666666667,21.717383333333334,-23.280816666666666,15.566716666666668,6.898316666666669,20.232916666666668,-5.767083333333332,24.899116666666668,-18.432483333333334,93.38881618017098,83.55351618017097,98.38831618017097,68.88831618017097,103.38781618017097,54.223116180170976
