,SE-N thermal,SE-S thermal,NO-N thermal,NO-S thermal,DK thermal,FI thermal,SE-N hydro_ror,SE-S hydro_ror,NO-N hydro_ror,NO-S hydro_ror,FI hydro_ror,SE-S nuclear,FI nuclear,SE-N wind_onshore,SE-N solar,SE-S wind_onshore,SE-S wind_offshore,SE-S solar,NO-N wind_onshore,NO-N solar,NO-S wind_onshore,NO-S solar,DK wind_onshore,DK wind_offshore,DK solar,FI wind_onshore,FI solar
0,0.3307193187251562,0.4364434736896172,0.8631491707579354,0.41187073728794943,0.42537825203992724,0.5064429684780103,0.5997797793332048,0.7485702494639194,0.2252324254365835,0.4890022229669525,0.6273617539261978,0.8426264492753623,0.9909245075568182,0.482560720629857,0.002411154785279849,0.18255943920480777,0.7286,0.002001878890413226,0.3380464171567869,0.006612429080229572,0.2931465074596606,0.0009577095974885641,0.3863548504707655,0.5690262686879431,0.010234021434312167,0.40093828690087824,0.004744159842349826
1,0.6483249222571874,0.70116352187571,0.8695947760419026,0.4072419755515924,0.6162054537202376,0.6762052393000013,0.4950534548086703,0.716157376731757,0.2753543165393829,0.5162242464521678,0.6264973180469818,0.8423006038647344,0.8659148011837122,0.23208104271280214,0.0009443842664887189,0.1677850176747394,0.6502333333333333,0.0004343189242710963,0.12392548856138429,0.0045540331932534305,0.09497331198178016,0.0005999836108408235,0.21190255026294105,0.5059698084226666,0.0054058936936396546,0.21290106195531566,0.0025480544741821047
2,0.8702048664827415,0.7716007407109358,0.8624796594098808,0.3608258888495841,0.8131449830875703,0.829342626676985,0.584352867418789,0.6399567849094859,0.2689786996836517,0.5399748755244718,0.6512445134502278,0.8423948671497584,0.8516393749242424,0.31487651031403235,0.0013958798145388245,0.1959901232996437,0.5448000000000001,0.003104067906693171,0.1714057748709782,0.0034628554472129675,0.23144969839947302,0.0011550621904159795,0.2470183622107449,0.48958456920295795,0.026611030730673325,0.050838703472132735,0.0022454789536169627
3,0.8765818125411446,0.7024441693217539,0.8954761371873793,0.31184848522874037,0.5793128352255598,0.8024107809439592,0.7130150596876816,0.6752917567538076,0.24717282394047937,0.5375467185758188,0.6098580620006756,0.8422497584541063,0.8190737215435605,0.13000491732950428,0.0009511749256697646,0.36211892031732,0.6959000000000001,0.0003753499169280186,0.6396691563476145,0.003159000283075587,0.6236258246300412,0.00042451688730208315,0.5823247461432149,0.7622285711369742,0.003632361436899286,0.22639898425882743,0.0019239399236061208
4,0.8988640116684107,0.7179051153729535,0.8909976856846835,0.31933013725433385,0.7967493680615142,0.8511456562052153,0.6360198857302016,0.6735462218820678,0.24811741404464513,0.5375022004819253,0.5745081497318485,0.8416308574879228,0.8794996212026516,0.09978170373139912,0.0008329906900255307,0.3015180375941086,0.5424,0.0007392291904877801,0.6639916678161587,0.0028454385361583296,0.38820108057147223,0.0002713566886193496,0.24864514036858773,0.45926350462645776,0.01827124474661834,0.21967669269597997,0.0020760751919839324
5,0.9017429487699683,0.6630595113543769,0.9064621709045115,0.3359893188842242,0.7444682606203764,0.8462148413049099,0.7130150596876816,0.8820185622752633,0.23258545712240866,0.5305409942720807,0.6454375559772679,0.8414396739130434,0.9907814962121213,0.24866259380121777,0.000783952629795142,0.41058674965601866,0.5805333333333333,0.0003610682610215032,0.6770470530738143,0.002393809249539964,0.513775594910073,0.0005156945009982258,0.434166555212133,0.6405089677889316,0.01368613276889301,0.10075113855455442,0.0020049247291543137
6,0.7919054718802215,0.6741264770397617,0.9172629149833516,0.4124380347933905,0.7165171989968494,0.7316321845037285,0.5827557544272491,0.8279924857960256,0.21915281727002617,0.53159812951692,0.6083120492125016,0.842518115942029,0.9934177557196969,0.3295098324909372,0.000773291356575337,0.2565780869406002,0.4093,0.0009795261553625049,0.6403690870287512,0.003933783228156021,0.511145386081261,0.0005672448784973856,0.3310802723032735,0.6055952522194621,0.004995502835682492,0.3807244512747279,0.0032514969352775147
7,0.7488933264449089,0.5911730212480657,0.9039218593490442,0.4213605968603392,0.640449363754725,0.6425516860655908,0.4742463735721606,0.8250285578990293,0.23747165203914816,0.5793095492215323,0.6768660404272943,0.8424634661835748,0.994479147717803,0.32534173132628436,0.0007425105784299304,0.27818912460643835,0.5051,0.0005084043949028662,0.6347941952050925,0.007921826186597881,0.603176752147263,0.0008452204570315271,0.3292916560555843,0.6625505032142175,0.008795239367591757,0.46857465838982854,0.003634990058105765
8,0.8248353871898518,0.646009024850884,0.8911602976168709,0.49451418624877547,0.8517967593068058,0.6738684958810205,0.5302182178918599,0.9765531165213148,0.24773318890453921,0.640385323310962,0.4018192294143159,0.8422654589371982,0.9849459753124999,0.15316857560827507,0.0008059357812791309,0.1377044496104295,0.35910000000000003,0.0007307389790318716,0.6573891068496139,0.007259754947535752,0.2555172854895851,0.0007819730194990828,0.18006701318339183,0.36847572465016104,0.01427999248099573,0.39809275854140663,0.002078553591497629
9,0.8486038400064406,0.6333574518030001,0.7954956001878836,0.5635320046916712,0.7745296489304254,0.7058919067552327,0.5928115271838496,0.8987075000835562,0.2632311487892072,0.6323388473248581,0.5943296608032661,0.8423936594202899,0.7851701798768939,0.062693223990424,0.0007097607986113002,0.24979584209505268,0.3617000000000001,0.004060052969749451,0.45594902993792535,0.0079090369712048,0.3135848017810609,0.0011068501193127976,0.31166733539386804,0.4854735086960569,0.01987740190834873,0.19893633815403253,0.0016107883351759087
10,0.8354909375516559,0.6173316366820158,0.8476511717423264,0.7526060690020653,0.6288409105214859,0.5561166738044693,0.5566488123328376,0.6878205107978554,0.2651610668270388,0.6395226440041699,0.6941935230424537,0.8423483695652174,0.6360791950473484,0.3010126196453468,0.0010982017850044894,0.546398765903254,0.6407,0.0013121648336078754,0.6036555638928311,0.009438589358163519,0.5564379243217371,0.002810888859651746,0.5114274485950315,0.677916747994861,0.01700305652673503,0.3811327561959988,0.002309397661768527
11,0.5940179901240197,0.6105441266018641,0.840949532195994,0.613280913315519,0.7210327017813543,0.5138668476902539,0.47829818521366807,0.7308610543679194,0.27980968692831487,0.6275524742908009,0.724498761312394,0.8420015700483092,0.6359880208901515,0.4748870363840309,0.0013009259071433976,0.3300777586663685,0.7106666666666667,0.0009748054441282152,0.4065377392220633,0.008907111792422996,0.2107246245205984,0.0020832689038501177,0.28619081382573636,0.5625168237736025,0.00839450476511594,0.4432665700117444,0.0032486061460144065
12,0.663675769344505,0.6349165682931942,0.8366016351202085,0.5293034708212359,0.5980672455433014,0.5475294306634961,0.46335910139113906,0.9022515665928372,0.27927423358661124,0.5990958081356026,0.724498761312394,0.8415553140096619,0.6221151894412879,0.1324515149354253,0.001015414495082294,0.34970982049351235,0.7225666666666667,0.0036823610043837207,0.11349195716698889,0.006312492974184691,0.16897557925301143,0.0008215699511855547,0.5466302866854886,0.7741646797072437,0.009055958265588073,0.29018519596666753,0.003395735359155874
13,0.5976982734608176,0.607135644681119,0.8421135992573856,0.47510395149309614,0.5616616255147442,0.5471805248940035,0.42139631780056563,0.8428685317232621,0.2258490613593774,0.5649552886930596,0.6279320686048406,0.8122057367149759,0.6358476137121212,0.13141268461929415,0.0009177175581204098,0.36278099066582065,0.7403000000000001,0.003726261043152195,0.25986098260220386,0.005154809284490171,0.3297628890130053,0.0009773466797877294,0.4861097115678812,0.749329281594568,0.011606819088576718,0.09775566276612374,0.001864781775649479
14,0.3989869159692143,0.5243391112590743,0.867676568280794,0.6073623605821239,0.5041229223883466,0.5284398286191456,0.4515460869784853,0.7935111560657129,0.21168636443300268,0.5568912992436218,0.6310084729534332,0.8411402173913043,0.6359972632670455,0.13099115926636484,0.0008230061573181423,0.5701097126619458,0.7369666666666667,0.005182647664887852,0.33121712190192876,0.003676936525028339,0.26493739189200244,0.0011059393004135493,0.668440167847474,0.7420368534727455,0.015942477799700632,0.3605991847084317,0.0020213632028884807
15,0.6238768525829574,0.6713483927396768,0.8619729926754025,0.5659939725768436,0.7595387097522271,0.6015717322423085,0.5121556687483595,0.6438678856392415,0.24000150055889954,0.5944099962781065,0.7255498603046645,0.8413765096618357,0.6359645549242424,0.17428394194328123,0.0019770618140813015,0.3835726562589974,0.6484333333333333,0.010111192972866242,0.1955918593937791,0.0030134285228445184,0.056967712976941726,0.0010577130391030648,0.26826724537524754,0.5812398499223711,0.019978792590902853,0.41303105412005353,0.002435944984598909
16,0.7063526383682388,0.6253917096841856,0.8604914940175727,0.6513205790455701,0.7443390569456914,0.6081288059524755,0.5035048919961312,0.8867780547588795,0.14034240878389664,0.42499074046245033,0.712490699924215,0.8415833937198068,0.6361632102083333,0.3038690193610604,0.0009157357429872736,0.39255803902575076,0.7012333333333335,0.0006330865203864374,0.479084685813896,0.0030014757329307304,0.14074567089533782,0.00045831723956136025,0.2560354920091679,0.6094623281423617,0.01073453734342855,0.3239151501137229,0.002757351049045694
17,0.7215156496132135,0.6942660525464865,0.8789822902727249,0.4318650045314927,0.7032456625663825,0.6205848599688416,0.4822652871387877,0.8867780547588795,0.1507244006703278,0.44133080175279266,0.5577722820167431,0.8416444444444444,0.6360918749810606,0.1942670275065693,0.0009100180924307539,0.2735206417697533,0.2756,0.005291152088189123,0.36881980261254704,0.003911125541180618,0.019009214837907375,0.0006145470927492715,0.2491856185176974,0.5075070707689243,0.02711637476753038,0.36526398925534104,0.0026152580212683873
18,0.6607957878355458,0.7151713737860131,0.8514480230001237,0.3726953817594721,0.6265417476950396,0.8103986512777007,0.5107407239363579,0.8867780547588795,0.2664966228632422,0.6191191202501511,0.6347463060470895,0.8415257850241545,0.6363477936268939,0.058623268915503235,0.0014789670343374904,0.16806279714216668,0.5699666666666667,0.005694347490692037,0.32489716946975417,0.003627142227543248,0.006615573567324156,0.0014921007789121604,0.14573672668111604,0.4577055115639122,0.01056072474476434,0.11858921649826798,0.002263685541851704
19,0.6605130752936731,0.8492854951851065,0.8480969307368833,0.36581703700687784,0.7137741055958443,0.773077104450567,0.5611482918019225,0.8867780547588795,0.24752774128957794,0.6231495896087086,0.6124047098357349,0.8420140700483092,0.6362348863446969,0.27352559863335985,0.0014984102733232646,0.039248223171697245,0.14336666666666667,0.0034534486333587795,0.27481687513197817,0.004590377229402125,0.010638765697148805,0.0029171028018251046,0.04844455274364418,0.11750807860067021,0.023166966275660266,0.2594771592643071,0.00435763104364384
20,0.6891210779534194,0.8360821609758482,0.8844480587258977,0.41112782881413,0.7339365046761791,0.740588927659436,0.4439992015600392,0.8867780547588795,0.2453457762490834,0.6117665163823197,0.5898801691237997,0.8417617753623188,0.6360417235132575,0.29709714496508305,0.002578003592526651,0.090569796734854,0.6017666666666667,0.005017168919833083,0.43111909959383615,0.003852575757630011,0.16642875089770978,0.0021562197975457994,0.0843382562648135,0.23343424408153987,0.03342190959684868,0.12118466821284656,0.0020853438743029013
21,0.7328495538218245,0.8867983175027893,0.8793067277462477,0.42032491270712824,0.9222193878396151,0.6798164424157099,0.43467068116721985,0.7711290565268426,0.21131796550004073,0.5960575047224207,0.575840508601148,0.8416959541062802,0.6358992708238637,0.4743391051423584,0.0024966438169532284,0.13982185896109017,0.6319,0.004868928007028211,0.44737856734009124,0.006731413977342584,0.34622936772164836,0.0016346428543405976,0.06819185325377004,0.3147145986341965,0.013039163651642897,0.18067806948500933,0.0027017473391674454
22,0.8472330085080204,0.9771401419480054,0.8632517651897974,0.40708431440139803,0.9426766363314107,0.6708258115855623,0.470032374051496,0.7249931233726545,0.22644723337383668,0.6013203569492406,0.4780337888638739,0.841940458937198,0.6357661174526515,0.4767861583667206,0.0014634328497702132,0.18941823420213333,0.0867,0.0019415072181676698,0.6511404099093309,0.004128774918016528,0.32395813042035976,0.0008619754841762973,0.036224250185808445,0.03127148818476744,0.02148194969416556,0.4112866333884054,0.003738249412145521
23,0.7935155729839999,0.8657634939814823,0.8297032843798,0.3983645009852014,0.9680502502907082,0.6906284427982979,0.43115867912452,0.7417311279060147,0.29195718014502664,0.6324162455337844,0.5898997307073193,0.8416423913043478,0.6352914393844696,0.5053008321108716,0.0021331909756798083,0.4151748711030936,0.13193333333333332,0.004482221332403365,0.5367661049895561,0.009168710606439088,0.30076411605441855,0.0009665635653095395,0.1935972882043239,0.18310325427594934,0.024942107908314193,0.2497004819298743,0.0032332048036798878
24,0.7371978625552049,0.6197473528483997,0.8267916747338327,0.38460005453837476,0.8746426193229065,0.49848497194990726,0.4701978368259613,0.6985665769633868,0.4405236481634859,0.6914454301950639,0.5866706455702724,0.8412996980676328,0.6356340341003788,0.5951287148354191,0.0020400622744630313,0.4499553187162766,0.3866666666666667,0.002221099475296778,0.573424633911586,0.010357598362804704,0.40139938177864254,0.0022591009650989083,0.31630567611984317,0.4093423451351705,0.006180003508060815,0.43217679157196115,0.003409598623965666
25,0.8142147997496604,0.7155047226019607,0.858071574311122,0.37772521754248617,0.6690961374727099,0.67185180680051,0.5487775583993858,0.7946809056003824,0.46309914649851025,0.711817655695254,0.7299945403040927,0.8413019323671498,0.586297225407197,0.48315586699559815,0.011189483901496614,0.2911420898019565,0.26730000000000004,0.012651386123681637,0.33146677355842563,0.008267934328173167,0.2909699641988552,0.013138358186469067,0.20255716396152768,0.35997294163123295,0.040076678999408956,0.1951792755182329,0.00407060345503507
26,0.7349057888467692,0.7997523491588763,0.8767992387151389,0.38582373472134174,0.6885363211407028,0.7316768518362833,0.5422166396304208,0.8489436117181789,0.4133204496284065,0.6976385298001184,0.7336486861275437,0.8411970410628019,0.5214117613068182,0.48568969422829883,0.0038081432013874,0.1807463557498289,0.38833333333333336,0.024395865532943706,0.5975369482628334,0.007181950514544452,0.1615096724338461,0.004253177922227321,0.07186756270004561,0.1292576107243503,0.05337817092496173,0.31741133484799455,0.007739820028334211
27,0.7483016634701254,0.6202688507970885,0.8731878729031933,0.39529867360523163,0.727115213235757,0.5512329700751221,0.5211424949116027,0.8489436117181789,0.39823367805157117,0.6586529954688716,0.6634328738566407,0.8415463768115942,0.43156803033143937,0.6142243186503257,0.009293214274171869,0.38068420695242416,0.3405,0.004846154591929482,0.577837828267651,0.008938943178203563,0.48225656708285974,0.00513267975549449,0.24738631484898058,0.3711164989711184,0.021679902931533133,0.4719073124698219,0.005002594332662914
28,0.711911109291851,0.5503212913424849,0.8747043419483187,0.42269012225135494,0.5918952853910399,0.548896244370195,0.555543618878442,0.8489436117181789,0.4642210487382703,0.6285961637154034,0.6422233196122501,0.8418368961352657,0.4864763446969697,0.4650829305454995,0.0021872898780030525,0.5532671604213544,0.7012,0.0036640465251787852,0.48981742850524235,0.008019539569606418,0.6642314127756155,0.0008886509092976457,0.45939650270941385,0.5935778154545255,0.01825836973930988,0.3864271569780506,0.004582973221574987
29,0.572877164194002,0.5756915861439819,0.8658610700881982,0.7098701874864276,0.6592865969408546,0.6205015402597389,0.5094505887499888,0.9598605054326848,0.46819401288722184,0.5964886748906877,0.8424377010710448,0.8419606884057971,0.5915994696306818,0.5025666070869397,0.004329114278228362,0.6313639599685402,0.775,0.017594857962293448,0.49257952844914454,0.007977509189271875,0.6496038555846372,0.011318063887938138,0.658545906137572,0.7817553112095125,0.04384905614078775,0.21742566118131976,0.0034816157864719383
30,0.7861862581718173,0.6956376807379047,0.8624860801218682,0.4744415139488694,0.7258662443804684,0.6891471799931653,0.5453184114128199,0.7625372093669561,0.3943920128063323,0.5905279958925844,0.6588030386016485,0.8418173309178744,0.6222412121590909,0.31166548403059713,0.011574970673521083,0.3480952450032393,0.7291333333333334,0.011754438099064249,0.24457467951126433,0.006566911345275712,0.3713634367197228,0.0016837210091132256,0.533526745118444,0.7407483597219402,0.012738210355807642,0.13688039028796276,0.003981116451419435
31,0.775455019321804,0.7232562072064719,0.8750614156204822,0.5117119848211703,0.7712763666601512,0.8302787857366246,0.5607289519541258,0.7341597040682715,0.3796132661129838,0.5787518301569184,0.6283502752989496,0.8419055555555556,0.6356597443087121,0.1676699976706434,0.011965855234176849,0.24114706815441853,0.7565666666666667,0.00858358948268796,0.08575438437564997,0.006644641579232558,0.4207474486917999,0.0025780768627705684,0.5805445271549046,0.7616146230007613,0.0278615158155075,0.028154560086561017,0.0030644227706843117
32,0.8435082685947558,0.899191010451735,0.8829537756856497,0.5062305365189669,0.8671322416174975,0.9497286276784891,0.5694075321652967,0.7737828292310464,0.3503019581707484,0.5803753847029953,0.6684041509069143,0.8414490942028986,0.6355968655113636,0.21252355049255156,0.009947556384088936,0.15434431483119188,0.4337666666666667,0.03237086488736004,0.13542935816510204,0.0056185836039752265,0.21443623987419835,0.00772971665931749,0.15271332245048516,0.39295551124497824,0.05901903350198078,0.07279927793184832,0.004260525702710217
33,0.8544757008671203,0.7601449432588143,0.8576154363118683,0.6276082381885296,0.7954175763378378,0.9200766749392664,0.4769489730468514,0.7022799068798227,0.33463196155286745,0.5797017378101211,0.5453635405886789,0.8416911835748793,0.620100293532197,0.08481310438979474,0.0039726414505991394,0.31182173086975123,0.6987666666666668,0.0034203294095771744,0.2800789362431104,0.006287595825442145,0.2647210166384592,0.00245493712994083,0.48860522437782405,0.7200591048668064,0.02054851166430221,0.1298447187491807,0.0029333217375364915
34,0.7552647967402104,0.7868192940657647,0.8611569251635229,0.5363056640998115,0.872051919999735,0.8790758334316581,0.4107242141292251,0.7200215345818576,0.31424780675145997,0.5815844916135369,0.5403435129239939,0.841793115942029,0.6350837689393939,0.33929824513891393,0.008154150365506355,0.19615584887340906,0.3985666666666667,0.027938567822336197,0.36381513165306045,0.003440541773942759,0.41429462788783683,0.002343734488108583,0.0984998525135898,0.1816903762274178,0.06014237788964392,0.1493736422362449,0.006932945030464381
35,0.6795787732987462,0.7968881853983679,0.8545193136356082,0.546782167606823,0.8272646256903287,0.6984397585838752,0.3880475884589513,0.7190768150143203,0.2835130193999992,0.5441439837185806,0.5601771133883653,0.8421809782608696,0.6354389488825757,0.5747453391566005,0.006038769624532359,0.2775459753201112,0.21450000000000002,0.004856199331250137,0.5305010686139976,0.005756094650917933,0.3033128891209114,0.0062286144787355975,0.2517719744063748,0.45130609891294476,0.04364788415159306,0.27705290482021727,0.003055425914518465
36,0.6846478783816158,0.9215797089959136,0.8648937972998784,0.5908534234713874,0.9569950538182999,0.7851029182419382,0.5458542045104818,0.747009104633944,0.2861800283816648,0.6002283077678199,0.5618685803703765,0.8420937198067633,0.635478390123106,0.43732994155223953,0.006211054186217607,0.1943162076870009,0.0821,0.016912433674185073,0.586795239120567,0.007283734726397781,0.12988482168594948,0.0013994228514337332,0.06017857764472446,0.07883891404215794,0.036552145748718026,0.2658947768802392,0.008149369947698819
37,0.7082887300143955,0.7626585779950443,0.8391312613924368,0.6401417172646436,0.97080328243592,0.6132929985243377,0.5313265571033513,0.7168658493357183,0.3575360002250838,0.6041292904877941,0.6204747455121605,0.8420623792270532,0.6351762025852273,0.44294273695448,0.008810744322359901,0.3251419721140677,0.21960000000000002,0.004913478626357433,0.5412135697606398,0.009151607728997547,0.1801176663930233,0.0021457214492616177,0.1760477794898008,0.2407027521461074,0.04658660456974906,0.3580115142431252,0.004997555527287639
38,0.6627982830841453,0.7181863874728249,0.8459389568449284,0.6775275200248536,0.887331082759923,0.5631063721825457,0.42582110552622254,0.7512730310282147,0.39233695050089945,0.6076397794704698,0.6586789759128411,0.8420557367149759,0.6354608712310607,0.5997519389332321,0.01055449723463629,0.38849230695948056,0.46866666666666673,0.016991544898706554,0.5970176652548289,0.008821904319403263,0.5151111839087911,0.0012399369469498023,0.2676267635008082,0.43364671797678395,0.06698383489817687,0.3335916313819624,0.004333586284642811
39,0.600929492663215,0.5494532591468719,0.8655240137882259,1.0,0.6824306192831514,0.5155374267284601,0.445837099427739,0.8779382906530442,0.4084275139197353,0.6138805608918263,0.7407870788704038,0.8423048913043477,0.6357158143844698,0.6291683064448854,0.019714907589976332,0.6160165243057636,0.7236333333333334,0.008465111885544755,0.5787755468692576,0.010286758521001882,0.6758948078614228,0.012184007819919454,0.5187254303824447,0.7337525403100802,0.04156696109536321,0.4953182627799387,0.004160937115242334
40,0.49656385384769064,0.6230067658027597,0.8963836176314912,0.6441721505973138,0.6582198383960192,0.5525146019273394,0.47705333682789697,0.6897073429173343,0.36849770021763967,0.5865749247429531,0.7185668195100952,0.8427442028985507,0.6357536932102273,0.5429401236671162,0.02046179420225268,0.5163930397485016,0.6658000000000001,0.033235234148473465,0.4540640146845014,0.007737627083566979,0.5164376440825167,0.0014389081855576882,0.475803984148417,0.6669406310557608,0.035398223218697296,0.3695775477420875,0.005790632891626094
41,0.44382308844553553,0.5594468227534404,0.9262225925562753,0.5600167640236524,0.6684865611613754,0.6070156442636796,0.5068280664668967,0.6943033556218087,0.43066685189190573,0.5891033038979094,0.6190930104616794,0.8265924516908213,0.6358150662594697,0.41591469862817854,0.02743096908308179,0.3221464436149361,0.5759,0.03787957743999107,0.32837418666201074,0.010347780481473149,0.4504607502311393,0.009174608061605203,0.4435272092578715,0.64992868633597,0.04922276231615625,0.27071205328001463,0.008991783038325912
42,0.47868980712689396,0.4904767171220199,0.9243485156952287,0.7029770045132391,0.7899545799389761,0.521745942808148,0.5708055394793284,0.7969743665592853,0.4783652817563104,0.6249468099170044,0.5490489558742864,0.842213043478261,0.6356432196969697,0.639901379593619,0.008944213117389412,0.3914724374091893,0.44770000000000004,0.01602777888013147,0.6755648727127189,0.010355227366385574,0.30410050436130437,0.008364397732133513,0.24526715193665227,0.43576284570861396,0.030370532864743654,0.4581337785871918,0.005362280069497102
43,0.5704568701595163,0.761283855829588,0.876901556367522,0.5248172151915756,0.8514356516006348,0.5062449941229158,0.47722913031590664,0.8670514131670523,0.5638235764766292,0.6495648638797135,0.5771465565134254,0.8422498188405797,0.6357439015530303,0.5950475125433752,0.006702820540482401,0.340253711985339,0.5913666666666667,0.051906247116663945,0.6346769724602509,0.008496150322051936,0.1524687029356164,0.02170449256405059,0.20514962694793512,0.3568138994030828,0.04605390114236153,0.5100562124610011,0.007440225163413403
44,0.6774676387472405,0.7971436979403996,0.8306261150228366,0.4917879836258523,1.0,0.7552287374704271,0.4955276693620193,0.8518329846475263,0.5722914765323724,0.6491814885178344,0.6614788846463092,0.8420373792270531,0.6355221874810606,0.2896328416414085,0.03409171781437291,0.10000426126133051,0.1467,0.020944136111212677,0.35874670651004664,0.02218688398374452,0.1501634229601643,0.014332676262572274,0.031283608122195695,0.06778306357887429,0.01738125986642104,0.14497795352525358,0.009610586040369608
45,0.8026735069141808,0.8173072258610055,0.8514291074781578,0.6234362779250543,0.9267017614767649,0.753300664211609,0.44480016985910237,0.8995909074488895,0.5397243660871344,0.6277408287642027,0.5429902380288747,0.841823309178744,0.6352974052462121,0.1334067611237368,0.017023235794565723,0.13714623340141271,0.16640000000000002,0.002376178610506652,0.35577545325570176,0.013793937773250685,0.2858770934939317,0.004597836892557087,0.07433788373185198,0.15962013673342587,0.019840386262336907,0.15460124597876737,0.0062906948939548575
46,0.7702448381765753,0.8415276837263276,0.8144244898952249,0.5876509225012458,0.83475843882206,0.5552120646871573,0.550696339245411,0.6673920840259252,0.5518841685760693,0.6277324674978368,0.5874408775672595,0.8420628019323672,0.6349815435416667,0.33980235296890365,0.014387944646487967,0.21077393483051585,0.2896666666666667,0.0032488007481087902,0.5698657930449352,0.023445269253926027,0.19948905889647464,0.009046906537895602,0.13323091730440031,0.24353967093655624,0.02909751651711967,0.33350730649742016,0.0024121497816565296
47,0.7592693194035856,0.6609045794871393,0.8636755294718735,0.636066717597262,0.5958840347325981,0.5435371784708055,0.5270695363854934,0.575021112818419,0.4760696024867074,0.5851104602379978,0.6384712867317578,0.8377854468599034,0.6352462689772728,0.18643085769099668,0.009906756904009708,0.3938686795962167,0.5105333333333334,0.0028030779872365314,0.256559671359371,0.009956974167006376,0.4739225762766605,0.0012760534296552802,0.5071959932553212,0.6408518219429207,0.020068917642062072,0.20574129743116099,0.002610413358716692
48,0.6935019407559354,0.5606433215128696,0.8797176736316792,0.6575312336224954,0.5599886035733099,0.5467850249991829,0.4557189926180303,0.7435403222148816,0.4050981488613044,0.5616503286768614,0.7035204958474082,0.7454820652173914,0.6354815340530303,0.3830964990847619,0.0042551872585493795,0.5048965228289741,0.6250666666666668,0.050532958665072035,0.5491396422233074,0.01028880236713274,0.3762919095515483,0.03646568711187235,0.3534895040364862,0.5401404075467459,0.058943392834043574,0.1669907094465074,0.0022741372901893945
49,0.6745417217168694,0.6068418325409399,0.9342471678757314,0.4566505871483785,0.6026755099404008,0.5865979178416733,0.5723902665762534,0.6992638602330429,0.3506354808324116,0.5534114305742586,0.78664430401398,0.7928954106280193,0.635528106032197,0.3999263185652451,0.01895442399844244,0.3671654076545932,0.5864333333333334,0.06325645001163453,0.38776551069145043,0.009692144322308171,0.3982991911786992,0.01998711045911925,0.3255800674101447,0.4997410255134518,0.09686511748519903,0.07372524764157644,0.001941305619273685
50,0.6754422041872892,0.6185751403006639,0.9290327914955577,0.7088948565304112,0.5989849229250387,0.6395509933348029,0.6923083501686909,0.6800523473430287,0.40183589864428015,0.5735680709903153,0.7746973092676392,0.8231251207729469,0.6355417235227273,0.13421161482948227,0.0008208890889970405,0.5595086812789234,0.7583333333333333,0.012188303675201103,0.4517251383261794,0.009581995855661897,0.6760431407339503,0.024835009108861977,0.6982519654167268,0.7855968724046734,0.020783480547681605,0.14974569198084406,0.0022893209096003044
51,0.7987209140862632,0.7132524294870165,0.8907346204108275,0.550244026225413,0.7901003481873387,0.8452970180376913,0.6291985148509758,0.7972883372122538,0.42683749591889003,0.6078863238381739,0.6690433293705347,0.8409193840579711,0.6355082102367424,0.06340981684454045,0.0017449863264361167,0.28694787821417,0.5802666666666667,0.048991520352768665,0.1277596708375486,0.02626525077590003,0.2827647315424489,0.03597626734302316,0.31401704124550583,0.4647683071360864,0.08288285954821144,0.05519279139464203,0.0028265613936450753
52,0.6919895080411518,0.8307901982137046,0.9257039010402646,0.5232663185396599,0.9160772439199732,0.9234512496876754,0.5302602090272177,0.8301336378489076,0.38367503286868754,0.6376200039456138,0.5478570758986532,0.8413711352657005,0.6353413921022727,0.29047701816525645,0.0018789776258865056,0.16673673699689726,0.42900000000000005,0.014240552835155781,0.5534922071251066,0.009023219790609242,0.38889456212175116,0.0015556399574862708,0.1486154598736197,0.3789128429657807,0.03759180258887617,0.10667829275951873,0.004715750537833821
53,0.6603876328890057,0.8001982525603214,0.9207181544429358,0.43679915536120567,0.7834347637394857,0.6451153300992128,0.41438807999972616,0.713749397864111,0.39541397547875745,0.6371637499782495,0.5166534799606858,0.8420643719806763,0.6353687784090909,0.3760592644793188,0.0053546172374151135,0.15216386542487667,0.43373333333333336,0.0024164676187707506,0.539314300607381,0.012722719567478225,0.37323388484670894,0.026910979435918695,0.18081284249367455,0.4014279955247166,0.035143941824355214,0.31808269785093063,0.002393318582772108
54,0.6734959833066327,0.6848240193700937,0.9457154989402465,0.5813124074391222,0.6936514614923356,0.6904893136391687,0.4336321641818443,0.7979924398382564,0.3830416915050195,0.5976575573306048,0.5528551414551423,0.8421300120772947,0.6353377556628789,0.37248117445247514,0.005106875634022811,0.23459412566872154,0.4995666666666667,0.0044726368482789726,0.3670424962157586,0.010532907072434719,0.5126291657937111,0.015589794183397919,0.5026637633524057,0.6763475922389298,0.05927653364814998,0.12791053720163342,0.003291267917991253
55,0.6124276434931265,0.5670270043852966,0.9495895436786189,0.6463228647727557,0.6433481641482994,0.5862447371992612,0.43429875421008024,0.7325545462456463,0.3283293210967444,0.5235245359101701,0.6804705866530069,0.8422339975845411,0.6355453503787879,0.5094174825347578,0.014546799753039715,0.5218813548216067,0.7170333333333333,0.025444038552163928,0.32277809195677337,0.008642211121373722,0.33723003665542545,0.03890645111086156,0.46227370912748494,0.7509781708746828,0.10238205811687416,0.11607929560505548,0.005512321293991704
56,0.6566398775184636,0.7191712186283531,0.9424128105766235,0.538526035470239,0.8006586074494201,0.6394208984765418,0.36323317823107787,0.7611682509857187,0.33505926914575407,0.5185795247953354,0.789739491790769,0.8420611111111111,0.6355582954829545,0.39809121201213693,0.017970296650458392,0.28331071543011727,0.4186,0.07091118647970591,0.4323350390986516,0.006895454551785814,0.16945283914313666,0.026688811537586538,0.16330073975274803,0.3073886824322168,0.12961430795018067,0.08614014671917047,0.008480632362957539
57,0.5672622793952432,0.8202173332062608,0.9457269430718445,0.4404127392676087,0.8983796534028603,0.5868648591161806,0.44560204342403587,0.7335645883114227,0.33017395346274475,0.5469453469213704,0.7776985999721472,0.8417614130434782,0.6355546401609848,0.6352998771239574,0.04810853150966432,0.1370378771909754,0.04170000000000001,0.05158128128340142,0.5867905146418856,0.022053912568637018,0.11568959990365746,0.05057661059980407,0.03545322909738927,0.027524012548143087,0.11335478309550923,0.35529797714229305,0.007254100359847515
58,0.4916044181450841,0.818602450359916,0.9221004597905251,0.45864283402375156,0.8915020424119345,0.45852535318960347,0.4505603173681675,0.7136619447102552,0.366544042869092,0.5597552589540689,0.9076172812169644,0.8411500603864734,0.6353701988920455,0.5827952055513718,0.033847919434625534,0.19669709970447768,0.18630000000000002,0.08753051918498643,0.4662082980008771,0.017062894280019645,0.19440443670376797,0.05610106225694551,0.020380148512402597,0.028641876557195713,0.12710850965277165,0.4014324243230401,0.013127341939910527
59,0.5384530505899678,0.7993167970791387,0.8830626716292014,0.6076716710765853,0.9624083564961289,0.5122000582689419,0.4441164765165526,0.6523567314198846,0.376845438330253,0.5477069001011714,0.805409415411674,0.841676268115942,0.6351820927746212,0.5612478625922566,0.04089228322364872,0.2033344803129772,0.06713333333333334,0.09877535944585307,0.6131086120549172,0.013671259787831918,0.12634255885647996,0.060603857951228295,0.02527727750468872,0.03655144215619859,0.08715414322279307,0.24803655292842822,0.019503532250548183
60,0.4397521104791627,0.6712696898603031,0.8782160675994135,0.5446729392244546,0.8810001027003569,0.4076551156708649,0.5166547779759896,0.732501430782189,0.3689402478618501,0.5371489934730147,0.5555319237556593,0.8411687198067632,0.6353409185227273,0.6403137176412177,0.0472864379554355,0.2832364503055878,0.0907,0.09726747099763289,0.6551484586999884,0.023450044973598125,0.23537749861874144,0.056990087883920744,0.06349167816327812,0.05379461409612161,0.12826243218279237,0.43500159854605996,0.02119311296597173
61,0.4237942322866756,0.6333089047845316,0.8684784316925696,0.6536272669108346,0.6102388942815778,0.5426946822137517,0.4920593688735278,0.7618689097567041,0.37297094835908606,0.5060731041336972,0.47214700718448205,0.8002458937198068,0.6354870454545455,0.5525068336320796,0.042318391413838946,0.3943017388766099,0.4585333333333334,0.03574904308469117,0.662449681126876,0.0187921432501599,0.5706876700024918,0.025457689595515625,0.28183721653142496,0.4251774230380129,0.10460621562941062,0.20951649043394202,0.032185754738203474
62,0.6133873131238844,0.6448147369037082,0.8638199350636634,0.6392053025479083,0.47597639879542414,0.5434813333812603,0.5811782204399945,0.7095263544160967,0.33862719962298454,0.4978960116081495,0.5344988794383894,0.640418115942029,0.6354554451041666,0.50446182347374,0.04381163454080934,0.4990291044210245,0.5113666666666666,0.10050251174627171,0.5834556878155993,0.01203494173566133,0.5460576456381697,0.05448316432824618,0.28032036613272304,0.5139032940789244,0.11440570556706227,0.12210951376396363,0.004181321849717058
63,0.7906474037873821,0.8300220671733107,0.8818935662481622,0.6228983622207216,0.5173381392683096,0.6650987273652336,0.5350568987052493,0.8464640112691306,0.3346726993823676,0.5020961920759149,0.5168600120385678,0.6404297101449276,0.6356007102178031,0.3486162185970408,0.02317002763188651,0.295598053243238,0.42290000000000005,0.09527665701267048,0.2049525494918384,0.00962222522306925,0.30698443241204304,0.07219793291578108,0.0941951120011188,0.32090351478131945,0.13999639196854013,0.05482329205137934,0.006187605840637538
64,0.8530525878851759,0.9974393781573857,0.8789732277389911,0.43099208592646765,0.7058993072695288,1.0,0.5210041374624873,0.8196736691518066,0.3824291586729666,0.52976181463886,0.6918004337466853,0.6408494565217392,0.6353945360227272,0.06998042676218667,0.060777097766637644,0.06704461717148223,0.11973333333333334,0.08165464872198826,0.08127735467550697,0.012063133996070287,0.12301902358029608,0.05571206514210622,0.12943459267795623,0.2185958352309911,0.1194108646582261,0.023327318733683003,0.009652135748628934
65,0.8912523632176055,0.9162532772688207,0.8485397655615144,0.6119821526288767,0.7145195114113349,0.8590174234352742,0.5714387771354125,0.748604417336752,0.3998526404268152,0.5220299030522464,0.6341815781126381,0.6407035628019323,0.6353367519223485,0.06711049742470941,0.05854670862978736,0.3891055758157387,0.7013333333333334,0.012249625010723025,0.15533637446726323,0.014043394927083473,0.13458846445760134,0.039297409119940487,0.4015737380140572,0.6980223534529716,0.06366208301259417,0.10003314258719571,0.020401993011936865
66,0.8993608766184218,0.9540518974348741,0.8355386262817937,0.48681365474570765,0.6399027328233654,0.9686930893919093,0.5341585281822843,0.7143150024311399,0.37057474336632806,0.5365614450256907,0.6237862664027242,0.6410946447765701,0.6352242802935606,0.16625138117584168,0.008961663151499906,0.2912698496919301,0.3307666666666667,0.06531621846727023,0.23224779128629855,0.005712296984490041,0.06671445742146682,0.05457649741038042,0.02949422848729021,0.08887098605492551,0.130966183717569,0.2340024584898207,0.012478776921612445
67,0.8275810212950623,0.9592081070809443,0.8450005525024096,0.39251666526376844,0.6583556679001753,0.9645299021452647,0.43541243930315454,0.7011522886685381,0.369601138549065,0.5442442059248838,0.6402399936135706,0.6407308574879227,0.6353173957859849,0.26533484603696683,0.023428597558050074,0.20866958284975579,0.2632333333333334,0.05456930477302679,0.21103911051239033,0.01361497982019891,0.0917417972601217,0.046088417590883814,0.10930788872135082,0.12288211813063789,0.10555091929066888,0.27543014545912164,0.02943853094911894
68,0.8805512775922174,0.9579208044644947,0.9055512074638261,0.4542010434707416,0.6850942027305044,0.7940514202902614,0.4398399174313718,0.776781038894412,0.34949716622968746,0.5309327309003253,0.634437235268024,0.6436859903381643,0.6314826609848485,0.21149814076834403,0.04126847216950259,0.10080148807646917,0.5282333333333334,0.029136175012851696,0.2800815781295624,0.0060895248756518165,0.11007868413127926,0.04699827179654767,0.06691699660262153,0.3080185772732664,0.06328870780064884,0.3273369510723334,0.025859928377216308
69,0.9131497466865292,0.8148578994326143,0.8848366878172363,0.47567605118819123,0.7652601135004589,0.7549818141780731,0.4039111432229133,0.6063556075827622,0.32577749173373755,0.4968979701783007,0.667657981266399,0.7433545289855071,0.6357658523295454,0.07646944272285129,0.06255779995157584,0.1777801329401794,0.6319333333333333,0.06500602466821709,0.37722079884470644,0.011526560305736162,0.2435064930640705,0.04798895005584038,0.2571164483073873,0.4949123632888992,0.10549298175778081,0.17009718474947955,0.010829857992681545
70,0.8608775925836747,0.7336978097302332,0.9111229063016326,0.5399587864084291,0.7279368160901644,0.6886084854860217,0.45011670663222597,0.6654806519396438,0.2920635674263832,0.46717152143636614,0.7233738166915223,0.7800262077294686,0.6356576136174242,0.15702700514819615,0.0838233976804637,0.2827755136539878,0.5284000000000001,0.0830872364493704,0.2918765311782712,0.017861744693730097,0.34574185994471834,0.02473701682849266,0.2245885190226933,0.49469708277360375,0.07764434094958177,0.141343910434054,0.02313927936086546
71,0.7258389678719294,0.6722036844382097,0.9492122946035668,0.6598416870871576,0.5251367405557082,0.6242293248921009,0.5129240580838387,0.6795249709725041,0.296650529796938,0.4174836791470243,0.5736400177275922,0.7953326690821255,0.635604393967803,0.4242171414556893,0.015905541889598758,0.5094660590309624,0.7222333333333334,0.004811852620404023,0.2584602729944451,0.00453165543899892,0.4402750672018754,0.0006561662492323849,0.6045782468843113,0.7489242352917159,0.03411072248785129,0.3167421407883518,0.04106307171794931
72,0.550701057133887,0.7218142554458031,0.8754378435379291,0.5182971264183306,0.51004972685018,0.597722422614992,0.49281608260474324,0.7595964341942427,0.30050391815857974,0.42451821592269856,0.634881064174861,0.8209400966183575,0.6357900284185606,0.193961066918109,0.018725026523918973,0.3473623320246022,0.7035333333333335,0.03237987451449994,0.24602563978943104,0.01623129848333149,0.49193736080907363,0.03827884590073787,0.46535015960899906,0.73871037084381,0.10020135375400374,0.17033439597709735,0.005455619930457065
73,0.658190447400332,0.7584160724664427,0.8875758272750941,0.5314963670694101,0.6419468012151771,0.6428980459628411,0.5094554873547035,0.7313962253696773,0.30235851517352264,0.4607586561139953,0.606231417944132,0.8406281400966183,0.8197119223390151,0.35382442020062377,0.0527078237595918,0.3263581822438839,0.537,0.1132583376374095,0.37810463335162764,0.00879719941361362,0.164246459092964,0.05805796471913243,0.3205523992038787,0.5918252725929721,0.12057605281964175,0.15295445169165447,0.04291175378730172
74,0.7252175599383146,0.7631495132423965,0.8994300565099895,0.5075509763477514,0.7136217115180107,0.6422221422462868,0.463393064326131,0.6607570996769858,0.2946687369690234,0.4791275673889822,0.765291222282931,0.8422045289855072,0.9930818561742424,0.16503861381086585,0.09745631821848567,0.19172881188364718,0.38293333333333335,0.10809715208536101,0.3840891504883593,0.03808004397633771,0.5621029817450491,0.013785473248050168,0.431019109719507,0.5219707320558107,0.06943169566269783,0.11119710008370655,0.07402490348537358
75,0.6683528943084633,0.6229379033919729,0.8971276770262449,0.6942961644897141,0.6356456373882307,0.5777453593359737,0.4831955868428375,0.7249631292206291,0.2689913020337848,0.48794350586090873,0.7690568438646302,0.8426117149758454,0.9929547727083333,0.5011903367172773,0.006548978818764574,0.5055378754979988,0.6999000000000001,0.020625876965869736,0.5956914329941934,0.014874002527540038,0.3523360227822343,0.0015498972527444286,0.302554782193413,0.5936272502395192,0.060581737514045116,0.2069672045411497,0.03538531663416572
76,0.6240252861400217,0.5741651535127801,0.939660450421117,0.5411359883583419,0.6175670616765336,0.5052683551683185,0.48905054241220564,0.8628624356283687,0.2581913810475894,0.5232358462403792,0.6776802430198875,0.8388399154589372,0.9928064582765151,0.3041315183384589,0.06030707158269108,0.10638250086758304,0.35736666666666667,0.010388849450787545,0.3314426993520644,0.03674874803675546,0.05207857601597698,0.043581281422611695,0.028495718008426568,0.14043146680342553,0.05379499928657313,0.44214122670250583,0.012905400929407578
77,0.6790023934575129,0.6085818147712947,0.9295803385139029,0.49582502770066283,0.596592998485998,0.5491304453446761,0.4977614521881992,0.8628624356283687,0.27933665918145684,0.5414306397928033,0.6506888738915795,0.8422945048309178,0.9908124430871212,0.25355696852711557,0.0742382011969749,0.07635014903310657,0.07360000000000001,0.02709298597782146,0.42200373811558883,0.026307142876215817,0.2520223531423763,0.005284767751733904,0.078297573222575,0.16447431368571716,0.0595372525461463,0.12684146521791936,0.02370128274895773
78,0.6708017444700026,0.6547584459593635,0.8585045489232604,0.4272187572503822,0.8228717007510377,0.622003680456798,0.4688722485811627,0.8132991145591697,0.2860663141525564,0.576241529415726,0.5818973218080358,0.8421695652173913,0.9830739299147727,0.24422799184901445,0.08177779904217326,0.17448416215524054,0.4300333333333333,0.01600221503507729,0.2473697153941942,0.05217998531304155,0.1692338359331155,0.06536233207915673,0.19322933556608823,0.2955020086469411,0.0526974049135269,0.17330403488670187,0.01856076042018612
79,0.6776382369502791,0.698150755063336,0.8000122921092704,0.3995867345871537,0.8414041457815,0.5597057502980293,0.4219767932375678,0.8132991145591697,0.2544083313843652,0.5718810160158928,0.587812999092373,0.8418461352657004,0.9934817992613637,0.32222998679339815,0.09369148593532035,0.08533540493288544,0.2784666666666667,0.06029150528007036,0.26336222268704707,0.04210196553937439,0.2923925701172285,0.007504824481695185,0.15570198340212976,0.3605741324035765,0.038446381198975206,0.25450969707196275,0.07385074689257841
80,0.759979713264284,0.5892902249481797,0.8424451512729106,0.5961453323413235,0.5456834377453628,0.555870885546777,0.5188816513697607,0.8132991145591697,0.2812035654686228,0.5551295578223376,0.6374077136180816,0.8418545289855072,0.9944147538636363,0.19209834087634448,0.014066235210174,0.42131541332768635,0.6144333333333334,0.01569341514582125,0.27427942297237107,0.017445646626564823,0.48300939951520466,0.007335549017756248,0.445167728385607,0.7287947097763503,0.03657789576333494,0.15178951437593732,0.010390566231148132
81,0.7027905118726095,0.5278305036201311,0.5839803534515062,0.5481438687907104,0.5572388843428338,0.5468071950942007,0.5309562122060686,0.8132991145591697,0.3240090596243561,0.548026775034705,0.8081089189600477,0.8418976449275363,0.9949067329261364,0.21062610601544174,0.02810889460325414,0.3721652117874204,0.6369666666666667,0.07395396095633176,0.2747881239227344,0.029486497303515363,0.3851628002591166,0.015502078018235705,0.40858392282094164,0.6539249305680469,0.13728137480236863,0.21556468463920517,0.032373307578827275
82,0.7617192202946056,0.5045159528161745,0.6827271816693007,0.5098145692518857,0.4753734483135608,0.5298842513000084,0.48211757226306307,0.8132991145591697,0.3303152170154,0.5435370009764603,0.7166156548229735,0.8419304951690821,0.9948590056155303,0.06454149258087345,0.012563231074185803,0.4104884377556825,0.6699,0.0235570786204185,0.1352697205031156,0.033456132156045974,0.12136035660403764,0.014959632811863828,0.5181750281995237,0.7314944869052035,0.10778312368277315,0.11042679528820774,0.012076461376937006
83,0.7205342369488855,0.42507477005816025,0.7049269927104606,0.5724422015312957,0.3287239646313223,0.508076366318526,0.5712539824605601,0.8132991145591697,0.316699989625042,0.5333083474589773,0.6350288468912711,0.8415969202898551,0.9946212119791666,0.10341344532460328,0.02998370215979801,0.2512195875135645,0.5867666666666668,0.030804531398287524,0.15230449040117158,0.10813366606472223,0.10871140981636014,0.02475132657025357,0.23679431722342018,0.5020947591473486,0.08743900275949273,0.20438577789006285,0.02384450801453814
84,0.7607940267854,0.5176184534568347,0.8176497665454046,0.4473720356646122,0.5707025698279603,0.5482104257350932,0.40293314507923755,0.6876931617172083,0.2751676259106663,0.5177074673114033,0.813050842205575,0.8409792270531401,0.9944967424242424,0.0781855323117358,0.07822551500831905,0.20186185338115045,0.5590666666666667,0.018600052769868602,0.19761374551328922,0.061263812224065795,0.27446629536051453,0.0796474420453141,0.2086818195975544,0.5769677276966194,0.16809287666742703,0.2138930744987849,0.03255006060263684
85,0.7619551408841382,0.6419767395971225,0.8828449707978806,0.3834665702344741,0.6633747337244782,0.5492604018619645,0.4817897141596664,0.7594422073064784,0.2634574049357837,0.5410688455373549,0.7881834212917784,0.8402278381642513,0.9950643939583333,0.30536876047083067,0.06720594422927868,0.29512276886799205,0.3910666666666667,0.08500182391307815,0.09219349013103968,0.09375417312034794,0.33104522090021393,0.09139015870982764,0.22456332724455685,0.4863808762012651,0.1672720949515127,0.3894491475325143,0.021513434476817694
86,0.6544267150129793,0.6684638373999202,0.5466404743458085,0.37490130767575436,0.7744965197830704,0.5344749544236389,0.451363624703988,0.8794887191956577,0.25326444830134975,0.5497677262801608,0.6608584018391935,0.8388474033816425,0.9950830208428031,0.21858937337534326,0.10328613543021646,0.26774269619123314,0.4638666666666667,0.1415732989436528,0.1889397989123809,0.10806826298853484,0.15604401802471557,0.060712652827546836,0.13929297518869402,0.3080488760124562,0.16672973526864385,0.27484172871863927,0.01098488418132302
87,0.640122154389877,0.7048450980725285,0.13668116432459423,0.4790813788404261,0.84769537086424,0.6484564921924427,0.45812939777591094,0.8794887191956577,0.2707019977948818,0.5432478593463252,0.8326372040222559,0.8392598429951691,0.9921860132859849,0.1459532535229414,0.11484547747922498,0.1703046429674319,0.25830000000000003,0.016534349461618355,0.10081460917800995,0.1263982339438172,0.20385186859666224,0.034584992556725085,0.1476421411728925,0.27533261636948375,0.05378051490335111,0.09988631929058815,0.014070689779716096
88,0.5831547527332321,0.6527569028963888,0.2228676461801817,0.60384895456403,0.700621834095856,0.5958840615576144,0.5130960694111032,0.797079038415144,0.24845445364122926,0.5172456768298237,0.5567404708910463,0.8390608695652174,0.9956649053219696,0.1611405066425363,0.13287176088176708,0.2447000156303822,0.4719333333333333,0.021678152872331876,0.35961266210203036,0.11974510669318984,0.37326139376241185,0.016553454528498105,0.3050205229019218,0.579685046200793,0.035374082579993936,0.2275733153450803,0.04311344289789345
89,0.6199680013746504,0.6445206791455488,0.2462648729740614,0.6660853544018066,0.746207540856521,0.5554892186699212,0.5059410332158685,0.6381644349090558,0.2494816917160356,0.5080011669616085,0.6025030037498741,0.843919806763285,0.9951051893939393,0.29199155525908177,0.1456532616524012,0.3250925011965877,0.4396666666666667,0.040130233134591624,0.3320804157257684,0.133004275161717,0.2854893585676558,0.06187560044400738,0.2525185671038737,0.3564582878852243,0.056580828992941166,0.24580131604431524,0.07395896343864723
90,0.6664034043511542,0.5522679730264891,0.2523611027879102,0.5320380679462192,0.5848818448959578,0.49728924018360826,0.47933326830206074,0.7557194289466242,0.23452182287426193,0.44022711459251146,0.7200466707471799,0.8947879830917874,0.909749327594697,0.20917040821790012,0.15799361160828793,0.31791959968526656,0.7344,0.16604978231845888,0.22046769721359794,0.14939220106141313,0.2118190015731445,0.1468478643860314,0.49604824973632594,0.7262910771169885,0.19439490722269734,0.2612444462399262,0.09956785400992817
91,0.7052471641817232,0.5590391933504439,0.236289105124289,0.4639559877744535,0.667250843965029,0.5284915271291373,0.4363894235485536,0.7987014627982976,0.24089714665208306,0.4258524028584684,0.8100351856872516,0.8929669082125603,0.9945504166287878,0.11151388335134299,0.1644412079593617,0.1914154087514118,0.6029666666666668,0.18293079560581219,0.19903577545477372,0.1607248961535391,0.03183695561461826,0.15273119817094777,0.14000903239754273,0.2670546818887531,0.2744066401411222,0.25858630435186014,0.10870923470486699
92,0.7253988889567646,0.7268204833014442,0.23365402752619868,0.5127801550657964,0.7886062236416221,0.6273126923045491,0.41050357389854025,0.7550158209849399,0.2518087303220164,0.5004179503282024,0.8025283663226481,0.8914519323671497,0.9943387973579546,0.15517751962519058,0.13620164975965374,0.07625678349956423,0.22243333333333334,0.19170922034867421,0.4310067750131769,0.0494773327006389,0.03247873827153249,0.12221215289054527,0.031980580650637976,0.035290057803615674,0.2511334550551671,0.04946007963968465,0.1285912439359643
93,0.7473154826940387,0.7164247068264212,0.2182680588801477,0.4649554437245463,0.8724130277059059,0.6363417738136004,0.5223028172540157,0.6180008531784358,0.2669075180931647,0.5248184983753157,0.8025283663226481,0.8864025966183574,0.995022992405303,0.06864804016719303,0.15344469428957505,0.06731807573011818,0.10843333333333334,0.1184423571048759,0.18145363879970744,0.1042547327864443,0.030585097486123244,0.14990313338817193,0.04696968864183642,0.04711294476954458,0.19804175304281865,0.0374793593844425,0.13190050399428058
94,0.7227358838582554,0.6594981938054703,0.1696517193484934,0.49507335518505435,0.8457208736818741,0.5872205830493901,0.5606415778045398,0.7684429077042082,0.24885714268966977,0.5184101526563857,0.7991351064092984,0.9303490338164252,0.9963253882954546,0.11452926327997431,0.18288332183071887,0.11964331994751552,0.0907,0.09698030647528023,0.4005224631855806,0.1631076092747449,0.18825594844570018,0.15638802445386782,0.030153031654919657,0.04564106391311723,0.21966854656920434,0.09281994760148578,0.0885697066773411
95,0.6372841292859925,0.618156607624192,0.18559589696778758,0.5474169515223172,0.7270655195147243,0.551207075077366,0.4349064002312751,0.818351319582974,0.24606586867413308,0.4883643939313478,0.5827610069421001,0.9168246980676328,0.9367447252651515,0.09461969011093825,0.09100538989326205,0.13644150667496946,0.33693333333333336,0.10793290785636443,0.5536931115635495,0.1731800540027779,0.40745281527685234,0.03222035589325949,0.16441070476518513,0.26799234813315104,0.2133082929588251,0.1857435822338854,0.10928348101189533
96,0.6735305306569385,0.5452524436460987,0.19295858524306975,0.4873536120526523,0.7433253050366243,0.45552291584707255,0.4690478918660408,0.7176914594799612,0.2435834987758136,0.4911294873165239,0.7487047231873527,0.9404150966183575,0.9164254640340909,0.1810464794760169,0.15784410368345608,0.13530778195639487,0.5195333333333334,0.084616526094301,0.26874894708909003,0.13727050041837532,0.26755873349517706,0.14374405020368403,0.2125987594041671,0.33930601216287054,0.23991771431358488,0.19682640294983456,0.15470790222426264
97,0.6087233123738442,0.5204415876895706,0.195288330074924,0.48126481581105024,0.8921613124443016,0.43962995096042756,0.46862122745506496,0.7481497129603701,0.23161742078543707,0.49912093713073424,0.7776381877004408,0.9920001207729469,0.9709003220075757,0.19861294117799713,0.1531541395946069,0.11531645233276622,0.3931,0.18812130683375658,0.13593715648664478,0.12422806395680358,0.1398475560608473,0.1587175706587695,0.06649560685924787,0.12283587268661146,0.23414166415982698,0.05585697508431747,0.15361231562564023
98,0.6322026225325557,0.5130672465023388,0.1700693028242315,0.5127885072900065,0.8001318540064736,0.4337293749651573,0.49349492077794,0.8421576811606043,0.24067938976489872,0.4877759415633354,0.8025283663226481,0.9968803743961353,0.9943554449905303,0.08445889558252785,0.1350341276310951,0.07633544746839242,0.16283333333333336,0.19148319954177703,0.33156111540687666,0.20389303773702652,0.3031473206737219,0.09435835371381442,0.06657881606581985,0.10591004017293877,0.22528848725934716,0.10766686780917396,0.16550868687061124
99,0.6240328552136277,0.46226339002621136,0.17210362988631736,0.6563655915329557,0.3946874099301307,0.4208660596122373,0.38648106998017323,0.9440915086209086,0.23024435077674435,0.46984249407988443,0.9521094573161806,0.9961947463768116,0.9933173485227272,0.1466831198075128,0.11013782939197876,0.24254438094015132,0.37579999999999997,0.19609167979645106,0.44826273805783806,0.098474085000489,0.6433305219778086,0.027195922165726517,0.41240620261273847,0.5038887634414773,0.19577897050835677,0.0581998214144758,0.17354504971291904
100,0.5414376855419464,0.4969596664719149,0.17567956882800942,0.6440652270431073,0.39529036041199406,0.41336522715736723,0.4359645669612992,0.9440915086209086,0.29317726348466117,0.5362626992382434,0.8479242612643197,0.997078502415459,0.9924588825189393,0.2713797180712552,0.16153114734978286,0.25821598377667915,0.4244333333333334,0.07933616960544555,0.5934316857943918,0.08030814112891634,0.31877383502401246,0.015423469561041998,0.23181474241177835,0.37459128595503527,0.13592467090723964,0.06897521705932852,0.09965350950929004
101,0.6408677022394553,0.4452318433207843,0.17591311697767736,0.5615165042156927,0.49840483155485027,0.4046400134921199,0.4932447569234597,0.9407601658357299,0.3310174316879353,0.5662325286254735,0.9028803802596747,0.9974934782608695,0.9407288162689394,0.30441951708481524,0.11195704883741399,0.1482777992364912,0.3572666666666667,0.1488336243367763,0.644329519202907,0.15610512936112664,0.5752759901400568,0.04596081371504141,0.3517512713450699,0.48806165889105313,0.1141433772931524,0.16691368659602537,0.1478146861253336
102,0.6128965026179125,0.3277821617943791,0.23711253310403724,0.7168835094956928,0.4835364702218659,0.40204697172917714,0.5810774438667463,0.9440915086209086,0.3738261497006795,0.5933622392104073,0.8350491177500822,0.997520652173913,0.9880302841287879,0.4425594575670367,0.09608008048884757,0.3021641058841917,0.24543333333333336,0.06835157730034642,0.5545556470720229,0.10062493288439427,0.6160045816835936,0.026053476512674645,0.26806418437572327,0.4022891175858983,0.17323161395941614,0.4340657965466968,0.12766442378127135
103,0.6217828703929386,0.3837644017357289,0.8473190866365817,0.5672544817259626,0.7532541104989582,0.42096628200008995,0.5090974636585638,0.7156623807280392,0.4477635517760228,0.6964931492980944,0.8246799954655126,0.9957456521739131,0.9896754356818181,0.24647261250347943,0.09618819856529905,0.20986292793188618,0.4247666666666667,0.028864278886051645,0.6197002674628623,0.08488006640752323,0.4637746989393973,0.03515436933348572,0.0845970445311245,0.1874391633210479,0.14930502225255673,0.32833578230039834,0.1860688388184791
104,0.6786666524433946,0.40553647176335744,0.8326082747971224,0.610361135291468,0.5282906353839171,0.42762126847259235,0.4546112034088405,0.7149809733494829,0.4462163934887467,0.7440798279477363,0.7865186551886741,0.8710666062801932,0.988776590909091,0.08236872643688138,0.20765010256618466,0.2901059599547255,0.6543,0.1459857338162668,0.3504372504054976,0.05187312508800881,0.09984513036349814,0.02704703634609777,0.1259856092349089,0.43112075993065074,0.1296593704757603,0.12230314634691257,0.20408206774396462
105,0.6491534079118894,0.4822886308501184,0.8431048456035298,0.5745622352970906,0.7701864177121673,0.44650841584151313,0.6026843838215203,0.6227614242765405,0.46580161790729474,0.770910227794793,0.6956905277627143,0.7992813405797102,0.8888237689583334,0.05639480811522907,0.1948011299122319,0.11705394337440822,0.3073,0.17469327942970728,0.038286980573622065,0.1264352356532258,0.021202393017555502,0.07646528060179221,0.04262296183247131,0.1384173979825504,0.14658839571047166,0.028745443534180463,0.2080011272671304
106,0.6548481133094983,0.5310891058988104,0.8019049193661189,0.5523545239871888,0.7320017624706394,0.44258833458655633,0.471613412996527,0.9907067496723649,0.44966386894493704,0.7917474074989712,0.8551324459235465,0.799694384057971,0.7849529166950758,0.12014876948814618,0.22953818719450184,0.1361311820187763,0.24743333333333337,0.23377654729670772,0.06461785109085423,0.1998255680848855,0.04359693856383373,0.1809790298215025,0.12084724988228567,0.14182201946518572,0.29656130896715477,0.07799432410994123,0.19290578926172183
107,0.5570019414204561,0.5224400893970189,0.8103431614081013,0.5034531573411405,0.6038184655241529,0.4395152063755567,0.5901277924387891,0.9314983858378887,0.43550527510930337,0.7866477129563698,0.8951292463207092,0.7987449879227054,0.7822896212878788,0.05260831343045811,0.23481224098914846,0.24426065031819433,0.5015333333333333,0.24306152755950336,0.10663414392534636,0.19797042358937791,0.07114335764014039,0.18728745170969288,0.22013873493913358,0.36750616499608973,0.28880250768789406,0.16519405590767136,0.19900503221451238
108,0.62795742676235,0.48864411417949616,0.8047230850091268,0.48674170880536766,0.4710302170953026,0.40660180349366226,0.564106974484509,0.9951265662591517,0.45592166848081894,0.7853871955566875,0.8850381104429478,0.7949902173913044,0.7827738731344697,0.12114057476204478,0.23035216982860607,0.32430132183255933,0.7266,0.24981754197374373,0.11299227457618104,0.21027013783411994,0.07882257524169363,0.19941365728349236,0.247229820469648,0.45147194464324647,0.30380832870590424,0.13522907700702858,0.18734946003404265
109,0.544646904050944,0.45808073058315846,0.8606718574627596,0.44101604627963364,0.39919959979989994,0.422758957011053,0.5248008607857321,0.9233281669121347,0.47870261443080453,0.7901539083157766,0.876291187497979,0.7978724033816426,0.7770640908901516,0.25940723427506845,0.2236482060427559,0.17804510668608986,0.6862,0.2432414538454558,0.136290327644947,0.20311606929311307,0.045137632457718936,0.20393509650505112,0.320154674464209,0.6381648021779368,0.2775980325777067,0.15885740569815868,0.15529877184680926
110,0.45657827490258873,0.42874318355764796,0.8822150896356227,0.41810463580942786,0.4400445255740453,0.42620611727503743,0.6046586913042948,0.9264080462884065,0.5250288535202468,0.795598787571181,0.9723450698482933,0.7960619565217392,0.7822926893560607,0.26588811846380234,0.25967291638599027,0.04344129231635738,0.4050666666666667,0.2493067415906379,0.1363655957548385,0.22362184598934412,0.03474857583646513,0.2092264850707957,0.1416632924951708,0.39648451702533977,0.3071429555987954,0.12938458512181997,0.20299062757493191
111,0.5853522859362345,0.36042090894180484,0.8747902400607241,0.40294061844671547,0.4592031114895196,0.41220183324159354,0.47146277034768375,0.8565805266047597,0.5381607954368942,0.8204438386167122,0.9917917504350088,0.7939029589371981,0.7811997349053029,0.1919367674804976,0.217488733151275,0.11943693676016837,0.4241,0.25666958785850585,0.32562566914532765,0.11589546854278752,0.17304999902375565,0.21896561060495232,0.21567215633681616,0.38701855303427507,0.26923732470677547,0.15931407638442754,0.2120703222041904
112,0.6451367631543162,0.3795367555801509,0.8242735147175004,0.4615122787011367,0.5197234378778793,0.4262265506250434,0.6310113485290538,0.8903222447951943,0.5267802871108438,0.8596017958192314,0.9832129492724507,0.7942102053140098,0.7794268182007577,0.15757916260322488,0.041127701126040715,0.18808636567024953,0.3840333333333334,0.08503474615853922,0.2912090733188742,0.03005694285307753,0.09562662274715661,0.03210338649548659,0.12698030277769123,0.21818441024620427,0.19105062407432483,0.12793561047610627,0.16304951090246345
113,0.7415621078440922,0.5034372550500902,0.734433562253953,0.5271260508760267,0.517553478726118,0.4601316123433461,0.7922904492543281,0.8366996733063063,0.4418049847863256,0.8675960703855923,0.9861719310383534,0.7953363526570048,0.777624308626894,0.08702725017782115,0.035792244282348125,0.1393904097486174,0.2995666666666667,0.0638868753033962,0.1841225862768433,0.05769651489049271,0.17005018300581667,0.024222715853953965,0.2000853161552888,0.41413911395004965,0.10316582418677667,0.1288171770577343,0.09938324501379253
114,0.5485562507697307,0.49210816990213513,0.7236986275757552,0.5140617822621305,0.5078797676984187,0.4104519556734712,0.7866549420191837,0.8324800243297016,0.38183802052834903,0.8391949953527178,0.9861719310383534,0.7956126207729469,0.7769717991856061,0.2501593137599201,0.012348958702657587,0.16858073821847086,0.6529333333333334,0.03405375086681829,0.1871598960266719,0.05377722408283881,0.45426496430327545,0.06421209167307985,0.5100480078952558,0.7129963092946322,0.14237826832060524,0.2427085707336033,0.09255675299991584
115,0.5931974615780654,0.4820058050989587,0.7208588373131095,0.5344395445787475,0.5216681188276258,0.40723890790271505,0.6846859864056115,0.8982977813603924,0.34560831544092685,0.8016004819705111,0.9861719310383534,0.5465471618357488,0.7959043465340909,0.06795471622213412,0.012723511322223375,0.2801411238441313,0.6378,0.15698943932490664,0.12173891814571591,0.06360686596135616,0.38077079926727997,0.11768329555773499,0.48970679213088236,0.7028717463938118,0.23820051021381902,0.16687457469268988,0.13149302807571414
116,0.7204280742149438,0.549385589598574,0.7446980524891034,0.5561341520629735,0.7732077959509557,0.4315053847910225,0.44374267849258625,0.9066774567507626,0.32801221079804527,0.7846086938639831,0.9861719310383534,0.5423106280193236,0.9159682386458333,0.0430326977089849,0.08533976293313252,0.2715009150075372,0.5566666666666668,0.18174780653059555,0.35962209783296234,0.050854116021024555,0.2910023961412023,0.15151951993953752,0.3512062128726627,0.4786610763898189,0.2458691864419205,0.12196910935252268,0.10490089698239764
117,0.5198251736750183,0.5530284732975193,0.7572719059607855,0.4491160862440244,0.8298950799903263,0.46491570073611155,0.3951432591073282,0.8707472713265888,0.3444840685778863,0.7713242234699844,0.9861719310383534,0.5989744565217391,0.9543078124810607,0.0920039230748057,0.14480487677672224,0.08515149280356114,0.20413333333333336,0.21563207253328706,0.17056276818158375,0.17725470409784394,0.07710200875202754,0.1424860058306799,0.05309816121394445,0.12371932013456462,0.25374386278695743,0.060477410711857665,0.12014990938171323
118,0.4212260478319315,0.48684641275335505,0.7222977659626524,0.5997008580592716,0.5870551169624547,0.40781034526907584,0.4746228454391244,1.0,0.314155780287697,0.7482491621220172,0.9861719310383534,0.6485628019323672,0.975393077689394,0.07569498269887331,0.14111127261892029,0.2850762168197647,0.3369666666666667,0.1521117056454227,0.22065136236297248,0.07568618546498747,0.5016998423681336,0.1786554879983858,0.31972717762310526,0.35871155727864995,0.25863475618825865,0.14479193375217556,0.12833256198560145
119,0.47997768410180497,0.40710979138386044,0.7616186500145008,0.5387031840996923,0.5691720032201532,0.3663573056874181,0.44445025381994846,1.0,0.2630945744831132,0.7073673151770318,0.9861719310383534,0.7520067632850241,0.9781401135890152,0.2536977960034587,0.20139433462517084,0.29072974044038763,0.40863333333333335,0.24466799050139723,0.5466658223097075,0.08060244485370953,0.1966202732104382,0.19964524796049754,0.1869512390995939,0.22268138101015347,0.25906928768491916,0.15270916318088934,0.055284353972498486
120,0.4591405177272759,0.48924724567221345,0.7623260658531352,0.4533300926125775,0.6999294349161336,0.40978648725917016,0.6733298300423141,0.8508530423506272,0.26065821781667503,0.7154757097302769,1.0,0.7638112922705314,0.8907116098295454,0.10200951308490937,0.18812201901831357,0.2538012628412742,0.28486666666666666,0.10321610216138755,0.23248141995678448,0.09821903256492176,0.3128996041034425,0.06182777198952535,0.30369146575841904,0.33148893745192054,0.23098245924151362,0.08461667084265867,0.19073511935445467
121,0.5143867767278192,0.5144445550999774,0.7573572119848441,0.44626529993027786,0.6706134524215751,0.4114201071373366,0.5484446954216772,0.8452558831643864,0.24991310239966333,0.6946199996519906,1.0,0.781624577294686,0.7865717708238636,0.21507747145169506,0.21311070799827023,0.2383085759780845,0.4398666666666667,0.24400614098811382,0.22438200452283977,0.11831119348895835,0.3104293733941661,0.18035519319372165,0.23751800830443145,0.40397946829858844,0.2701450127220219,0.20888842423963203,0.040387766473215674
122,0.6027570971578264,0.47362872156516295,0.38851617072952427,0.46370611210832663,0.7523066168846012,0.3843568525571641,0.5022020107362272,0.8882983883052724,0.2615573808447795,0.6994060337157897,1.0,0.7793671497584541,0.7842057575946969,0.38925918610153376,0.20956585339830228,0.13672696180878033,0.23426666666666665,0.23861743882288086,0.13190684605123632,0.17440446623322983,0.14791111911843755,0.17253459907966928,0.11706924654903172,0.1406499366596883,0.23875896365582347,0.2621235395712301,0.17214093728648952
123,0.6978011520856084,0.5106953212642862,0.49284257162700273,0.4888456503686494,0.6745028143210677,0.4274222345455945,0.5588744561192951,0.8402734001255155,0.2949131639460244,0.6893901405302897,1.0,0.7830907004830917,0.7869963019791667,0.17042070900393377,0.18223056906440357,0.14142944508273156,0.25633333333333336,0.21607232356120823,0.09830240846872672,0.21292752566282255,0.21560051129684865,0.1896782411657295,0.13342939798062703,0.20169551744505712,0.190719092636132,0.22295835436546488,0.1375269352873419
124,0.6699199424777381,0.523475944035796,0.47255628311303366,0.4675945346636822,0.5524086546584551,0.4412230563166671,0.49902455684965696,0.8090790934232205,0.2964650114798617,0.6641272521466421,1.0,0.782115881642512,0.7869584649431819,0.06378032352947514,0.28598030021998083,0.24016653917015404,0.7635000000000001,0.25261888762824475,0.09906579919246583,0.27201357261689335,0.5249673702286124,0.24329310334195023,0.6181726464314089,0.7798082185489515,0.2042684284523726,0.1023153660189603,0.11555860269078656
125,0.6168426186869335,0.5163300406482277,0.259953730845267,0.44389998260363017,0.6368084704603958,0.424417439542641,0.5180477149950276,0.7977402530360502,0.2967378670141398,0.6592074378209908,1.0,0.7119778985507246,0.7868142413825758,0.11300587522442063,0.2648407280896311,0.24677792853367367,0.7044666666666667,0.2873308320241876,0.0576707206749728,0.28399250419959243,0.4696694854670704,0.26490911178606036,0.43149775350409986,0.7231782803328648,0.11815233269382414,0.11532795012905443,0.18799425878636375
126,0.5594449319984711,0.4621046306833872,0.14312761755613265,0.4088775155915643,0.5971396294173577,0.381356180110748,0.5849619403594765,0.778419826975829,0.31677150063509985,0.6723536083496963,0.9398135861600528,0.6600461352657004,0.7868169762784091,0.07974476314046842,0.2608551374513589,0.10597688600685473,0.4366666666666667,0.29694622418849476,0.13702392725684812,0.21899091224224643,0.40310101876989274,0.2751301317094679,0.28319528238914543,0.44966039897379745,0.2881233510523728,0.21689140136357923,0.25204039668050165
127,0.5646702424400015,0.4365510342469067,0.14115307847359726,0.45285494542337035,0.6116800121915262,0.38237351357629934,0.7294248622875663,0.8984415520429735,0.36097116640905114,0.7134123977693949,0.9763375197595087,0.6352178140096618,0.7870044261742425,0.13753434778329882,0.2908744472671086,0.14077777839011685,0.30923333333333336,0.2951143402914745,0.18761798916896924,0.17001188339358053,0.5666548750780983,0.15722496600724212,0.3303832997748312,0.4809255084766302,0.32068907266320884,0.21851272126071206,0.253804860457589
128,0.5228495899560164,0.3212038710964939,0.12840977605973145,0.4930834027964721,0.4375267103750551,0.35071666506579285,0.6814279948732912,0.9131655567418394,0.4996371695473294,0.7930900686911929,0.9365209604135344,0.6342002415458937,0.7862616495928031,0.23257897175123396,0.23299083186578598,0.363207072227372,0.6359666666666667,0.2939632431544509,0.25474301234258234,0.11365958182003177,0.48068265335405097,0.08426414662232017,0.35320934092812,0.6026355438017706,0.2556944263941891,0.27748048297120176,0.24572753230050093
129,0.47471972686731806,0.2634600304243221,0.12482294428781757,0.5109582485201271,0.38759114656666077,0.3075027326454073,0.769709444676345,0.9094496809890327,0.625146319146604,0.8898589589952199,0.9508115746027039,0.6330516304347826,0.7842591837689393,0.27665650784003964,0.27020045742297877,0.3656008608147514,0.7061333333333334,0.3031650302576746,0.12290325448447192,0.1425587060760794,0.38225344144519924,0.144612992598622,0.25425679979529003,0.48174038509378553,0.23391957028375607,0.29713336490138803,0.23991357842794417
130,0.4646451481427555,0.28175285370105924,0.13196185778429348,0.38812816228745983,0.44032281041182847,0.26529769953115967,0.8666665516578885,0.9402059568712547,0.7394390840494691,0.9439988366540744,0.9260718618309853,0.6311190217391304,0.7744131571780303,0.16919818716866697,0.286815795704133,0.19368752743957884,0.6018666666666667,0.2803867122768378,0.0669066167074386,0.1389519449742272,0.03918096664417053,0.0448327400963554,0.041395435188730685,0.20025712466878684,0.1599252939061227,0.32271575455165386,0.2880235019935656
131,0.4105252441712535,0.29998626349933233,0.14349797212811566,0.3971093371134311,0.4903743262359656,0.27969145836679515,0.8002222583677009,0.9373732123353339,0.8115224752656897,0.958163838788457,0.9303003644078933,0.6290291666666666,0.7862273285984848,0.06095368522445088,0.1920683454188331,0.08920767541436579,0.4772,0.29313103492974274,0.07963660692415384,0.11539690836687728,0.03831471677731362,0.19781622836805932,0.07190878560972347,0.18303468344515153,0.3041173288813072,0.10623388505226478,0.2792702562951464
132,0.43270952596011436,0.311382100028995,0.14205005725109018,0.41340654335704063,0.5629768526647431,0.25603898757388766,0.7343429016291885,0.9480634164544489,0.8594310419916167,0.9728691595142059,0.9152180341367099,0.6264419082125604,0.786205015123106,0.05761934637440263,0.2608235850181832,0.0697108128285041,0.4175666666666667,0.2877688704822082,0.14126810410496832,0.3042984426599398,0.06462364906610733,0.2130723804732582,0.04473296409820457,0.12357261045006697,0.32379999630411554,0.042942905501782626,0.2659835232280778
133,0.46670326883304186,0.2851917266382039,0.1500612187744353,0.44505008914901956,0.5725578020798477,0.24678840279548558,0.7175532591218906,0.9584376930381733,0.9016465703143729,0.9924797188445093,0.9437438353666756,0.6243849637681159,0.7808727888068182,0.12440815001857997,0.28943683686107025,0.08547732115038735,0.3382333333333334,0.2440892431546513,0.22376285737324073,0.3172094355319771,0.15846887035955745,0.23010845862335538,0.04799949799656658,0.06078564949653061,0.25427978496617204,0.05725711160923913,0.2646856467503151
134,0.4056427476045145,0.3213619648471479,0.13759892474083263,0.4214737242976203,0.5959105380504822,0.24765621116669073,1.0,0.935762927211828,0.9409559380808437,1.0,0.8993175827654657,0.621721618357488,0.7793729308996212,0.15389168138768353,0.2282124159885881,0.10371169652317565,0.35303333333333337,0.18277817834155072,0.15655221387887122,0.17340226999291608,0.18144472754334054,0.14559673593524744,0.0939752564828369,0.18358325009153398,0.2650738692184022,0.10485167417209039,0.2623421379848428
135,0.4451986352312346,0.2848567312885822,0.11779917015148887,0.4376366085912391,0.4412504265377722,0.22757323317993045,1.0,0.9463161446497621,0.9428797014825637,0.978194156288339,0.8756357198138015,0.6154667270531401,0.7724084089488636,0.1598495791282595,0.14498764844348702,0.1341533897294005,0.6354000000000001,0.10147492335054735,0.21724237862717907,0.08469061940914642,0.49627988367172077,0.1406956889463561,0.42844115109020847,0.6297226166373883,0.14485026972382958,0.22509732838756671,0.06659174789795023
136,0.4669419694513168,0.2499788259812605,0.15246843777948466,0.5931960308070731,0.42237012546008107,0.2297871048129165,1.0,1.0,0.8339482107886669,0.937105198515672,0.8652836919875215,0.577978502415459,0.6474828957859848,0.43033620768869557,0.08294424531467183,0.41527347191586633,0.5837,0.15276415601022916,0.37712191154890756,0.10309542683604195,0.5029056262158306,0.25965282546396706,0.47842392907460973,0.557238464472655,0.2630830712133316,0.26879727270546955,0.050174146089324745
137,0.43851982747603563,0.3386743884431824,0.14608450691008007,0.49522931608713205,0.5480223555486352,0.21967313271055175,1.0,1.0,0.777253754474567,0.9030001579601403,0.8347118626758844,0.6141353864734299,0.6709040008806818,0.28040804200731534,0.27988773162300173,0.09332738755999026,0.05106666666666667,0.30954977287844804,0.22153485888112823,0.20629548780139692,0.08689009832933998,0.24660939375155397,0.057485347545771164,0.046344313596415665,0.2995096856407921,0.24309124993915923,0.14902976815587135
138,0.4263299912212178,0.3188408096150396,0.1287654804335273,0.48041353354836824,0.5777756427882815,0.22023104126888862,1.0,1.0,0.8544323051574092,0.9089323634565657,0.8280642997383337,0.6116251811594203,0.7313993939109849,0.14284916981543436,0.3113801256712713,0.05228454234283917,0.24333333333333337,0.3044591974591098,0.32774578909566826,0.15044320340298037,0.08031221476838112,0.17765568062555762,0.037258639863836145,0.07370248041425707,0.3022939059712466,0.16478261914359826,0.3050427140293007
139,0.408883067930924,0.24511792068738036,0.15831341503886423,0.45957419549347467,0.3146639544938032,0.22676475502705065,1.0,1.0,0.9138509206456388,0.9114458279201667,0.8596852604730549,0.5658063405797101,0.7003768115625001,0.13632836899254389,0.32046770764247673,0.07139143412006672,0.4245666666666667,0.30450989538673723,0.30546213781032633,0.29390408542093016,0.02046157005988411,0.2794549463678875,0.09137134268818563,0.22465079905748586,0.3360875814041271,0.1957374115513368,0.32081000019139
140,0.416847368253928,0.23363932202870483,0.2076969707301484,0.4415593824219378,0.28025270913602496,0.2355259598549706,1.0,1.0,0.9537068787143961,0.9124350561233058,0.9009964468978984,0.5661642512077295,0.8065549081723485,0.17106065154627847,0.3332474501216673,0.08486884683179197,0.4131,0.27231176849731314,0.17456088424705962,0.1712126598588756,0.019258784189103442,0.3062247758117653,0.10920177789829116,0.2835116812802268,0.26514790051042586,0.09293240903702671,0.2941149884034518
141,0.3952057738415261,0.24870975997810538,0.24248766688853635,0.41014881916318585,0.547316704709971,0.21414283079632748,0.8795530391468407,0.949722305985611,1.0,0.9303885028519829,0.8456702768187995,0.6066509057971015,0.9169956571875,0.09454954781962904,0.2980205760293296,0.08599297269344758,0.5363000000000001,0.26863280990244015,0.1213913576489722,0.26251259536148797,0.0939680919859693,0.17468992657773888,0.10069230059867877,0.33961059422525147,0.2471196715267547,0.05612626203829749,0.23788028998246724
142,0.29281085550703395,0.2235640830281654,0.5199863316510518,0.4712773900449302,0.5227183127987834,0.20433033717675408,0.8795530391468407,0.7362243083461519,0.9945815755985675,0.9508592557071858,0.832978833240887,0.6083740338164251,0.9487160104640151,0.10207834799247073,0.23429174923062276,0.06604818776337563,0.15186666666666668,0.14404886634193417,0.09916641125808905,0.10017768134080864,0.45860310511255564,0.13039115195658804,0.2629578872861828,0.40772694393521286,0.13174351228381725,0.11514605352650575,0.21149847949535838
143,0.12236283696015676,0.22591416899617395,0.5793036476225992,0.5243586602318029,0.601916852465968,0.21050168484358034,0.8795530391468407,0.7221400234055627,0.9230327584903204,0.9178534956985805,0.8169150484221108,0.6070820048309179,0.7945421846117423,0.3003510800359598,0.1451892022696206,0.14333070647215035,0.24393333333333334,0.27956053038289,0.5779482614687049,0.11026575508364427,0.3291421650287173,0.18071485578289823,0.1381959877589333,0.22884637710002145,0.27784909522022166,0.2256721334619105,0.2788096755023021
144,0.2348000985828426,0.18322930114218908,0.5882734134237364,0.5829045941533231,0.4462661794473396,0.2055342894100044,0.8795530391468407,0.7771457706578146,0.9428424805879846,0.8969543974272609,0.7788779237423137,0.6052470410628019,0.8446703692234848,0.39848672806185775,0.24234152352454472,0.22378099604517712,0.4764333333333333,0.2878439775743043,0.6096084936819269,0.09039441723150815,0.4950389639398694,0.24415605843145438,0.34406930578787964,0.4504864382843385,0.3407789121921472,0.21578278597961417,0.19792231157346904
145,0.2595080179145008,0.1772179796354702,0.6996204287466258,0.5143850345301746,0.4006639081129969,0.19753833091949463,0.8795530391468407,0.8656511835106856,0.8744548018177862,0.8660798564212379,0.8375311220042083,0.5986207729468599,0.8977201155113637,0.46330915907985076,0.24564675076325304,0.24528106348867088,0.4800666666666667,0.2842874413406073,0.35898721770576847,0.14991303781107634,0.30084615981258483,0.23627895410168256,0.26261588981329986,0.37854925809550405,0.3001083734806355,0.2389514601004801,0.15804904375682433
146,0.3661961952713206,0.1766937138306462,0.7302888791096884,0.5284120861906938,0.3959595691885678,0.19515035820153182,0.8795530391468407,0.7958607555654833,0.7772206366707287,0.8477546723095423,0.7948394124584854,0.45115271739130436,0.9385777282670454,0.2959805635450156,0.25689592640503844,0.19983871942847584,0.08056666666666668,0.3084876863566571,0.4789216360210761,0.05138384316408865,0.2653188627930347,0.18220723074547693,0.07906477737491288,0.042051460654376205,0.34257658508759087,0.19227683303834686,0.29480593721054754
147,0.16104501724369447,0.1812158578922491,0.7930691178428283,0.5545795461821272,0.37125516400584396,0.1913263384567843,0.8795530391468407,0.898074311195608,0.7046826816159847,0.8393330692378389,0.7271998177559071,0.4042984299516908,0.8503982075000001,0.40038454518162486,0.18421660741901247,0.29219647060464327,0.14436666666666667,0.2515332254326364,0.512331299381566,0.11265389822509869,0.4160302044330102,0.2902801045062197,0.1804090106562748,0.14823259480953888,0.2706728880216688,0.28472764196243855,0.132621308483028
148,0.18283422840059216,0.21024701250122427,0.7462113574586536,0.43376915976426367,0.3649043064578647,0.1972123760542436,0.8401355683396842,0.6433249626419002,0.72541882298739,0.806366516789084,0.7498758407685789,0.43009613526570045,0.9472070835984848,0.3968740646593159,0.22603374956910616,0.1411824719833545,0.21596666666666667,0.28049743375154473,0.4724433583228154,0.07113675935723693,0.27893398985409573,0.17375581745960278,0.18621457043590628,0.234327259552395,0.31234445855141324,0.22038206544164637,0.2613275686799064
149,0.13255285051977928,0.23598751392508174,0.7239283632724719,0.4978816512153203,0.5290459799436142,0.1803822851453953,0.6856353529302849,0.7742420081050826,0.7812586641157164,0.8455252649222051,0.7167424304977713,0.48295132850241546,0.9345617064488637,0.38261223112830356,0.26446655892471754,0.17722436758138968,0.1515,0.32916678175027786,0.5070384251074783,0.10006098649571354,0.2163689634598861,0.2832502873529938,0.062398507669598674,0.12304477451997224,0.31071255137506587,0.1669172741227483,0.2311028561047016
150,0.18816759918310988,0.20746963183112285,0.6430122062326802,0.43540273518906714,0.5172155614230957,0.1716861057486888,0.6928906599742014,0.7742420081050826,0.8218561092969588,0.8876390427751089,0.7971552402598788,0.3925842995169082,0.8634459955492425,0.5701438099860922,0.22821419611037075,0.24509736335262147,0.5001,0.29203936456039997,0.4143876131476893,0.08161625324291526,0.47969590037828036,0.22837641995837618,0.37096954451432995,0.44425606070464,0.3050700794221333,0.35281392346746093,0.18035792238502069
151,0.25639180013354534,0.22950288860185908,0.5107702095379708,0.4808964361133674,0.4797829378265292,0.17309544304252014,0.6914184967461615,0.7742420081050826,0.8358784219044085,0.8838568126355457,0.8727717874887722,0.46525664251207727,0.7883273740814394,0.5743978083928284,0.24764171535369509,0.23452101359138833,0.39210000000000006,0.2765273094818636,0.3623094925651278,0.12211215707275917,0.3525167368207193,0.2723594138836184,0.20311443662939502,0.4797582096825838,0.3283561395153968,0.2783838972592742,0.1918187831994992
152,0.1975867580335729,0.20940955063120598,0.49711514118848715,0.42557776780428214,0.49804703676341483,0.175147181113913,0.654772094740716,0.7245263259101603,0.7658758838497072,0.8871857265499811,0.7764484580647435,0.5069178743961352,0.8041887764393939,0.30274743025935774,0.1896251688480867,0.15369722773967467,0.1838,0.3010770150600517,0.23714746737826978,0.12342325401155314,0.07610549204827056,0.3082437678867736,0.06881096028615416,0.1218423929752851,0.3444193205086143,0.27532104347814595,0.14868384887443628
153,0.21953761659447993,0.17474024689080997,0.5166199045404404,0.4036679608423813,0.345040069703726,0.165343616334278,0.7113514670515204,0.7721942849375993,0.7287306033712166,0.8528980940154349,0.7393416646954505,0.5237916666666667,0.8247660399621212,0.3572468979988384,0.13969731918188855,0.13831087677368153,0.15080000000000002,0.29616093080807376,0.405628461122701,0.08652303539132757,0.20359905742489223,0.3067247018657943,0.10652992264139304,0.07922960831065708,0.32999609357131193,0.07480906843875489,0.19054097954388804
154,0.30585496615902263,0.17508484465964483,0.5668293701964564,0.41911162530708557,0.4295359600329966,0.16757730063552437,0.7019096981141115,0.7742420081050826,0.7589328681600744,0.8508638205066611,0.7250192648742511,0.5897934782608696,0.9062839792992424,0.3971419065093377,0.2439246179544298,0.08756615795521981,0.09726666666666667,0.30978797584850365,0.2535208451109542,0.16584974926421037,0.07935936891077976,0.35284357830231716,0.04430012354658707,0.04536359124895866,0.2507327204526913,0.15616927249574275,0.16863382250384748
155,0.36939539356655327,0.1821178022871871,0.6289855706889945,0.36235312582475165,0.49740764421946077,0.15786095132155784,0.5984387741154663,1.0,0.8048379542927414,0.8512120559517868,0.7550711640301355,0.5833411835748792,0.9334487889204546,0.4505155248155501,0.29495947462545524,0.09036360440901485,0.024500000000000004,0.3127613943439379,0.21401555836634598,0.11345720395355974,0.19062040129338576,0.30757596999676867,0.04772849553479549,0.029611436211267037,0.32350869926376163,0.3131615989804534,0.26858779724575055
156,0.3966922502085099,0.18720834993003896,0.379242854748419,0.3253718988654934,0.47152715430562964,0.15309855997401403,0.6472774811589643,0.7365655105440894,0.8246725880127618,0.8630355645334967,0.7088363485897113,0.6254673913043478,0.9808840795075757,0.16808536445251634,0.17707773914283598,0.08333972161544694,0.029566666666666668,0.3263514784249701,0.21924399986051812,0.10713755077255029,0.2772542746586187,0.31546043014518715,0.08719485122804572,0.11347994095891996,0.3558973895241064,0.06381513981241359,0.1889396702779236
157,0.40277108005052303,0.17619073272847696,0.434542877475521,0.3384203341634662,0.4971889918469169,0.1805490999794646,0.7797747478603398,0.627017820752741,0.8196586111272304,0.8547822036998831,0.6984657992358231,0.6248212560386474,0.9785367546401514,0.1637188810166904,0.2785693964949905,0.08804932962000987,0.018366666666666667,0.3221952424220437,0.19911325925010706,0.10063586712392601,0.18435969268579577,0.31918198469795084,0.020742757440124483,0.08097417781979199,0.32009521295110616,0.08427749817650061,0.26915291818506787
158,0.3546604915748875,0.16135356577405718,0.28703471023987065,0.32326124347518925,0.5593227077114716,0.17941732601658714,0.8479234316916687,0.6534988705624,0.8215946838011736,0.8490293134699775,0.7508319018415416,0.6228019323671498,0.9805027375852272,0.2377479197889264,0.2503915958500527,0.13235617089116905,0.011666666666666667,0.3092353031459938,0.18336868881480559,0.2582392571155723,0.1413226264431741,0.32374417963795515,0.056302860747789674,0.09097435642288615,0.35429606049011664,0.22683337907146062,0.13927478400194596
159,0.3679453846354229,0.18812533681932467,0.24369574504767058,0.35963863416637026,0.4563937597938042,0.19468508801268478,0.6238098905375906,0.6432332994505702,0.8164725611668251,0.855841711736529,0.7658941892419493,0.6222071256038647,0.9687543929356061,0.12093793120985041,0.3514710414443005,0.2579898177952047,0.6091000000000001,0.3348663113624275,0.13479479586868,0.3369112656899041,0.1918133359407811,0.3049242021849148,0.10386417448222496,0.3142282241366771,0.3336622519023959,0.15145231076265894,0.2890026195351109
160,0.3535211096919403,0.19700583840319305,0.2681066987316912,0.4254248806585082,0.2675874361021571,0.17849494813460104,0.5045199726459553,0.650719034995106,0.8537013688496867,0.822445345000539,0.7766767893265167,0.6209516908212561,0.9718970245738636,0.26175096226219036,0.33673008208572747,0.2157821589943076,0.6785000000000001,0.3485811112033323,0.09108141235742177,0.3670908120912942,0.2692797666332603,0.35523173343054726,0.2512597415842666,0.515842413387067,0.3332116266465998,0.07986251358343995,0.35497653808571245
161,0.2843051690318589,0.18394540619286626,0.28455507434495764,0.40613525443182347,0.18598040742225416,0.17836918485203396,0.4906881272370716,0.6487243390568068,0.869725403582936,0.7817266557397722,0.8069477053805639,0.6200289855072464,0.9228552017234848,0.24891335649601312,0.3526711350082987,0.15925243884310417,0.6249,0.350041876925489,0.3017560143778185,0.19354100430180585,0.3261072092396169,0.36441313371764233,0.23295447952564943,0.4730972710722945,0.2992602323741907,0.28597924073621356,0.3511786583996075
162,0.1433935369153383,0.18153628453673218,0.6067468401486606,0.36409441686101934,0.3308177267441668,0.19554840178771885,0.7786995953991105,0.5164159475981247,0.9036154677142443,0.7908591924327377,0.6636329139384901,0.645862922705314,0.9636383410511363,0.22416578774186732,0.31657419073055515,0.11933829054670199,0.43320000000000003,0.3404625460699762,0.3454875143752183,0.23329203077013747,0.20217303571407133,0.26856752881527024,0.1416968815326861,0.27196467230797283,0.3627468934122071,0.29877021939899845,0.33640112846519427
163,0.0677392424414934,0.1713385522293515,0.6456700158693344,0.38460782191898846,0.3435326934990674,0.2161133770926892,0.7000155009599461,0.5740426393418528,0.8920517856943982,0.7999704869895307,0.7125852896599182,0.713743961352657,0.9610487822443181,0.1522379901396858,0.29262688011204424,0.06235212853006158,0.4135666666666667,0.3278900520390759,0.1201338075405648,0.2746614056335684,0.01995301585628733,0.2658585422393797,0.09698071195323915,0.2208985394094105,0.36020407946878624,0.14049924919495524,0.3268794046914137
164,0.10157857500464021,0.1867364939434597,0.7519572398383415,0.36964744025896196,0.35846731312676205,0.22819807010614152,0.677563366752132,0.6918457575471768,0.8820044887812707,0.7804097562871639,0.6843308199765187,0.7293816425120773,0.9687989015435606,0.05624693776397533,0.3422697963955951,0.04096830258323194,0.26030000000000003,0.30061325625080565,0.09430627567111156,0.34382552295155716,0.01461966737781987,0.2837134133892469,0.04932931852728559,0.07728570499106342,0.35273496585396585,0.04632922009193152,0.3236461438194959
165,0.22234611941719393,0.19357738137134395,0.7615956765652334,0.3508654666250042,0.36427485265811715,0.2113418260327833,0.6716424414554379,0.7159047110455968,0.8889445736918027,0.7887865022947158,0.8913369351962591,0.7538913647342995,0.970995564308712,0.05589222265226529,0.33560663588640494,0.04469028204069448,0.11976666666666667,0.2823026136762667,0.08035276405729476,0.34054697790592675,0.06208574965683319,0.26423968202221565,0.04001446771452249,0.05867749511711895,0.24630210856266746,0.057136165376020565,0.31973841243838563
166,0.31223991329974327,0.1915839585328447,0.7952054622989719,0.3566881788643648,0.3750782676106265,0.2154227953688825,0.6470741574279155,0.8584600842418022,0.8814186260390344,0.7946445862947094,0.8529176952866879,0.775393538647343,0.9624873987405302,0.07809857675007709,0.3388513228490348,0.04407121677072753,0.10746666666666667,0.2513318132864875,0.0530085015063343,0.33813349916688984,0.04305427043819193,0.2777780710514939,0.035032602741231884,0.05789770125060436,0.2856835371674196,0.11528610220620857,0.30378783324393144
167,0.3628307914938235,0.1826047127888422,0.866952886568222,0.35898888624062814,0.34911164191367206,0.20200527067943685,0.653677579958625,0.729338243238034,0.8920365456430743,0.7804735956857674,0.6594478117144906,0.7931382850241545,0.962334353532197,0.1101844472911403,0.342633334185362,0.0697295891524675,0.08676666666666667,0.2198122742164793,0.030730525176699514,0.3523390152544632,0.022129877530906953,0.32083444251576815,0.027030014553213886,0.027200294439958094,0.2987758102242099,0.12986728333222844,0.31433734310433936
168,0.31102705762300226,0.17755720068842515,0.8983329368207678,0.4492593319521276,0.32596761957137504,0.18385387445792986,0.6126795643823507,0.7457698509363301,0.9008529153338949,0.7680681881610345,0.7629524830858474,0.7943460144927537,0.9444252491193182,0.08021576847533952,0.3240914471219646,0.11261179533833998,0.20100000000000004,0.07761500501168124,0.054747158722615874,0.3097462706768538,0.06045496878692339,0.16032126322791082,0.04720557529165972,0.061586174079332916,0.30839344068362956,0.09887077871580875,0.34044691877978056
169,0.3640967211617769,0.18190276281338685,0.7709903444694689,0.418890403584508,0.3700393242979106,0.21421583262554364,0.6266839429839259,0.7178008745169375,0.8805276691924121,0.7746886162714312,0.5996806620546619,0.7923085748792271,0.932103776373106,0.09240665696046758,0.2689130288348491,0.06722533654755265,0.11916666666666668,0.16938737475796503,0.1799520800716851,0.16056393146634232,0.1118923573675429,0.12911438156069596,0.10059687719664669,0.2494702504653247,0.1925891874476858,0.05879780669416143,0.3323523943107435
170,0.35537994975105075,0.1875384867629022,0.8608700436100128,0.34331943613330557,0.35893443410446946,0.19975797727832553,0.6150672929754084,0.6336072541001351,0.8851266477572798,0.7753900587254673,0.7391890408162897,0.7915090579710146,0.9212231344507575,0.0931832492668095,0.22384016496027792,0.05487246406105976,0.37943333333333334,0.2439881476988431,0.08638209556111093,0.204652390655624,0.05770848900749276,0.1041578234652941,0.04606965511386988,0.06065169717590233,0.2545678632546988,0.06270013711055568,0.2869459655685143
171,0.14354704934945234,0.20278393418744203,0.8635780371739601,0.3875585695123048,0.3551974662828103,0.18329760756508967,0.7566393693107722,0.6616714355516194,0.8741203999223928,0.7752714191351423,0.7325486744976787,0.7911980676328502,0.9049058459375,0.08559098320430009,0.28228338069806963,0.15943892371952298,0.4120333333333333,0.17771602111642157,0.09245577085458417,0.19600496536573822,0.27871256652926557,0.06065929091375268,0.17904483770082424,0.28827336734446524,0.19539432966501655,0.07998532612243354,0.29340040683410284
172,0.38617001225592557,0.1971814280732462,0.7933900718682615,0.42624093816458125,0.34734585835964343,0.17748687722751572,0.8452992348466097,0.6274961881707711,0.8753692048972146,0.7883230169618458,0.6804973001553892,0.7932729468599033,0.9270329641098485,0.20414797800918563,0.1911860570773708,0.270478008435433,0.18063333333333334,0.2984006200055319,0.453136675383316,0.2013586415532974,0.15991575812859174,0.2830278195362124,0.07112784048749296,0.06498282220954987,0.32597265378741813,0.08305798579257612,0.10837097869394052
173,0.38028122803349856,0.175627275231652,0.8091650729601935,0.35096171189030934,0.33019489877389024,0.1732350287947337,0.7876955308156213,0.720975668358508,0.8685665735265068,0.781475591768627,0.7551510358018545,0.7897946859903381,0.9265524043939394,0.30611298520213304,0.18927420913022797,0.13324462237507823,0.28953333333333336,0.3083780429611388,0.33020013857388925,0.11202290963610582,0.19948524196866255,0.3273528243947945,0.1502300238360024,0.15762520395835478,0.2846712397177919,0.12799679365175506,0.25156843285636904
174,0.38427160272767746,0.1751586326750968,0.8856089173126134,0.3075713465467694,0.3284721831114233,0.18122578108927903,0.7473455352983025,0.720975668358508,0.7936192249730515,0.7430289071576281,0.8595355136093833,0.7864613526570049,0.9051204281155303,0.25965948345244416,0.3019249018065463,0.08662951976837757,0.30450000000000005,0.3115484300748896,0.035839282007934056,0.32422428307556544,0.04914216980241495,0.34141426061706176,0.11985408311393582,0.10012617032866793,0.31908452487739203,0.05836718732839924,0.22811181093729474
175,0.3652065831518946,0.18123967852333267,0.9167743347869516,0.29884014577426804,0.3298735460445455,0.19649223385881207,0.8505029537673632,0.720975668358508,0.7264105986350774,0.720597889299997,0.8562773212882071,0.7833562801932367,0.930990902376894,0.05888199639413807,0.3203309548051289,0.04391790753468344,0.054866666666666675,0.3255119917046294,0.025539295002244316,0.38925780712304997,0.06494091755294452,0.34654687728484695,0.02463832240468194,0.025564162523712738,0.25204114307041353,0.027353954079837206,0.24603903288892737
176,0.2062285293602154,0.19598223288640673,0.8770996674125674,0.34105446241370146,0.3150051847115611,0.19429546135031506,0.5668156835629858,0.7863052001906903,0.7366680324097274,0.7318180308223396,0.7644423230047249,0.7824221014492753,0.9317381970833334,0.0791196332536238,0.3365957628566178,0.09832192531223195,0.3259,0.270827999509666,0.1799165318945535,0.32112242616706926,0.36181228483362265,0.1608738558755761,0.25254452226922647,0.4868560880053987,0.14312019061675527,0.035050359248957184,0.28645598563095503
177,0.33484228820237655,0.1974279388150861,0.8188754946263757,0.3161061776654052,0.3105029335859983,0.1825241359316458,0.6005144043517201,0.7863052001906903,0.7656291122494256,0.7552177126874535,0.6055103173773837,0.782540458937198,0.9566715664015152,0.03791001523198371,0.2628402176439099,0.11175291610849257,0.6897666666666668,0.1776509400522072,0.088703460305242,0.19621072603364464,0.3555706762999081,0.21134634811415984,0.4559360684581226,0.6795608532635247,0.31197591146720854,0.030418978934166164,0.25719198239920565
178,0.2906504927550369,0.19921495005741907,0.8600836581762685,0.3981107858639259,0.34565295892979603,0.21137891949472454,0.8127763937826639,0.7863052001906903,0.7600137394924242,0.7314661796944613,0.6039014167256074,0.7611026570048308,0.9471518826325758,0.016489921651314344,0.26498139425255074,0.08184887460040098,0.42053333333333337,0.2962668315462001,0.034399846732216195,0.29983854105994084,0.0530966434006687,0.27304641713690364,0.09705934083651359,0.20233657497949242,0.3509936211154967,0.009309355478893352,0.22638572075999328
179,0.361066078476199,0.20474837438253904,0.8302071890386966,0.45416923304200846,0.33267958482552534,0.22494405231081202,0.8860314528893829,0.757155700873128,0.7465966327692756,0.7444172163446037,0.6628508065427011,0.7475084541062801,0.9583826127651515,0.03101055216193913,0.28341417138278496,0.08132717605271762,0.1314,0.21712372356442422,0.04763651395505376,0.06885128069799913,0.15005400895433194,0.1270358500214771,0.09349279576216273,0.15481379989564467,0.17219678524699866,0.019665042943372582,0.2586263264788818
180,0.3203251281546467,0.19603580827007056,0.8172312908734999,0.5640760783475867,0.33034397993698833,0.1987594621128714,0.7387108854711715,0.5818062413593206,0.7802405114561224,0.7498843546469547,0.7939133461723926,0.7490591787439613,0.9574301645928031,0.12079127315996552,0.17477146822181114,0.24222918731806212,0.29963333333333336,0.17741380328766168,0.1139493126804903,0.07307266612906381,0.1760387874891829,0.23310469323646046,0.21409423496081378,0.2355854545640106,0.34424872666177714,0.08899315196972833,0.2568832501145227
181,0.2854765462526748,0.18430035291821908,0.8883471793238362,0.4919783647005106,0.2210807390450192,0.18260813298076103,0.68370623843206,0.6006010542685115,0.7342973251951458,0.6884966149300129,0.912274830466561,0.7204843805555555,0.9636633399810606,0.19809096113616856,0.1898131166780835,0.20105530308591887,0.41209999999999997,0.1550072562105996,0.16126130735010377,0.1834107585259335,0.1419359763220344,0.25234021672015566,0.22334801479627633,0.4795891746113148,0.12364191393496878,0.14625099163990987,0.06973913738159027
182,0.22763453319559296,0.18670716648324426,0.921396411811813,0.5416495974304266,0.22971088193103176,0.18439578240789425,0.5150732548036565,0.5588081200430479,0.6179632726486213,0.6630835627220397,0.8819304073739468,0.5805187198067633,0.9148924450378787,0.11672166129872523,0.1954363272893219,0.38992807436181115,0.7259000000000001,0.19374700464232478,0.18998368955787084,0.25122380586165816,0.16430385892386593,0.2083839532972801,0.45893694360522735,0.34947044182578274,0.1870223561626904,0.11223576119386763,0.14999586751719188
183,0.13617368088795231,0.1897034909151298,0.8645715776743162,0.5573387458843111,0.2553395903249638,0.19487916566542549,0.5491421530260066,0.762841033360077,0.6866580970685761,0.7390836323239326,0.8952191538367319,0.6227638888888889,0.9704360882859849,0.1043084344638547,0.20599176133024957,0.5082928304098581,0.7359333333333334,0.1585133060252306,0.10306195513933818,0.0946233304918865,0.4534729029493734,0.12316810458591221,0.4928786660144286,0.7321849792246327,0.26554702573698813,0.18213866571928483,0.12065277125891943
184,0.1164648590303874,0.1919615209225865,0.8386773231804926,0.5273355355366239,0.2949421730732916,0.19983968238259633,0.5084919790462002,0.718555724488276,0.682502838459559,0.8063216597249325,0.8247679148064946,0.624893115942029,0.9730395852651514,0.13379111041908867,0.091361117641926,0.41759495782487216,0.6647666666666667,0.1994587045439544,0.04867305480148488,0.0905035842472896,0.18402129693763816,0.1640498811367435,0.4172025644924788,0.6412855723144789,0.24100565243114971,0.16089486671093445,0.14006485372452562
185,0.179231107158304,0.18824793500145393,0.7994402407004626,0.4754242291751028,0.2938654757842497,0.20563593755663495,0.5723879222927379,0.6741425171999307,0.612088819019115,0.7856236838067355,0.6251601042266819,0.6256467391304348,0.9763760388446969,0.16816875623887853,0.25612724979232193,0.21992744164126876,0.4675,0.2093547161078845,0.07757525193380699,0.25699019056958144,0.0655063178398754,0.2642908918347395,0.21145749551586346,0.44148452340402167,0.12012220881201852,0.15189576442951655,0.15313944121664483
186,0.14610753505773172,0.1977478681575933,0.8154666526785719,0.5045162589412658,0.370622397291361,0.20950147191070836,0.616221891539479,0.7590129863132627,0.5554304112879542,0.8082378585938114,0.676150124247203,0.6259420289855072,0.9788508636079546,0.07309876687275343,0.13266829168066288,0.35503107317506893,0.5174,0.16348262658477894,0.12494481374852849,0.16373463158807788,0.14540986850707335,0.14281850066669532,0.3879770483053108,0.4883853769992382,0.2691761684220603,0.062735596897029,0.14695491467507008
187,0.16321313901263984,0.1978947068058673,0.8484721055461516,0.42364403216889585,0.4609788337877548,0.21278466736717233,0.6320199895897408,0.7235271561843583,0.5595730675468382,0.7973017741477327,0.7666990277454594,0.6265030193236715,0.9802834773295453,0.05769909842902196,0.19144713654338685,0.2560015305374454,0.1371666666666667,0.24839264365443295,0.07415864886087302,0.14362396812299527,0.02741202129424947,0.24160124869842067,0.07527914016949637,0.055167625382561425,0.3417509752439359,0.03910362508766293,0.17788790074986416
188,0.28825894198113455,0.18204207381456228,0.9047926026226621,0.433308403224581,0.5324119013148959,0.204368703168684,0.6687998883257161,0.6473839172273912,0.5127359936601386,0.7381608422913757,0.6695454814856602,0.6248490338164251,0.9801439402651515,0.1187926342395315,0.2834580161951701,0.0699116317872113,0.019333333333333334,0.3214137684621153,0.020047881117879036,0.33457960126633063,0.03263481800592626,0.3385874876241744,0.028097993268756876,0.029764524577699347,0.38246657648102717,0.12392995525721895,0.20924740930702268
189,0.24243226203855217,0.17351277449922614,0.9268620410474666,0.47938672957054745,0.5378450814811379,0.20274110268616452,0.7110086520901077,0.6190020521345886,0.46208392461801684,0.7217093727762139,0.7658093663553225,0.6227125603864734,0.9790402512026515,0.04795143196158947,0.32529136215175464,0.04028629764084693,0.03963333333333333,0.32963835039072004,0.009711124346233183,0.36903550133065366,0.1247974352462178,0.3727369269398025,0.07285614914509791,0.13775082572037636,0.35429284173828957,0.05088143458107577,0.23231286304271015
190,0.24511893643776736,0.1821649342266502,0.8482134974904927,0.47648919465428413,0.5756123094659912,0.21032474381304264,0.6506972299777467,0.8765369454365031,0.46587547354063313,0.7478725661652996,0.8066509772419136,0.6218840579710144,0.9697285000094698,0.1479040453840623,0.3115592834677681,0.10088209580361596,0.20776666666666668,0.20516711520562794,0.041266624851061876,0.2579522282688389,0.06510604607017374,0.11377239505613045,0.0767265223315189,0.14059412319275988,0.15501830674568587,0.020856569278903014,0.2896734380108111
191,0.25926960249222075,0.16646609532179688,0.7943841180668497,0.545196248714421,0.5149097727671783,0.2134151248223972,0.6131141229816731,0.7990449640674795,0.5223340021371241,0.7994107341033684,0.6572570429308969,0.6233079710144928,0.9646485717897727,0.2188171377020219,0.33929717430527967,0.12020978322659881,0.1976,0.21901058414073904,0.2079132671792662,0.19887456580566132,0.3830455325365929,0.07087777944848458,0.15003765025750573,0.3306565194594448,0.18620318382268963,0.02787057866430828,0.3166067297903761
192,0.26311252439447824,0.16916833831580175,0.782346511666113,0.5403293405446857,0.4048083644471242,0.1814922231546056,0.5872326875368122,0.7531057451185844,0.5781161069171662,0.870751770498153,0.7417160206421155,0.6259335748792271,0.9624069941666668,0.29607007476745073,0.17218829178806058,0.2548656875251995,0.5294,0.08604714882028987,0.3988943725759062,0.15841367042934595,0.22945084718004163,0.12458339641832623,0.16078614226239876,0.32887208318821815,0.21658820107065532,0.02869655037062881,0.3401339479089287
193,0.32172021479973284,0.17174611501747947,0.7409731359017842,0.6249194866946917,0.32893930408913064,0.18092181393773119,0.5338161201609936,0.7484912083262016,0.6354280783877901,0.8693006388233484,0.8206516559648054,0.6268713768115942,0.9672542398011363,0.199124087948254,0.18650137830344923,0.2787401551510968,0.33063333333333333,0.24716785874570646,0.21542005909443782,0.0937861765129811,0.2266286330286845,0.21703400254805058,0.19926772844667798,0.3201173422328702,0.2632230869178111,0.06670109331194253,0.23742549928318527
194,0.3206190761543018,0.17550294317078932,0.7972455543209034,0.47442561591129845,0.3496516470155608,0.17411931802322358,0.5499399461836069,0.7078457418960176,0.749123257432016,0.852798888719906,0.7953096513803614,0.6291141304347826,0.972799645814394,0.10105737331623976,0.24310699012826678,0.20653045157014116,0.19236666666666669,0.2932903405862947,0.24600922906837863,0.1376726119675461,0.06113299325700328,0.3252310824717787,0.08431840819719084,0.1670656532216808,0.2944224483780368,0.03246665566176163,0.2680466610671797
195,0.33060504897895604,0.19256445126288746,0.8617497875596344,0.6078447730372285,0.2612995239341525,0.16782348745942308,0.5905899852153326,0.7118949441619099,0.641313962055789,0.7815672267283924,0.737929268676113,0.6140507246376812,0.9562226326609848,0.12465788939512763,0.3214282596479395,0.2877050718691333,0.534,0.19485531957580107,0.19049499021666752,0.2981542229778456,0.5397815682382764,0.04547576525157745,0.22910700795571617,0.5259111628209591,0.24285965348356797,0.06324386900315655,0.3159511807394508
196,0.30522988622160574,0.15188847425326568,0.9089105069384631,0.633861282312823,0.25212606303151575,0.16306150659501495,0.5741645754481377,0.6914296591686514,0.6182352489491691,0.8334882050779102,0.656115268957603,0.5391908212560387,0.7830207197253788,0.38349952352041533,0.07316508769190654,0.3967783895282679,0.35283333333333333,0.19101624357133482,0.24561853961943628,0.1747564664526774,0.510182337754458,0.12568530497832983,0.39852400608511207,0.3441793251609659,0.1603002784939816,0.1940265327454669,0.25258313211385675
197,0.2912302588421148,0.16361793159567642,0.9014946145434998,0.7133676505793565,0.25492216306828913,0.16766766430689287,0.5349859771918866,0.7058685498624288,0.6996772039898453,0.9405202108756573,0.7964470966610596,0.5470634057971014,0.958575865625,0.3066325419887045,0.2236814109376877,0.44282488980643614,0.37610000000000005,0.20082341978384347,0.28460450114198194,0.10323228020972473,0.45484451893807054,0.14877533226956854,0.37091763418362445,0.5665114733351956,0.253243346877841,0.2844500907120014,0.23372727040981214
198,0.29827599583058634,0.17335925121306703,0.889427026257819,0.5838861939750359,0.3433836123359693,0.16947518895782002,0.7072065244779813,0.7260256366930301,0.7623167457097789,0.9721300913615237,0.8284639933964515,0.6047729468599033,0.9684790521969697,0.18103194610971643,0.19995170703771784,0.4106376769793407,0.48856666666666665,0.24997014842695162,0.32968635792928364,0.14948745913091793,0.27493229213794695,0.2644386421972721,0.26391746501701735,0.36139698237315016,0.27942628361550803,0.15545644922240712,0.20718429033200073
199,0.25911771019614266,0.1805984096288208,0.9214773518239628,0.5232091985541183,0.528877021292103,0.16355228991691578,0.6058870920165488,0.7720209770542187,0.7539452682864496,0.9443906862724051,0.7733353456925458,0.6569576086956521,0.9664136041666667,0.13233222595010521,0.2596749190823173,0.2785779621836811,0.22973333333333334,0.2551054959998155,0.1101213330117319,0.16734020550537884,0.1988205607261723,0.21227341888947382,0.131025491636635,0.15596196264388704,0.23308913231236036,0.0662200276941521,0.25447937550697053
200,0.29079673002195944,0.17561322021786177,0.9195532007540788,0.48477289012246344,0.44922129939141764,0.18408459553328227,0.5549681702583511,0.84189595885278,0.7010071915457573,0.9181343890524358,0.708724464276775,0.7037987922705314,0.973858970530303,0.07563967926223363,0.18686668150324856,0.24975874479939816,0.4220333333333333,0.24998442058853543,0.05109734890354,0.23129339208736346,0.25865080036418303,0.23591464097270246,0.30435942957264356,0.5237392216222007,0.270428262882808,0.0316802936432466,0.24004727183108918
201,0.15928417221431182,0.17174305140134527,0.9079183896174172,0.5068391178233078,0.5516798134166421,0.21144395526284487,0.5666501918074005,0.8816231649080836,0.6488574943831618,0.8977035216975995,0.6914190290794756,0.764388509299517,0.9723102093371212,0.04725078140780736,0.18632613573081455,0.21645325978045846,0.26513333333333333,0.2406745813013187,0.07067646268094979,0.0851110682378774,0.08422162955702156,0.24072916665998892,0.12333512882006593,0.18606774670509177,0.27424731192568,0.05158912427069654,0.21934773673293964
202,0.13333425944761818,0.1576655742092294,0.8387544897205965,0.5068798173005602,0.44073692475376763,0.2012759252876473,0.6043601821915698,0.7799723532430146,0.5619461193847005,0.8488353094922747,0.6482467567850566,0.8605863405797102,0.9710544962973485,0.03955391486068614,0.18132454687317515,0.13838142778308424,0.3954666666666667,0.24903184183898144,0.0725436844086008,0.1962658356801433,0.0757104057725409,0.2150158298973861,0.1443069024250674,0.21748434990387314,0.27342653020976565,0.05495573122768324,0.2013682828947325
203,0.13123281509736895,0.1611423373162945,0.8307244575259025,0.4841621234186245,0.32166745624467863,0.20935296494049532,0.6363181452089769,0.8470378644499422,0.48368435274622795,0.7729455182143408,0.75451461823675,0.9098692632850242,0.9715447604545454,0.040138143585984117,0.1691950770439479,0.06420013720882109,0.30293333333333333,0.21868834645837107,0.049961189895893286,0.23246863733943982,0.0315107479925115,0.33964094552518254,0.14326487887487713,0.3553468025581064,0.08484468878683804,0.04296589620582242,0.23014245487455331
204,0.154872891502809,0.16892381077150148,0.8427958222937378,0.5782658391858246,0.33210976349101706,0.20675367941872894,0.5971344104419083,0.7015289115976416,0.4970489985234734,0.7970396371481574,0.8400533332083018,0.9316715579710145,0.9725572226136364,0.04530817157757148,0.23674397020577706,0.20077039347716055,0.28753333333333336,0.1669342892228434,0.06661335479361116,0.27331279096480804,0.12054447851950555,0.11101042946153095,0.17530805727724816,0.4337296408419347,0.19522373581817942,0.058969579581798603,0.2091792157887368
205,0.05315958035682493,0.171474207370925,0.8023476816471345,0.5153732557939777,0.297983428800493,0.20172699715068132,0.612426469759703,0.6599232819565353,0.5774760247615665,0.8235223665005185,0.8157326163113297,0.8703256642512077,0.9733433314015151,0.0779719174354701,0.12030981589929841,0.2390844597262425,0.41376666666666667,0.22791320836946327,0.10199557229354776,0.1300619225685122,0.422462952882978,0.1742412697426949,0.31747136839906703,0.5188308258734645,0.2843541926628211,0.031684407052475515,0.20334443688883755
206,0.2248815106877368,0.16792650594010217,0.843735058028231,0.526065948393531,0.29669470496837824,0.20434233928259907,0.6540986898021478,0.7451173301975537,0.5889705403946353,0.8179544410414342,0.6821918877541729,0.8535677536231884,0.9505659609943181,0.03620322985170276,0.14435383492006756,0.22441630989909292,0.37443333333333334,0.24422701580280085,0.04322881225579734,0.1957439331625307,0.2175787512645939,0.2352172437533359,0.33904850806655995,0.4959106270116766,0.24042466772635548,0.016888154132838184,0.18222906135563824
207,0.2740502353104387,0.16222389231485385,0.9287749030063417,0.46581906798783246,0.3452355316731213,0.21083393011169563,0.62176543034797,0.8295337608114148,0.5980442324904999,0.8130006166998897,0.679592989234296,0.8528858695652174,0.938432846751894,0.02911707711398542,0.2595821002770014,0.15104754409402155,0.25780000000000003,0.20652599700428123,0.019063593202438816,0.2278798452712283,0.03799328206035144,0.260900656014369,0.09846168315277698,0.18751570750426405,0.29990559211552725,0.009791690735410436,0.19982707707673475
208,0.2583366654200371,0.1521568943304124,0.9141966951766869,0.460314557640222,0.37462439829186117,0.22238904066264933,0.5236848931600935,0.8541263503173587,0.604251036470029,0.7945278675358467,0.7083681189224661,0.8520767512077295,0.969192856155303,0.047135364575980526,0.25766549141764217,0.0645184680493872,0.056633333333333334,0.24583866299140225,0.015580073807900796,0.19674578201645587,0.029118814362752512,0.2714121622284,0.021061089909303488,0.026602293008581867,0.3276802016317027,0.10561097180615515,0.09843093817698172
209,0.2460102865952536,0.1532742827856956,0.9226087384381183,0.4659817562876004,0.3368240411596527,0.21416887778778484,0.5059331889291346,0.8073733044264341,0.5162250861795594,0.764203701238846,0.7254083761538519,0.8524121376811594,0.9681821126041666,0.23812489775163656,0.20578082710231485,0.09833671242623443,0.1617,0.244374319826929,0.03998526216975059,0.23474092206127842,0.04791284174857491,0.30185776476809095,0.06671775253917854,0.12929269347499103,0.1890485604378593,0.18977334619077715,0.07590625381830905
210,0.21103333558764614,0.15122886584580025,0.9156917444400597,0.5699992657250808,0.28931021802291873,0.19718635930574965,0.4754251010330427,0.9003505262188306,0.46484911469955703,0.7483211368068143,0.7287373661616193,0.8427699879227052,0.9623941211268939,0.0625727745506434,0.2791311727467818,0.12437739333308988,0.32793333333333335,0.2233895637921899,0.052753379056883744,0.31418060035336154,0.0516887305391609,0.21366753027416052,0.12595736390790738,0.3010610299530145,0.21757152975383895,0.07182621317940428,0.2583971666827558
211,0.23729094195800418,0.14538858126964854,0.921659480246283,0.4568157231269013,0.29756268862908275,0.18577851979145393,0.3912860749425736,0.9186967787792113,0.5237173298726694,0.7781866763446442,0.8013352023009898,0.849261231884058,0.9607263332102273,0.10666583767113134,0.18787146177574862,0.07047727759531722,0.3463666666666667,0.15172359789983278,0.11366657680718611,0.17681598881590388,0.02223748332365369,0.22064954422666308,0.09166142983036313,0.30785751555441576,0.2291654738351072,0.07166220024196528,0.1291207293181109
212,0.18398484728671882,0.14747575276530878,0.8648973605158439,0.45194887759101837,0.4338328104449576,0.1733599158325003,0.4579495292787415,0.9186967787792113,0.5112199016313302,0.7861585788739724,0.7389590534724683,0.8278941001932366,0.964222921316288,0.13522352529377424,0.16074762990305214,0.03850922514890667,0.4034,0.1382056741826749,0.15632301323962525,0.1658331421712263,0.06332838372866041,0.2278255705416012,0.06408101309422823,0.16276801626819035,0.17321391082436702,0.14165101942317307,0.10347560491012127
213,0.204524014895031,0.14827132473506735,0.8726924404957488,0.4844557853670268,0.40740237668503126,0.16389263018485384,0.6049155591285835,0.8065726894544614,0.5134859800320157,0.7731264153420652,0.6881962302934513,0.6305227071256039,0.9634642044981061,0.28239275388626933,0.033427340392481394,0.10508635496203471,0.4514,0.18956744282104188,0.13146275252733794,0.22194676905972174,0.02606834035800078,0.22883913616220142,0.055332595595927535,0.22053176519816642,0.21443002797057467,0.3100354851035435,0.0752377858855802
214,0.21346263619594444,0.17146287371642557,0.8687162827923728,0.496341673731663,0.31889123369631833,0.18560108217768825,0.6354380427570598,0.7086050031463662,0.5234520943640532,0.7408179171543131,0.7060365365802522,0.6437172222222222,0.9630952339015152,0.1509114544548261,0.24680534570683335,0.17878334797190543,0.4635666666666667,0.11345030161573157,0.19864500222642315,0.2227313496500334,0.13276342174427913,0.2210940979271887,0.11049037551933232,0.3101618144033188,0.19351618797389492,0.1717718041793189,0.12659120893355283
215,0.2894766074953537,0.18050848155975868,0.8582164583596615,0.4414365287303111,0.3219258635940487,0.20379506041377465,0.6820595686619387,0.7334813329509435,0.5257357574393431,0.7369642772803829,0.6872514649795415,0.7014846769323672,0.9628362292140151,0.19600601433204004,0.12537291126280828,0.18751717450153596,0.3086666666666667,0.16606578766749827,0.1614859473574347,0.10585578268846578,0.42892332753814627,0.17310701135823278,0.32360518468168886,0.4700466664370339,0.2108668696979584,0.07298694290492198,0.11901073601619004
216,0.26076303483166685,0.15921360001945714,0.8685557639391478,0.5113470953949093,0.3506687118393634,0.20211719538058012,0.7246176409339009,0.7985886997565561,0.46123692945790545,0.7356608236480116,0.7350034779144503,0.7012626328502415,0.9638033617424243,0.101547485271293,0.25704332105812994,0.09179455301063084,0.08913333333333334,0.19301176253606253,0.0731254644284851,0.13655702273917042,0.12909020994589185,0.20478157051056503,0.09668375432611533,0.131868086306118,0.27804704845758926,0.06386826099560394,0.23352546457772527
217,0.24717465670501504,0.14295092073532656,0.7908383986581696,0.5072663673397821,0.3270145006277973,0.20253644050807187,0.7679184152102753,0.8065303941877334,0.4307011420073844,0.702781725525839,0.7960508840435534,0.689585984299517,0.9399165443181818,0.07543066717247883,0.20517521552959028,0.2641943170484412,0.5369,0.0692992482011764,0.09357876613984313,0.13461554429439274,0.0785844255778767,0.15847234752176215,0.10534743584341155,0.30211829648368765,0.14858241246736942,0.07844395288987897,0.18306109723724384
218,0.1308528053427668,0.1011092628854793,0.7909853708189927,0.5191348173960285,0.2728317801284748,0.22094102873843377,0.8030569610738246,1.0,0.5352071562591769,0.7174513413844043,0.7383840696213935,0.6014253140096618,0.8250272584280304,0.3288992724394379,0.03620693103122286,0.3287712673715076,0.7318000000000001,0.06265285094023872,0.3004769101606231,0.014957702411087013,0.5120125485079579,0.015781996452610386,0.5172024728860127,0.5688843430148965,0.0717202282117766,0.31275061244997027,0.25321191840625085
219,0.047075415242348,0.0910505777910729,0.8519564819532173,0.4123613954897149,0.25803961583440727,0.21217672796794815,0.7436371456435847,1.0,0.7825423453618369,0.7628756157677212,0.824480668736994,0.5656671437198068,0.7645295720170454,0.3970841683990974,0.10650014269866243,0.46297377919442545,0.7453333333333334,0.07738900594239397,0.36208874614993264,0.09874047302491075,0.44263611863526614,0.029558451944175626,0.5072028637402675,0.27110992892872576,0.14788877144862614,0.2569888019069688,0.14473411923916382
220,0.034856901195584045,0.10814246270843332,0.8669726075952291,0.43629587408942355,0.272020116018274,0.2169058033754848,0.6922298179258969,1.0,0.8042295245514295,0.7516190914376792,0.6326667861560923,0.586292940821256,0.8773507521401515,0.35146678933960507,0.2077709833232816,0.38898520253284125,0.6178333333333333,0.07147826096094004,0.487867399121616,0.167293959270814,0.487466780250418,0.07978538240487264,0.48710898543396114,0.6381408821206818,0.1447810665595466,0.08980151249027095,0.24200314340215354
221,0.22470767487794827,0.1349881118133109,0.8722507179062174,0.3643207077500465,0.32325434240298956,0.21749729192672237,0.7610642521999061,1.0,0.7746896158393369,0.7433424546463444,0.6311460027153278,0.698477675120773,0.9554077141477273,0.144111095707374,0.11206026932474335,0.19221843256186757,0.5014666666666667,0.11766694599766454,0.16276553253138196,0.12574795023318303,0.2671388119985979,0.15874838409264755,0.32694195020394645,0.4621594262248024,0.23245503820241872,0.1402248247229773,0.18045757712776922
222,0.25986498889037973,0.14059110187311807,0.9040850483190356,0.4136351269060379,0.30236641499557726,0.219194852272572,0.6470549175303674,1.0,0.6984155035869805,0.7099638273538603,0.7924127073081828,0.7069070471014492,0.9510231864393939,0.15432401698477718,0.12345924285521269,0.1058452155709066,0.18726666666666666,0.1766989130359953,0.1322960230980599,0.14025550733834075,0.1353578745603438,0.2410194261478075,0.10809104949863779,0.19472680743141949,0.18752287207180676,0.20117939398863863,0.17822126860605444
223,0.2714526696271248,0.15306980185203475,0.6789480135950395,0.4421741101949887,0.17048590520425777,0.2204429424641214,0.6180471738443234,1.0,0.666808223297232,0.6798236089169065,0.7897407340990816,0.7075367572463769,0.9247118987026516,0.18308493996066677,0.12963917457102056,0.16357372978044674,0.461,0.1181000724719642,0.11876640746744827,0.16197933875684445,0.16937716383107615,0.18796397850128488,0.057025025054368426,0.22062585075670293,0.11407417412886943,0.18500685768389613,0.23767313906570584
224,0.3082806977431564,0.1271619048878171,0.7261696720189182,0.46870780180394406,0.16999890673813725,0.23398467056461242,0.565712258218383,1.0,0.6145949282281505,0.6871572304502859,0.7111015027798462,0.7071715217391304,0.9239435890814395,0.047297126979825105,0.035180641230682964,0.14314471613900112,0.2604666666666667,0.19219712211174436,0.09551586801480465,0.188765824259047,0.20641609242225023,0.11249063355545963,0.13184765966854337,0.23641149387455163,0.2146682156057812,0.12730038891371717,0.1745556587400554
225,0.28776665267070833,0.12978308877277514,0.7965814033741085,0.4448432674710443,0.19020768662476933,0.2431209196278762,0.6208721128547668,0.9382864676981101,0.6384494185627342,0.7488690257339442,0.6508972692103636,0.7069375603864735,0.9247312564299243,0.10747742621357036,0.21466323900425585,0.11427191634854589,0.12470000000000002,0.2017754765535533,0.08352132530214845,0.16258241501814924,0.22687660031025692,0.1035672279994,0.06354282510676733,0.1072814567888949,0.25149717401163113,0.14607753717178465,0.23377873869414742
226,0.22753110679780503,0.12432716330641011,0.8178362697089483,0.4150532825907858,0.27732077959509555,0.2436782882302584,0.6641027280317219,0.809863399411709,0.5903154749239609,0.8174195459741972,0.7332140026285884,0.7055964432367149,0.9460157954261365,0.10161779793805244,0.13861533354226224,0.1305770431483684,0.29436666666666667,0.144372345262618,0.052658893615764694,0.11467703607997587,0.18745142942255696,0.0437694327484072,0.16189076356432205,0.3305512712075226,0.2010947391508372,0.1375997110484186,0.25342260398000677
227,0.2787890351024598,0.14849468956484296,0.8192020233727955,0.3864490598812347,0.34260176445838814,0.2481172552073928,0.649725044240511,0.757013745028665,0.6582972407887077,0.8279705602071064,0.8301068291681862,0.7051490700483093,0.9538240135132576,0.21051722286010854,0.1789435725317152,0.1437792306399182,0.10676666666666668,0.17641153416371466,0.15366157982877335,0.05771362788598441,0.17396952919208228,0.17431185616303477,0.17056894943872716,0.19836265613418694,0.2095214314342243,0.24037593944859945,0.12012544070491388
228,0.22861984854935027,0.14883980032938218,0.8338856253362505,0.3562435881219719,0.34418533770196363,0.24902558190593088,0.6249741953372786,0.7249212850565929,0.6132136520379758,0.7983487402848299,0.7667723686809291,0.7050612439613526,0.9423792224337121,0.15615393516117135,0.27258236145214126,0.05509952131901286,0.31116666666666665,0.18279325807497782,0.07574867146013099,0.2152945827877586,0.0913691063157553,0.2135889030570317,0.03385698642819671,0.10092988425243755,0.17043934674939387,0.1606112406809368,0.18688367026610123
229,0.2699106775416424,0.12875541512993235,0.8386864546457115,0.43748698936671115,0.31865932966483246,0.30188240083397677,0.6006213296395907,0.693335550388362,0.5382114979153367,0.7807309871017298,0.7281920386228996,0.7019993961352657,0.7519783892897727,0.0762826668330029,0.2789470480735648,0.18134716896574665,0.4543,0.14549702554397825,0.09396058035338678,0.2880394510733402,0.18429293775325184,0.19949011917119153,0.1367776143111285,0.3840779806623877,0.16446051523052774,0.047521887936912456,0.23010869616234442
230,0.288569331881121,0.15865160348631535,0.8437619473276775,0.5351952854240402,0.2597523927526677,0.3589928484460664,0.597055291787087,0.795675593341023,0.4934916188510056,0.7790548921656517,0.8288727769475872,0.6981564734299517,0.7524418703598484,0.04461005219773321,0.2890791918391453,0.20001809411448956,0.3995666666666667,0.16467410836631,0.3329672931406794,0.30829879242101493,0.545212618037881,0.06303542621486131,0.21152085665481277,0.4769452109493901,0.13085835553136063,0.023747968993488192,0.1516965638917695
231,0.3092729420951736,0.1426800572225761,0.9082278052948555,0.4840032589155419,0.28548711441813623,0.3636168698908645,0.6890480859214583,0.7750862885643439,0.49862663691339726,0.8360537579711681,0.5439700901886148,0.695518327294686,0.6676064222727273,0.09622713441420781,0.1807747602232813,0.08573997859732406,0.16453333333333334,0.07679100757427454,0.24029225180122604,0.060522479552790366,0.09901258790566614,0.12044476521661486,0.07058812572559954,0.1016809740502461,0.2551794261018507,0.011797734028345087,0.2733556063564237
232,0.19262346150774703,0.14918904177228554,0.8620756185628984,0.49580436192205674,0.35624434733923255,0.39788312349908966,0.6835840058235965,0.8028396551930245,0.5858510191198166,0.8086177312630236,0.755178722507443,0.6944759963768116,0.6393651638541666,0.027499245770828,0.09894917836537648,0.2338789270208567,0.21583333333333335,0.20038756633677687,0.0732848088745559,0.059012596655328604,0.09327369657389178,0.21661141528842973,0.08943386593332636,0.10332826865987715,0.2749699217108673,0.02705746214426677,0.10646588516528328
233,0.22685862588113306,0.14566022156630457,0.8452380557841728,0.3852764362049538,0.333812601665071,0.4107216523957233,0.6006984479854917,0.8374557930592319,0.5996576263854525,0.7738139600155204,0.7339647229749479,0.6953071256038648,0.6501568153219697,0.061417590654885244,0.12104182893205186,0.1983380049063663,0.1857,0.19471079852015336,0.04058061594339076,0.12479306262270017,0.10791655383639664,0.2063778370315592,0.07594405043485587,0.12708726419607552,0.25833058414059623,0.031134623693034127,0.12110521953726451
234,0.3371714527036259,0.15311838996915025,0.8755766391904622,0.4510850147971445,0.3318116011648209,0.4039980958675963,0.5447195751113402,0.8753016698513439,0.6247149084629763,0.8442889274009321,0.7863618425604482,0.6936689855072463,0.6467585606155303,0.028500814288152983,0.18676604363995045,0.1285016724489253,0.17,0.16180464803823494,0.05457943801755868,0.16825139662993535,0.11934833901584214,0.14390834129717986,0.10113201163524259,0.12177063280351995,0.15685299528714144,0.05880324226898161,0.13397924845358788
235,0.3763744907878196,0.18252162551582818,0.8770675272798115,0.37955867951196404,0.3040460627664826,0.39756542018939905,0.5918861547689681,0.8665149925679803,0.621632315004827,0.8090243825826234,0.6645577292867197,0.6922450845410628,0.6497546031344698,0.01780350339544837,0.13162849934081072,0.08085204047519007,0.08889999999999999,0.2035383033903938,0.037214134532108714,0.09229895804786149,0.07708159683210634,0.17391713558441269,0.06441461330773236,0.09995872992788257,0.24008187065676775,0.053540953654240435,0.11950864436938273
236,0.2572355352040443,0.21663944830024895,0.9155155254627942,0.4225895682989574,0.34160789003773406,0.43306028679749403,0.5937386061754528,0.8213497580115303,0.5645149472664915,0.8328889056616394,0.6646211281690375,0.5826057185990338,0.6533013561742425,0.04380214694590306,0.09695976057935879,0.08837337034977455,0.2567333333333333,0.0414150378019088,0.12393585331393293,0.18198070029881022,0.15789420020210745,0.037143544896806956,0.08202137606347472,0.17551421744416415,0.2030453027580689,0.04819775550331473,0.12215380863851734
237,0.0990159431613767,0.17348868930082006,0.9386595569781634,0.4739015365468971,0.21489884014855107,0.33498265870804145,0.5867737318716346,0.7626734082997321,0.5291832328955336,0.8454073032723963,0.6819555159686042,0.5046088164251208,0.6475690037405303,0.16300746028659863,0.08334646551619689,0.17939684512409435,0.39186666666666664,0.06458138045878693,0.3656529381710045,0.13449917322690252,0.08010591852439011,0.054785693775653906,0.05534251962973887,0.1989399268492755,0.17065661249772412,0.09834074069540104,0.18046977498251413
238,0.25460761511351193,0.16720765003482888,0.9288574859357239,0.5770151413687007,0.2781655728526515,0.3190032021951312,0.580755799634163,0.8262534294338475,0.5319076851475735,0.8901268584891825,0.7531995579488955,0.5260934178743961,0.6309809291003788,0.2401995242804326,0.12806773564392995,0.17860633976179663,0.11666666666666668,0.1772876944727121,0.38325778262560256,0.07955261620595998,0.14083587397211492,0.17604396481700255,0.04041448261584095,0.08182892119903908,0.15621246367354555,0.1232598751421496,0.10832556970930964
239,0.24443882350768364,0.1966483847995045,0.8350905380652608,0.3938662253973279,0.4292444235362715,0.3983072594300522,0.5907708022618173,0.8420961155238808,0.6554274218932715,0.8636709077872089,0.6508640874836641,0.5821890640096619,0.6316516156912879,0.06397984997339672,0.08195046278735742,0.10368500239579613,0.22640000000000002,0.15205619783846944,0.3144921450701503,0.0588116926514955,0.10379118249658568,0.1612753492717854,0.1059306636766316,0.14105179362157313,0.2503239389706477,0.18071028883595652,0.026465719487061848
240,0.3058274833804423,0.17762135153029024,0.8218005146068289,0.4142688624874286,0.5008729530328078,0.3201764547383738,0.6446421825199924,0.9326017580825111,0.6052017812103062,0.7996237204155233,0.7231031778520626,0.5290980374396136,0.634107821751894,0.11082904797449998,0.20609052747925527,0.07071133215292383,0.09333333333333334,0.15450788495918824,0.10879439942590975,0.10261265081837002,0.06652177996745617,0.15215789671956398,0.04012210531201467,0.05932333666300527,0.16392298367539954,0.24860126911975214,0.17991052064108368
241,0.2763758274157483,0.20010442795553202,0.8609427720461088,0.37369868342809864,0.49726850180056914,0.43364805893583175,0.5865795905435288,0.860700548164226,0.560874626545473,0.7562341715013242,0.773969601580214,0.5255377415458937,0.6339860254450758,0.03694176741457067,0.1309827256389944,0.014944378339205415,0.05223333333333333,0.15949116970389618,0.03166121925814557,0.1489976375776563,0.08780173847694946,0.11930654896687519,0.0554158048024995,0.044845323341765934,0.15674838585276019,0.06985557035641721,0.0407063481656811
242,0.2876256231107504,0.20037723493063744,0.9355883980349268,0.37800536519334793,0.4794251430350937,0.4035087741108957,0.5473124449581406,0.7992510993803947,0.5198281860059987,0.7346850412651095,0.8529711985505917,0.6482034782608695,0.6326265133996212,0.17512253412183165,0.06978190905796147,0.02709648047534241,0.2119,0.12487879906176681,0.015996205768104715,0.1286005928210501,0.08310559440251286,0.19055100914435155,0.040957250926599395,0.12450230334204655,0.16065112244313715,0.12037186433344733,0.019456591476419247
243,0.22601256540959608,0.18131802328518004,0.9510848641527699,0.39879607536918,0.49939208014603326,0.317241164908369,0.5699309249153219,0.7853025873975266,0.4748284175375477,0.7540779816897306,0.7798218704420936,0.6906533445652174,0.6324396053503788,0.21780543506899544,0.09093359417908185,0.13721607023111584,0.47173333333333334,0.10676128228420285,0.07617197486079412,0.11884501169696755,0.14774495265708423,0.23706188989067037,0.06963923541579257,0.1744697082773603,0.287737100833119,0.105047447716558,0.07849232203375045
244,0.23661426992462323,0.15964088971291335,0.9163906970575676,0.48904367120744724,0.44908546988726156,0.29737006378227165,0.5986905315264511,0.8710101575020227,0.4337793392968826,0.7653863684692578,0.6117616902546186,0.689897904589372,0.6334708256155303,0.15028979709603615,0.05554696376684523,0.20475154716491398,0.29153333333333337,0.1980364099098186,0.07460339959782912,0.14373084171407544,0.27362237548178897,0.20927599494458715,0.24630459516354497,0.26547595810991986,0.28687286596753864,0.06179889809504285,0.08618645404627008
245,0.21988628007796032,0.14423147554941673,0.9337041947172886,0.5136047680951252,0.41524404586399166,0.2490541152851265,0.5964313072540489,0.7594679258246209,0.4936457778317041,0.7847012327444365,0.6016760426632132,0.6424596164975845,0.6316311553977273,0.16200507838850733,0.13195509070535136,0.16060393000359904,0.3805,0.11646817664198801,0.32167386379954405,0.021275858120673858,0.11829566532341752,0.07255520241067526,0.2180607949364831,0.33528425320305494,0.16997906523811643,0.13762374330042548,0.13266387279059136
246,0.1705904805493789,0.23664813941971286,0.9462324048598806,0.6054450509354891,0.4918618249522112,0.24656866191869284,0.55817499806257,0.6736360363156434,0.6595225995307236,0.8208142201186984,0.5508446447915959,0.6199159661835748,0.6562327131439394,0.41405284653332486,0.12039352670747949,0.2801026389897786,0.31743333333333335,0.22527279416455062,0.4210129335340865,0.0541807285502473,0.10127409576521797,0.21233326500646935,0.1348073119059702,0.16996954817244378,0.30352025041737746,0.3139959061909647,0.1260233579426543
247,0.1966033814506182,0.2596849362180641,0.8662285412772259,0.5163886163060011,0.517785382757604,0.24271348767116008,0.5138290742443418,0.7174601317964938,0.7712896190045784,0.7966447367975039,0.576926862577864,0.6199874094202898,0.7776274469223484,0.36644413425336847,0.14802178937856023,0.31255698815855604,0.10883333333333334,0.24306056955693137,0.37317144310576267,0.0881491679396777,0.10480999326196128,0.20375422547713792,0.05706548457683003,0.03568394141308215,0.3003143735975709,0.246120400205225,0.06759035452317085
248,0.14487698037043176,0.32035674406017456,0.8145168731359402,0.49325361811944546,0.5314610947858035,0.2527434954598027,0.5179941904651812,0.6035497374567302,0.7146874822321517,0.7721665645612924,0.6123800290644303,0.5440031461352657,0.8013682556060605,0.24668367627552631,0.23388028720249268,0.08926474272913526,0.20633333333333334,0.18695742356990727,0.17550676778508745,0.19866103447523756,0.12185694988281244,0.19129447018174284,0.05331801673222635,0.14185072353389178,0.2941762138632626,0.23910300932210815,0.22166422506178773
249,0.0985668974312498,0.26816164673986953,0.853539246983028,0.44980375166007736,0.5202402525766194,0.2241558750419781,0.5790948243452749,0.7123053979216335,0.5946383740975398,0.7406404097291694,0.7355957732438559,0.4738741847826087,0.8434112143181819,0.13094216870182443,0.17024227461448435,0.1221461220331689,0.2966666666666667,0.1806830985131119,0.24452606627539278,0.1498260360704962,0.18079778673358718,0.09986959092078913,0.09555165108440679,0.2667421264739538,0.25954083482759155,0.17845345362128126,0.18728907087386393
250,0.2487113449879365,0.2965695774594466,0.8444859849855824,0.3533219548310196,0.532193248942352,0.282364222962422,0.7286331873701091,0.7781198008793285,0.5287081536033049,0.7509843131343971,0.7703627423989883,0.4745611292270531,0.8868008162878788,0.1217504592074891,0.16066912610532144,0.04322324684346617,0.18860000000000002,0.17656418466965587,0.3348809355800304,0.09306149477957372,0.12382946004350126,0.10136829423480088,0.08219161141269994,0.19697369814291044,0.26569347894512185,0.07776733002483212,0.16726335796315672
251,0.24949361315651666,0.22543509656579172,0.9052997613593788,0.38577102233218435,0.5326206149432332,0.22747553506697218,0.6543245100307946,0.927476415801805,0.4811181625656274,0.7312060765164343,0.8872015511345578,0.5169910258454106,0.8192715626325757,0.25002026662058596,0.17392813184933775,0.12770344878072096,0.2906,0.18987914083497956,0.2910280969551214,0.18081135049728958,0.1459217622913609,0.0982352619345931,0.03443792409976799,0.06982583646845547,0.27919453348395573,0.26910596360192135,0.18729980453539752
252,0.2333029780831711,0.2262874751577242,0.9647818271926929,0.3822599115838044,0.5212672561446287,0.2242309709238003,0.5551317402743037,0.9430989726004309,0.5323291311822587,0.7304969507365485,0.8125377407759418,0.5927031088888889,0.751060644185606,0.17815476738452105,0.16092027181789717,0.0837411640889852,0.06543333333333333,0.1503312438780175,0.236418864942579,0.06962218168450428,0.0486411644686161,0.14453820948460036,0.01626091109348195,0.025766685675138817,0.16376687421178446,0.208201815085205,0.08262323748963696
253,0.14773741640037863,0.2430951892823564,0.8972261337629293,0.4171492994058999,0.5485358573326399,0.2540314378212252,0.5944648745272562,0.9162536266795022,0.5899174751220816,0.8002535271550204,0.7230530113460877,0.61934547705314,0.7592455039109849,0.34486290026591115,0.09127860845154116,0.0866203097018962,0.04773333333333334,0.12565048966500586,0.3326225862133461,0.04562012962140569,0.2690774759878802,0.01102405553975974,0.09243397769321482,0.14991975618126166,0.19585943930403468,0.12873679350171527,0.07053712923177662
254,0.09707401131940376,0.1912379807176357,0.8584549029023605,0.3753991695534625,0.5155756686290165,0.20789584220672278,0.5648497023138258,0.784237597986946,0.7120146116922845,0.8230629488107456,0.6478697084223658,0.621810265700483,0.8047845796401515,0.17870523557564663,0.04337938386040266,0.11421232502427948,0.0902,0.07605466070769777,0.31472256708198487,0.11424428032957577,0.22288339045916838,0.18235225658820733,0.07500050383556271,0.14453614862839195,0.11210107925884792,0.2833016198219451,0.09069036961147209
255,0.11420383305046808,0.24993652615191,0.8676670065205616,0.362027372378204,0.30302899794267996,0.31282966386066907,0.5012484419809208,0.7714958303955244,0.6839960704113817,0.768576304577884,0.680600752505881,0.6230885265700483,0.8142700587026516,0.29241946012428294,0.16601657966950029,0.11183863635440221,0.26803333333333335,0.09081658454911579,0.17870743795064367,0.10725759131956257,0.23029136802196215,0.22276911961768933,0.09367448191963179,0.3685905409249852,0.2023709742502883,0.07103728790105075,0.06665944518613104
256,0.24874184325756812,0.29212278332883473,0.8770621361754446,0.34946982989796865,0.2905558739634718,0.23547612932086298,0.5000649700695265,0.7439243741586061,0.5803317759173191,0.7433296867666238,0.613630500617399,0.6217221014492754,0.8478066176515151,0.13214598948370068,0.19372683519598863,0.08926831143044628,0.06753333333333333,0.15832122890045444,0.16420441011062045,0.11965952822499785,0.16594529192932456,0.0790387610399566,0.06792924805137777,0.12536820941467933,0.20650867972404466,0.12092781313767746,0.1819846097336423
257,0.21481154694013768,0.19754083571307834,0.8878168788727857,0.40940475091920053,0.31900387279732584,0.24134641142482866,0.5931594058873144,0.6934706950889254,0.515698425175158,0.7544606791110934,0.6981201902669648,0.6219406400966184,0.8560173002935606,0.2145787585941488,0.07165527106639817,0.19173286180411117,0.18153333333333335,0.13037834109198382,0.20643099551855756,0.136836847534195,0.15287523505111314,0.05548213087116366,0.12243280513045063,0.20539196362620404,0.26062394481741574,0.1282637377029531,0.1756283968767516
258,0.21125240882086654,0.17204458045943985,0.8931737282045711,0.46205073984193346,0.4563540048169781,0.19957217424724652,0.6366120980653661,0.6930128117808363,0.5247058816633461,0.7885616520235282,0.8031950406103416,0.6405419685990338,0.8088293522348485,0.1925002833265168,0.03523961921379735,0.1566493521476291,0.3121,0.15354341303425464,0.27255366203067616,0.04343027328147819,0.11111371511334593,0.055266957301959845,0.05294472038347687,0.1446398022098305,0.22119101618342973,0.20522655452686198,0.07170414728942066
259,0.21810421815244638,0.1642559336347058,0.8863202161912438,0.5152433761499644,0.4514740814115667,0.18867010746003393,0.6470615744474066,0.6194575371265182,0.5260593154520639,0.746194776377931,0.7292769328238581,0.6523388888888889,0.8102436582386363,0.3221515011093625,0.20365986728598043,0.16999145971249463,0.36333333333333334,0.18649822850371353,0.08170578275949804,0.18457040849004105,0.23378116772717483,0.23455634470920006,0.19568973256408329,0.30715267120063366,0.20656822663284627,0.24904407141628485,0.08481333464831707
260,0.21168607419792193,0.17360220359676673,0.8843458035332665,0.6357484204498612,0.30763726233977917,0.19021040099136427,0.717470616338183,0.71292693967101,0.45904177591145756,0.7817132099195353,0.6328414380384612,0.6238236111111112,0.8277311817045455,0.3792109092900198,0.12262162603158615,0.44717588219712273,0.6205666666666667,0.08691605528193296,0.4443593115361691,0.047922282827295236,0.5776646857230352,0.004870440876347153,0.3461243441740425,0.6211656148220154,0.10182682342669681,0.18739348965037841,0.17715997664291439
261,0.21662213183691473,0.16147254994652693,0.7934583916994129,0.601192525530668,0.2501846949965049,0.1763346032421391,0.761935280372482,0.779118760320564,0.5412099780132952,0.8375323462368767,0.6023576678441769,0.5478169685990338,0.6907907775568182,0.36755828714020095,0.01850697940201505,0.5167168462017575,0.7283000000000001,0.10652534998191054,0.48410809127381366,0.025243105113368428,0.19011989387388203,0.09978363001211667,0.36383569097841195,0.4849281313906417,0.06665391283589757,0.34889829154222857,0.027623412794149076
262,0.2491386950298383,0.14679756821462994,0.8647272069072546,0.5337295624601305,0.26375108083843246,0.15701608974876166,0.707594501697097,0.6584127801220123,0.6662560645146541,0.7952401570381412,0.6455068911824753,0.5453805555555555,0.6924512450473485,0.31712563928210513,0.10700259737678462,0.46023082400665033,0.5690333333333334,0.07040787813364169,0.36000744302300697,0.06651436187178471,0.47585755825124304,0.015017750369200321,0.3164232377511467,0.5352064970702711,0.05672567282516133,0.319874499009633,0.07421583980835056
263,0.3478335799941512,0.12935791105447414,0.8865769320926844,0.5911084481621257,0.30576877842894956,0.1587010591300065,0.7144582240127492,0.703742738144656,0.7543045818041992,0.835253110221603,0.884988545485889,0.5040265700483092,0.6866453513920455,0.4190654027149751,0.036781311930987326,0.39529067370412224,0.5274,0.17812925802416926,0.29672204562473287,0.023093720974051945,0.22526781303253887,0.025217876294658447,0.20474503172331912,0.5013181546218013,0.14447045700823,0.31455825810602545,0.05919863773940489
264,0.32567854470333846,0.14567487160613857,0.8590153441720852,0.5229549458256102,0.3295654449741427,0.17822385047772543,0.6642277260898269,0.8846187848932656,0.7826402333838013,0.8534468868632529,0.654676237527445,0.48330024154589374,0.6898499043844697,0.3950814603525254,0.03707995666488618,0.27865548161206827,0.4284666666666667,0.06236241438783368,0.14221101164801228,0.03778593923986421,0.08378466413787596,0.11013332649483391,0.057417406083524324,0.24297675225582074,0.14320870629200091,0.41194476101659294,0.15876520021485419
265,0.31299934106238086,0.14838335191111687,0.861374672049504,0.5228526156815498,0.28320120325063197,0.17653128319172395,0.5310462569291243,0.8828797413460294,0.7872916728945721,0.9063796914331145,0.6348978107190073,0.48375102657004826,0.7137567110321971,0.1693076201956015,0.1495443264477536,0.20136457879104544,0.3899000000000001,0.10464071047649565,0.2115989426578654,0.12230367152605053,0.1480533378419245,0.1429387008620055,0.11786087909228983,0.3022267340765772,0.1708738782460544,0.3570704889481618,0.022794058312392385
266,0.32142962115454754,0.16390265745665755,0.8725703667485945,0.5353496851773482,0.2546206878273574,0.1829603750898851,0.5430439769176648,0.8846187848932656,0.7287165356315332,0.8679661129173204,0.7894530615375425,0.4892316425120773,0.7219161126325758,0.2016765775595782,0.1534462698705717,0.32761911592253506,0.24533333333333338,0.17287412758114418,0.3262974306042024,0.11454134628206065,0.35054834824618014,0.14463122990114996,0.20069144560499655,0.3140400530196041,0.18239540041121258,0.13520337246148792,0.08344965973542878
267,0.3203094168056323,0.12184412997714829,0.8660446350848116,0.5829395438429303,0.2665637454488834,0.19945553250058545,0.5589178495164182,0.9685395220516256,0.6640761510195301,0.8897250657432817,0.7981918154907945,0.5302852657004831,0.6741594600473485,0.4747880412405378,0.03239273608017604,0.44594074824396235,0.328,0.09238820616803257,0.3443169142703286,0.07625008463610079,0.46171326807465096,0.029040537277014486,0.28372049279392997,0.4303393713936525,0.150529757322774,0.37495055416088957,0.07582186954833989
268,0.16194920993136977,0.12926700596734025,0.8344789989992948,0.3974328276510885,0.4638676954371226,0.21332238362905712,0.7082263047087277,0.820504473136446,0.6909132952449281,0.897740243475557,0.7981918154907945,0.5566362922705314,0.6863902923295454,0.2787696691595381,0.16452537008607526,0.13290143728669027,0.21793333333333334,0.12011310645234373,0.38616941599518095,0.1340251088504121,0.3691504702395052,0.09757412045437318,0.07214467225954675,0.13046318161000478,0.17762360082751458,0.3112166209323345,0.05169710104089989
269,0.07429515825906487,0.12009717068800062,0.848642572808049,0.41997772517338566,0.43793088597278773,0.21891779079900528,0.5637529742395764,0.7499358225703306,0.7225876903760833,0.8594569425289487,0.7981918154907945,0.6007429951690821,0.7742015113257575,0.3529151251663858,0.01833873392763778,0.13021749961669282,0.15396666666666667,0.09580052969211474,0.27948328551747836,0.028902210261344225,0.2192225922521159,0.10340636203712789,0.08748570175743949,0.14124953276154822,0.16494654675642212,0.26067894430344307,0.02942073111760972
270,0.05720367024148749,0.1500272347919636,0.8155720462103505,0.4741674830156376,0.23221875838581543,0.2231856944622008,0.6499166493559332,0.7694761765610402,0.675034334077165,0.8318318834068861,0.7237018659363235,0.6203811594202898,0.820540638096591,0.2954458101290112,0.052989879334057244,0.2191782985197773,0.3024,0.0960057367028802,0.3969255966547156,0.028844523884739987,0.4688043469257493,0.018191893864572168,0.20474808527218413,0.39307511153125346,0.1308599649072742,0.15606521892078798,0.1002444116199745
271,0.0507054977619687,0.14036935984164348,0.7203860868259218,0.40815714930217745,0.26785578219573364,0.2213503255554968,0.7449677622260775,0.6847792812445106,0.7504939828174282,0.874330505492787,0.5934205407905006,0.5882518115942029,0.7822311496117424,0.17169747513119235,0.024501186185834616,0.2626951971199474,0.35230000000000006,0.04190639764679561,0.21734781405136738,0.03202026954081838,0.369555652016264,0.05429909088321031,0.2096009378059274,0.4717545585250444,0.06402902072088529,0.309385460029064,0.019115010147386337
272,0.05532007460805901,0.13592285921714406,0.7093251938168694,0.5449380041217236,0.10815010154083665,0.21593707719517255,0.6450564541926305,0.6020474529788105,0.7785113517866908,0.8949862231188112,0.543494041285692,0.588805193236715,0.7590123286837122,0.2633325024942691,0.05375596667872621,0.5112016970040512,0.6626666666666666,0.11331131704385379,0.2075506069518369,0.03353921821121702,0.4084568515469018,0.11172179754126708,0.34737019211097325,0.4841020920801007,0.17183306629053466,0.15904090725568423,0.03232156615833337
273,0.04028328914354859,0.13197739984980764,0.7190714538351405,0.42536612592942036,0.12006996875921407,0.21941043162636015,0.6649283324596995,0.7680154425155836,0.7906295372123953,0.8752745376615166,0.5384286579238367,0.5934429951690822,0.7606707915246212,0.36132014296636306,0.09491140467432423,0.21577371801369583,0.3448333333333333,0.12224278782013498,0.1495141457926953,0.0452997651721024,0.10052884524223182,0.10481532744220477,0.07836398791038932,0.1737234024910028,0.06658792842344172,0.19465723841123628,0.03378602189474715
274,0.06258871348061423,0.15634796205020424,0.799996933783053,0.4513866395959747,0.1225248385782295,0.2492509489308311,0.6000396393622429,0.6105018734565474,0.762128589691512,0.861678892570608,0.66640047263952,0.6898424516908213,0.8642443711647728,0.08212616127936345,0.03699981464257703,0.20822476271002996,0.3625333333333334,0.04659372589531651,0.2860384228821114,0.055727549076133386,0.09154980905172927,0.09801533103826304,0.06557419848922615,0.13076616900190205,0.07402807327181805,0.06355997982264754,0.07618998084791642
275,0.06728663049701478,0.15289425976403054,0.9101202219946127,0.35174654850878456,0.10738481823693304,0.2339938300210554,0.4867422056506348,0.6506679631061337,0.7816531469826749,0.836483572258403,0.6003348985389909,0.6854007246376811,0.9118985356723485,0.06873836713366813,0.08181243999376046,0.249496903983338,0.6227333333333334,0.014181396644121914,0.21578119255207232,0.09252486038093867,0.22515447620625287,0.08167638097461763,0.2759003541505973,0.586221600513356,0.06213478527062811,0.05854274390816026,0.03461870819411192
276,0.05731107140040206,0.1606070591331916,0.875560551364444,0.41449903980699365,0.095060775420823,0.22880868134544793,0.572851186754977,0.775485795467748,0.7714089017139781,0.8341463723289992,0.6655625569729727,0.6693566425120773,0.8910554212594697,0.23812530095100837,0.07126735922844211,0.5104399498087405,0.7591,0.1190574945966298,0.2592525790865351,0.03254086345727792,0.28531872908619915,0.09752224201852215,0.48591581121495203,0.6565529475251349,0.14545378569141362,0.11850822614651431,0.06575007050644409
277,0.054536167194716184,0.15556806920034771,0.8711936671261099,0.3187617778441212,0.14001702838174054,0.2380102808349491,0.6158386412520417,0.8901739845023668,0.7142548992368837,0.7997283492351814,0.6489538934580135,0.675238345410628,0.9037898476231061,0.32191074803135106,0.13416344970803132,0.2609445950653233,0.6278666666666667,0.11354412603738227,0.20785098796501636,0.053238292886819104,0.15604617057757578,0.1307579731445809,0.2763263242172685,0.5037404590864959,0.18944768566442158,0.22416050157256573,0.06249989038875268
278,0.04628254508827155,0.1499525966439037,0.8105585015618121,0.49250554026501264,0.1374495194617176,0.22334046752296208,0.627990210208663,0.7402259955711777,0.7041530898324825,0.8097312485607888,0.6887358342284635,0.6369359299516908,0.8558460285132575,0.22228617433075717,0.012136732688134663,0.5278837009067777,0.6568666666666667,0.012847487293550298,0.259788992136413,0.01269452393438588,0.5128005979987521,0.01781466331773075,0.5209445970201027,0.6308069925662838,0.04652866703686099,0.21185225074822422,0.07315510538357566
279,0.02304829218723611,0.13607166603704748,0.8778776197262703,0.4659278963940732,0.16639114259116314,0.2191587553040352,0.5352411593969748,0.8411430876829712,0.6704643702253944,0.7993737863452386,0.6681662736661774,0.6352045289855073,0.7167280653219698,0.5640534991471786,0.10794467142390836,0.4687535414234217,0.514,0.10873999220893889,0.4144711402326035,0.04133850806509827,0.30041812711326005,0.10049483165755697,0.18155867180395724,0.29088543759671665,0.09958496277911122,0.3059461443815716,0.012198223249466879
280,0.028767908822789862,0.12957972409728724,0.8592857669037014,0.447071724610835,0.3409850620674576,0.23161773575549668,0.6518837851150624,0.8014052775420143,0.6178404730043006,0.7645317114585732,0.8050956167702333,0.6203618357487922,0.8010337915056818,0.44350308112548015,0.09926049418741102,0.3430022145586136,0.37156666666666666,0.15844201234748626,0.321628132880448,0.025771159405473934,0.10520056925082587,0.12576726472956687,0.04650783937600117,0.09345566369547657,0.1706582218736377,0.250217551158091,0.0423543168165808
281,0.06328828548796815,0.21598511810547433,0.8814109073867455,0.3891005366646714,0.2643573442350314,0.3028025888828459,0.5159072480598926,0.7218291496068219,0.5957731717653431,0.7294790230515594,0.6893820576993934,0.7564038043478262,0.970439523626894,0.1342320302430843,0.0782252539933949,0.082697347060702,0.03626666666666667,0.11769651580008694,0.36978295594092186,0.012450098824162398,0.08139414243516246,0.07592766728126292,0.029260631999115688,0.1329492728940462,0.08659247102896149,0.04338137161379443,0.06318306038284961
282,0.06253051832467017,0.2115280847353146,0.8977474863653808,0.5595239261638253,0.2432905194319014,0.3008739065921654,0.5155665408579148,0.7773087402326461,0.6307649157606162,0.7351862652867114,0.6201934518083677,0.783321920289855,0.974781337064394,0.2120730950705794,0.03677427876521313,0.3177556835946835,0.29040000000000005,0.08962238681377627,0.45209840431311,0.022737336266204847,0.3857994757471399,0.034814382549038396,0.2551102667030649,0.4204125476328071,0.05271188929674892,0.1684643975193051,0.030113257040395736
283,0.06558449875304866,0.15932753609826814,0.8990266867667025,0.6315364483766372,0.07367591080308367,0.22391465528544696,0.5770453104356467,0.6475911723967086,0.7068453035144143,0.7392697269956141,0.686533870783518,0.8142053140096618,0.9273892044034091,0.2544893490554945,0.02888536559617814,0.6598837317438365,0.7181000000000001,0.039486956965185366,0.44647704969583746,0.04529570446130776,0.585337977638788,0.08717970894486095,0.5474936776270749,0.6960752607924107,0.06626122511298954,0.3521424022189162,0.006474827048067666
284,0.04529613671735157,0.1601091784927608,0.8793177995274213,0.5758978202523459,0.10861390960380853,0.2335938359306328,0.6901831965075413,0.7936489936510556,0.7382579800718744,0.7353392538631875,0.6485563952266865,0.7865533212560386,0.8758276126704545,0.45027697165513775,0.06205100957827731,0.5650759842590355,0.6358,0.12426021529257315,0.4432121225261474,0.03206520717423015,0.45477119269915917,0.07661920947678917,0.3602019678290305,0.5370276107626222,0.15810830849971627,0.395901709232255,0.034904937072332456
285,0.057418600686778364,0.16097160454910578,0.8867427722157586,0.539115363911293,0.11563397592836154,0.24370320796476982,0.6749850370056346,0.7686642808095979,0.7420360474106272,0.7313102533757484,0.7632292393002317,0.7641342391304348,0.9134121448200757,0.2158389858271358,0.03160557201766875,0.4212076233158317,0.6026333333333334,0.024959502006732068,0.3932694804349894,0.012839171579369665,0.4380800188245859,0.0037194409334115816,0.33778052190035773,0.6192583889235461,0.023170185027487383,0.21347778794570196,0.060040898738386785
286,0.06835566253599183,0.16020645119890042,0.8905218304210584,0.6199603710553323,0.07205258258268207,0.22995883121328586,0.599291421697578,0.8391383989141361,0.7005655231352771,0.7439724873660136,0.6227515529812698,0.7186166666666667,0.7926220907954545,0.3422167024736365,0.04302743892984844,0.6242006409997324,0.7701333333333333,0.08587881080566488,0.38264157755798633,0.012704075373730082,0.5813213133601004,0.06031288823150859,0.5465516578022142,0.45008936533390465,0.1269894158351684,0.3547976882174,0.01961591815130395
287,0.1385724596241919,0.1587579176165284,0.8908194217901921,0.5021361381036171,0.09066785048153217,0.23596820007169586,0.5200615256645535,0.8106468466519563,0.6469621595387187,0.7088109895061588,0.6637141710174904,0.7221289855072465,0.7710881475473484,0.5456061013969838,0.05041183587743309,0.3951515684463603,0.761,0.09579699346116495,0.5330845965334211,0.020128228400147795,0.46068678579119343,0.0764518073607262,0.49194198990008164,0.48426953248088606,0.12075308417013307,0.3298427410194594,0.032373623683168234
288,0.1335772233947899,0.22890891019798856,0.8769719671705597,0.4866876028129956,0.3263486047659591,0.2485525431810382,0.5105166203520732,0.7056718793617031,0.6305196095498851,0.7084641099420655,0.5843469670629453,0.8070400966183575,0.8829966428598485,0.5194022964334996,0.0803516258355383,0.28685727668284383,0.42290000000000005,0.12783144529584367,0.3527731910728098,0.015917230833906598,0.25880148627234273,0.0643460202926755,0.16170449708355547,0.36510778058865007,0.1654020001399589,0.3879259783673174,0.03724185716485475
289,0.21712877704268113,0.28242236947023747,0.7819418483286877,0.4671946911112493,0.4602036117396447,0.3304353337299805,0.6529129483825609,0.7721637966689922,0.6843917255899804,0.7686688434583373,0.6202196261542293,0.8267841787439614,0.9834201027651516,0.0890719899553531,0.02871857041563394,0.41713336469616213,0.4344333333333334,0.06529035449997606,0.3869117796371493,0.020544471492698592,0.4000086430167029,0.038756096965544946,0.1900108950623504,0.32051760452427136,0.14354345648202088,0.1397489295158376,0.04477664285240634
290,0.28054465388011357,0.35112911886754994,0.8166630756975006,0.4505965479972879,0.46217810892201067,0.3196515706615513,0.4942688514890771,0.6139400886410524,0.6409549416159495,0.7461889008934579,0.777775544383434,0.8204551328502415,0.9814839802272727,0.2257781055425784,0.029711619253725226,0.20160119451645475,0.33760000000000007,0.07988573385284002,0.1522959713423823,0.05527440882735887,0.37792692180612536,0.05885666125870583,0.13937465762083348,0.29923194290824506,0.1285456823435785,0.24952104129656708,0.022206786489108097
291,0.4396342825265772,0.19176185415142336,0.8479223206626241,0.5967952585125704,0.1320527813575662,0.29861684532585614,0.5169294897053213,0.6578791761192027,0.5361145254687635,0.6589005567473499,0.6809825457871146,0.7814861714975846,0.9750049623106061,0.25037021460290193,0.029696768928259204,0.4517913035488959,0.7590333333333334,0.03819728575291306,0.5221236774523448,0.0834867839200218,0.5840969167104584,0.06858376552266908,0.6669164469638257,0.8097003167653445,0.02753642188096889,0.27020068726017793,0.02342254487551502
292,0.3901003508048418,0.19361118491107773,0.8984181849002374,0.7065442477200887,0.22947566498481028,0.3396365514883024,0.5767925260206694,0.7736916592265499,0.4861406387105509,0.5927120942554259,0.7139729145204254,0.7447000603864734,0.9724419489488637,0.13677741208897712,0.026025488665060364,0.6604746171416761,0.7131,0.025242676118381168,0.49138182694304783,0.08269010214172744,0.5657783764187262,0.03158062767637145,0.6961480702487236,0.6297879981272186,0.03631395811351151,0.1384596904559207,0.06174491453604585
293,0.3628168705574982,0.193786564580123,0.9280321737785451,0.6952134602230218,0.24636159139172234,0.34419906749130164,0.5686679636170938,0.7416206167812319,0.4126991244590514,0.5517558998338368,0.5952682863601935,0.7948140700483092,0.9816004640246212,0.11511639335080127,0.029481047212043112,0.563116320822629,0.34903333333333336,0.004274698215108714,0.535623982447346,0.06199106731489535,0.4373433240194646,0.005619540476789415,0.4367719957812168,0.5293349203493984,0.023179841282968728,0.1333641737946181,0.04699971245795989
294,0.3577782676779981,0.29015615808813777,0.9184496191143827,0.554349604783406,0.2850498096730485,0.352841647878151,0.5883816815089231,0.976521804034195,0.426424549143597,0.549366724464862,0.6750720720030416,0.859730193236715,0.9873030617045454,0.05420186872436999,0.007657925401764594,0.1355578633113322,0.30763333333333337,0.019992978483894138,0.34671609271373743,0.02341447665462781,0.47192205287052497,0.011821155560755582,0.19594775744317802,0.43636244181047384,0.060488393711058776,0.07254444490611925,0.012174096877119636
295,0.4280570200135742,0.39907930128237934,0.9161231116542462,0.44497941258808704,0.36841930899224445,0.44912024647385473,0.4950546347815623,0.6952157856938826,0.4326697463293457,0.6119886548914426,0.7456483644768722,0.898545229468599,0.9843017253693183,0.030561999146282336,0.003358288250778687,0.06185984892685142,0.2718666666666667,0.02654230652866757,0.15652966011139738,0.00898697356227869,0.02359050485130895,0.012626645601947198,0.09856168687810658,0.20214999853290305,0.09244416185065657,0.07616828902412932,0.008658215144287046
296,0.42316473588556663,0.3598391123215871,0.8268547667590048,0.5376543510130795,0.3007397738604401,0.5054341952176007,0.4968222206576345,0.7349693219455532,0.4142867274979177,0.5895096162472513,0.6480528225882005,0.8998452294685991,0.9822262614583334,0.024157301590871844,0.0066355422827802475,0.30744987659011314,0.5403,0.021726190241250203,0.1595462108158985,0.029452416337917498,0.37310732706373795,0.015369123953216176,0.38322419949689723,0.552527807863894,0.025049936094522548,0.026840405500181404,0.02144350271215795
297,0.4344676263643956,0.3620567776143204,0.8603827660380766,0.6333406373713252,0.3299133010213716,0.48904361403540997,0.5525887308140505,0.839666575903576,0.40185377639679465,0.5724154591227857,0.6858438878985433,0.9009230676328502,0.9815641969886363,0.06265056250921129,0.008197315115370916,0.4464017003346182,0.5808333333333334,0.0044694702490996755,0.19057448205088823,0.03820474557178704,0.5248518942275636,0.0134493197436705,0.4007217978807149,0.5864735584497759,0.03337040956761484,0.12048011216575331,0.023647823780177754
298,0.4510921690206562,0.3927176784495732,0.868879589608113,0.5834816763713719,0.36090561837209995,0.4911357100396113,0.48204287905740956,0.757591798289301,0.3882696152649043,0.6016317576263224,0.6254543177757035,0.9013217391304348,0.9863077046117424,0.058865570464349926,0.00530139724352735,0.24897071556085026,0.5743,0.005185040003205218,0.12347283174643664,0.053531770304183136,0.37662808696962763,0.015625716572928935,0.2160622472043233,0.4962439131427636,0.026102467941989154,0.23351226310305076,0.02800593900187554
299,0.51329505193856,0.4849717191198901,0.8745237959400498,0.49360701501672477,0.39596950793277436,0.5132552710684062,0.5908611762336369,0.7730667256994507,0.387575313695941,0.6208719354546394,0.5749295642785559,0.9013368357487922,0.9827093465056818,0.024851754065465675,0.003332849261699033,0.15249685814567382,0.4688333333333334,0.007587015843540584,0.23090820750237354,0.04440190289228047,0.2291417756176661,0.006750171940469757,0.1625953699649269,0.41816246758034886,0.030272360934016643,0.0829699513487785,0.007715013108099995
300,0.5345664578753813,0.4695772875975323,0.8901480580213517,0.49515818308200055,0.28810100414445633,0.47425831662132123,0.610072351801475,0.8009077654494495,0.3728499071822258,0.5527893071606113,0.6619710775715871,0.8978794685990339,0.9891874639867425,0.042689803597021375,0.003955902326227496,0.11481609310392137,0.3806333333333334,0.01441769264134546,0.10682749889487901,0.04728369895532104,0.4405105877204695,0.00884361714705188,0.27107498355663934,0.5669260876609498,0.02769092196867041,0.034123812404082535,0.007581811612041735
301,0.5607840845439391,0.3948718404893451,0.9219325596996826,0.6413063136298236,0.14813366948374848,0.4360374462745275,0.5156732792761846,0.6659322507985955,0.3570494908943624,0.45471187867034174,0.6617865305295416,0.8925730676328502,0.9827710114772726,0.0424437673169747,0.021278189088828548,0.33484386837460134,0.6735000000000001,0.00544712188789142,0.047974977478469766,0.02779131580823943,0.5493020837717763,0.011750754815670603,0.3988660035579951,0.5952219207231891,0.03803277158919093,0.13726958525691846,0.027024595760888486
302,0.6502605015339878,0.47841223974853875,0.9334041422834257,0.44791668972755944,0.33200706313421613,0.5016262176402647,0.6847092971919869,0.7311744189650169,0.3519405567659673,0.5055481521940302,0.6336966223923555,0.9184432367149759,0.9834619243560606,0.050812813570232235,0.025770889962324503,0.373401688433195,0.5522333333333334,0.02289841208459857,0.15349609658892102,0.03381912395064283,0.32668775051381543,0.012756959807384428,0.34758623069317385,0.5447681412903561,0.08274284384373194,0.0520951438044377,0.006170005391974122
303,0.6228397175384026,0.4760992227288069,0.9379780973053328,0.4255933437994623,0.3804120603348032,0.44810987958285375,0.5850510330511585,0.7444963130257194,0.28970370409447427,0.5419284741118245,0.7177678515866325,0.9586270531400967,0.9859699040814394,0.3221250248149764,0.0033671703513610094,0.25504525032917513,0.3662666666666667,0.002628928407588955,0.22694631023371434,0.02945504703095721,0.1688038137465414,0.02121109568896481,0.21586911023861036,0.4513443710045529,0.0317851742927607,0.30172607619406755,0.00172585450730174
304,0.35808182242747083,0.46457332640044396,0.9472812964398227,0.40750074131013625,0.3545348833357076,0.4037583258149707,0.4394156176087406,0.6790550016145631,0.260457752526185,0.531144135351276,0.8427190827772639,0.9513201690821256,0.9840504185227273,0.3699694765126411,0.0004161911439829903,0.16221157247074408,0.3898333333333334,0.03413005371226329,0.3917810924690355,0.015886539415109906,0.4897835055750441,0.009948016449205094,0.27283153754124573,0.5002800241369322,0.038093927873906114,0.445346088371208,0.0028793433515530813
305,0.3097278250708134,0.46301049458699955,0.8714142021251114,0.4306817628513933,0.29929865595049177,0.4481985410805449,0.3740084401922243,0.723352420634042,0.2615523985203082,0.548519298819683,0.7171398759519015,0.9697462560386474,0.989134643844697,0.19943326279212104,0.0014264508315997369,0.3866396471711812,0.6006,0.012188563186688496,0.5730029105228079,0.0056483138080074035,0.6780209939633527,0.007896446303861512,0.4643875283292995,0.7373501169212395,0.033468581498341844,0.1548277895280071,0.007699986427354839
306,0.29747969082090453,0.36690966060257313,0.8590474849068629,0.46563660826867476,0.304022872363334,0.3890939105158893,0.45257509461715584,0.8715520767071401,0.2242002050373059,0.5775083742602257,0.6277950568670082,0.9867449879227053,0.9876500341382576,0.34005703511583524,0.00030488536344883214,0.2783220213428498,0.19466666666666668,0.012889998897350085,0.6236093070967635,0.0034988487242897004,0.673691960959036,0.010954319569810097,0.3742169937322855,0.5549022722140785,0.042643633581533176,0.2593557892632256,0.002989375303323088
307,0.562629856866368,0.273800489762258,0.9287567484398107,0.4686337905123231,0.15733363370426937,0.35205419944470656,0.5416151671056495,0.9017353631222994,0.13552362178647395,0.40476540207409123,0.5431740140351168,0.9689114130434783,0.9520982925757576,0.41048304650165995,0.00029703593282094095,0.14892808222429685,0.5846333333333333,0.004621087837411628,0.6473246695543766,0.0067799300278250435,0.427157242213457,0.01663997967829484,0.2605432935211632,0.5915190958601075,0.0305845798612468,0.5297732935250046,0.004220413070547157
308,0.5834090702908127,0.29040508382765506,1.0,0.46189658853623977,0.16806416453259743,0.34147167166387915,0.5872283705483642,0.9289467865874645,0.1724077698470895,0.4089682943039212,0.4807346507393023,0.9932636473429951,0.9777470740246211,0.08089652471322693,0.0017172693889275703,0.17277062683540034,0.42103333333333337,0.00612470081424156,0.36441486433634607,0.00884456537906205,0.37768601514096667,0.01585080597038155,0.1355424537952253,0.313349560700175,0.028260641042069764,0.31091249786410907,0.005643007448379554
309,0.6979356411039204,0.43642570747078907,0.943781192215718,0.4490914053745087,0.32419852310261094,0.3822989126197944,0.7002398349327462,0.8483278021782507,0.2761884162714511,0.574565886439992,0.5495353048818398,0.9930455314009662,0.9909721599147727,0.03759275986605674,0.0014686536228256809,0.1094087826086686,0.6175666666666667,0.0074810447873648106,0.04508945954635458,0.012282112210159594,0.051316278872162106,0.012036798609360327,0.18376486085893884,0.45315272733303463,0.06463253668846936,0.07969146794291593,0.0030395076439910687
310,0.6372707306938588,0.48186666931659167,0.8924343967872765,0.4166987563597393,0.36671647081819053,0.4701396664666549,0.6634570039103844,0.8577697524207005,0.29020135038577843,0.5889541569843579,0.54795419817986,0.9932829710144927,0.9453112547916667,0.0072868750230136795,0.002599368850499303,0.154712466752662,0.6659,0.011299686006289868,0.06354518847747165,0.008398791070798746,0.010874743618366321,0.027594306944488556,0.15501951523079635,0.49663141807029537,0.04816218358912186,0.04526274147043708,0.0038021860673732194
311,0.8067098731855357,0.4682505078246138,0.8910797895552941,0.40352979369580555,0.37827191741566146,0.48889754461689167,0.5268323026159053,0.8050484969199967,0.28485092005948304,0.6081039427438558,0.5152140729768856,0.9941680555555555,0.8709761668276516,0.011195116029256416,0.0013327327112269843,0.11166681886293106,0.6253666666666667,0.009559317146648797,0.1725616973256967,0.017440240215099868,0.22688106448136716,0.025648568808281102,0.2224441643322285,0.5782466534245226,0.06634330328458098,0.094937872516154,0.004777199623508922
312,0.7915751969353507,0.5053779528323139,0.7951177254617747,0.4403706394018077,0.48295339722841557,0.45270829735486556,0.43760113447045507,0.7737178665110701,0.27256099097847575,0.6172039382920465,0.527289894928434,0.9938567028985507,0.9634198975094698,0.05237198909836,0.0009416796773019988,0.21695766964062183,0.5990000000000001,0.002063900403359294,0.44432899996848346,0.0078355799270958,0.20348455110004582,0.018347975562375357,0.11427372256310003,0.3866039387085209,0.023300544476485538,0.06274756352593784,0.0035182676459539456
313,0.6808924725933885,0.4824367934202094,0.8801885835880098,0.4256350433305571,0.5791670669771971,0.3971529505984009,0.3963861535446549,0.797017034442882,0.2439132114246458,0.6142648401743934,0.6622803549616496,0.9942141304347826,0.9897990378882575,0.15168088745563924,0.00048294832098203503,0.12761433214229215,0.4179333333333333,0.006843654867033005,0.4339138928960964,0.0055590860963936435,0.32365839722285267,0.011900031948304126,0.11567682826657967,0.32844790083956193,0.03805208410015362,0.11924983118862452,0.002419451883633006
314,0.6219619632219057,0.40530803376891367,0.898960363841546,0.4205469677209163,0.6179844889332083,0.3534449542734698,0.46421765744729304,0.8807243060252768,0.19125971333463457,0.5949818391034735,0.8782858018096996,0.9782049516908212,0.9902586004356061,0.29002210476326046,0.0006523199561138354,0.055885195314332614,0.09973333333333334,0.01003195021385934,0.5341828505845528,0.011115312157277442,0.09359375296943827,0.012391294038982795,0.02834227717795899,0.032493005775258606,0.03470941032769468,0.23919349157825298,0.0029184932606321425
315,0.664140383404177,0.4276938083822712,0.9516636532379928,0.41736732993370057,0.635758276489238,0.376178494170096,0.36844682528198913,1.0,0.20516977710252626,0.5818969092013929,0.84553364394992,0.9948829710144927,0.9901110455965908,0.17841423334887596,0.0003307932302467666,0.10520130826689139,0.010733333333333333,0.007544596457103949,0.4869096806429787,0.01911522270958752,0.12500223901154417,0.01457609435710834,0.013890593787005192,0.033598112420441875,0.03688850531465154,0.33688389572114535,0.0028390589776614707
316,0.834046437820399,0.6022738759817436,0.8454421020107007,0.5433067409299691,0.6125645604259083,0.456912734968785,0.3590942982146459,0.7214416907527942,0.2623017987363652,0.5709248939079589,0.7070432349665733,0.993802958937198,0.9900734746212122,0.11760027894225968,0.00033991546455930144,0.10993972610757953,0.23540000000000003,0.010557693367279545,0.2341980202556846,0.01778905662143271,0.4632538193568853,0.017264283380356734,0.26189143534507237,0.3669432463153542,0.038517193739171736,0.1997103928235623,0.0027486509091385566
317,0.7672198248103663,0.5962383285339267,0.8202171439431832,0.5305860623179215,0.5811448770742987,0.547923070159864,0.39570011103683317,0.6936495188501538,0.2446854717176886,0.5327924347261923,0.6234886301944301,0.9943237922705315,0.9893069904829545,0.1804484545350962,0.00040819222298945306,0.3451984144807096,0.26943333333333336,0.003972829943748468,0.27449489992227266,0.008009704824857942,0.2845626843066064,0.010175805353213073,0.37444448312273,0.5617306512251532,0.01672302511777602,0.11625728282769189,0.0027302428420491157
318,0.8698677559658852,0.6337218418398726,0.9168712885764498,0.5272357420635836,0.6366096955762649,0.5972094592061009,0.443159062902494,0.752275862060484,0.2628624567783352,0.5441701974185382,0.6234232558688253,0.9951514309903381,0.9896142625,0.0626788649466555,0.0005303381906096022,0.11202519121768213,0.3670666666666667,0.012619343939564279,0.15210189815723454,0.013348365825990437,0.11083528509253648,0.013138206904428499,0.09456153786492198,0.27598005258585373,0.029013828969614675,0.05616801814260285,0.0020962119424066754
319,0.7559045121493368,0.718914418922333,0.9019018009538899,0.5445306168437247,0.5683272099625972,0.6563751801451296,0.4778469014847613,0.8585029719339478,0.27869364624675635,0.5334590762337331,0.6180068844514364,0.9949128863768116,0.9877213106723485,0.12372937740899391,0.000579439843566964,0.29801055281471095,0.44323333333333337,0.004770007236231827,0.19353678093949864,0.013144804147650546,0.35467209413771766,0.00712683391697111,0.27019937841959296,0.47248810694753257,0.020577480430746243,0.05080891107625187,0.0058576563129482595
320,0.6581182093621889,0.7739977165064729,0.8829273765823764,0.5534834882147454,0.2541138118728238,0.6918080644005888,0.5581832030080213,0.7744736411694566,0.2812791795694216,0.5513242777052256,0.6445337884433563,0.9960702294685991,0.9750711297916667,0.19187243307944857,0.0006341253176106479,0.14659819543040056,0.4954,0.004664030404920585,0.13012449620374947,0.005008003122140466,0.18777999745806187,0.009879077054960314,0.08670781018407402,0.27792714524641476,0.02458321707959087,0.1992817882525337,0.0046897982797409294
321,0.7969280717521429,0.7391830634915866,0.8577830514959391,0.5113845347801471,0.349085138595788,0.6054889816632276,0.6207531189466209,0.8412893935170138,0.26906515766712324,0.5243319630648967,0.6039834743459059,0.9408884057971014,0.9865777972727273,0.19451161495886338,0.0010007449817728174,0.04223776301502675,0.19216666666666668,0.020635254746345456,0.10666625902078584,0.008478588759670138,0.499588870200897,0.008274118430713233,0.20744513230721873,0.36478087313949775,0.056526110211880205,0.08544908332847768,0.0025886938595797208
322,0.8214292634653836,0.6814694668323265,0.9069345404624655,0.5804857729022089,0.37104645037750666,0.5623798348688235,0.6171855548672558,0.8585029719339478,0.2629354331779434,0.4408124032381151,0.6727539190182148,0.9552025966183574,0.8893477026704546,0.07885267228692845,0.0006878625956208054,0.24081269577657083,0.6332333333333334,0.003503786400437819,0.14333147038975455,0.009006089931700628,0.5502111614570914,0.005854466814558708,0.32879240081615246,0.5670233625604537,0.010517271595098287,0.08258289420693628,0.0028830838104206
323,0.8449562461717531,0.8286053023720004,0.8754331431029632,0.5470230119933908,0.5900764952012431,0.7689458051931488,0.5877272776979484,0.8623619518075761,0.27040979911853885,0.501769650727306,0.6833855641364923,0.9681261473429951,0.6354207358333334,0.0267467102475382,0.00040768727775438194,0.13167468413824823,0.4328,0.004993057567550201,0.18743847358701446,0.006387808366838413,0.24513538167851667,0.005787724737837968,0.12780323419681586,0.2578358918226572,0.014537492627164932,0.028466947874434757,0.0022396745809940507
324,0.8514769980256093,0.8359629734805527,0.8182630344672013,0.5015835331950637,0.6242757140159484,0.797809082945364,0.5717077017638068,0.8017708262007772,0.27813767745134754,0.541428944941513,0.7058697648536797,0.9952981884057971,0.6392878986363636,0.10700056343017474,0.0004667165147084098,0.08786190173922591,0.5544666666666668,0.005885165173925317,0.30939122900164456,0.006632813578603988,0.08974682244348571,0.007496263216963828,0.07279660494222989,0.29657841122341827,0.02894784455715882,0.030182591622624325,0.0032053265754167777
325,0.6921573998325427,0.5758107128121667,0.9116780928249067,0.5593066065302488,0.5459219676063196,0.4916713050992099,0.4688044057779957,0.7803873074320823,0.2317698212986751,0.5462813041858082,0.7133182718282949,0.998025,0.9201650531534091,0.48497029200146174,0.00039645983943547924,0.47176533426279876,0.42663333333333336,0.0028196267534229247,0.7059028792166865,0.0038018640902644034,0.5807035237643107,0.004232017196483018,0.5109220862578697,0.5944708309253807,0.013460820140994962,0.4434634344036295,0.0038913255265145253
326,0.670729971455871,0.4976821896453515,0.8365983724635792,0.5828833393555304,0.44294001305288405,0.5062497834934012,0.42390373549263377,0.6709855171812424,0.21810682220897507,0.5460798428624276,0.6568406180479569,0.9984278985507246,0.9828403940719697,0.34976270909094365,0.0009045244401364088,0.6370384755351223,0.7607333333333334,0.009204647088910717,0.4272361308287711,0.003188737232474533,0.6619380309668019,0.013634203233082563,0.7090691622710829,0.7917379484372864,0.01606800912095812,0.13390194361138258,0.0031328653210266097
327,0.6430224963640391,0.5102370227390896,0.8943694534803438,0.5371583420535031,0.5271112377380743,0.4635917972658223,0.6085428848390525,0.724248110494583,0.22665707715744907,0.5006421226588738,0.6607574310771754,0.99856461352657,0.9900759989867424,0.44669205673843376,0.00043866168151624434,0.40476655158830904,0.6703,0.01682568148342853,0.37574708524934547,0.002539536153206708,0.6120952547677314,0.015391337640444744,0.49311684282590057,0.7655821631641321,0.03670020833276531,0.2926814498580032,0.002275508604006688
328,0.6906099710403558,0.6731259531853607,0.9420282230074949,0.5890434664208475,0.6290661887235008,0.5802322449926863,0.40718464235549134,0.8020000238926899,0.23706017065340548,0.510086173019007,0.5341481245009965,0.8313941086352656,0.9912081061458333,0.6082380205871668,0.0011512656445103555,0.32638874006546104,0.47600000000000003,0.018225995074152377,0.13417778395274524,0.004414383865045108,0.26137895905616243,0.013287927541168231,0.1732721035714918,0.3900787256924376,0.05610284434661458,0.22096575851722836,0.002929342333655337
329,0.7025488438110816,0.8199536680505695,0.9324872090450095,0.579424837911426,0.7039811296376665,0.7727491484647299,0.48010069250786364,0.7538835591055982,0.25273397728411734,0.535853675126837,0.5103956313482063,0.8282087560386473,0.9908846731250001,0.3015130644632746,0.0006797331671651963,0.17360162736045429,0.37263333333333337,0.02018702460645731,0.1270719329434526,0.003423408542350761,0.2200561314253796,0.006896540802142172,0.07433101324690568,0.12567438614754395,0.024607357718294236,0.08991210396013045,0.0023226736510870193
330,0.7248979284236785,0.7338423256788745,0.9500307193314314,0.5655089853484588,0.6377062703537199,0.7360215609655056,0.5427889996872034,0.8347490392686113,0.2500874837561568,0.5453037139615295,0.7301597718230555,0.8710913647342995,0.9907481968939393,0.34545792033747597,0.00039403951922978124,0.2629156784622467,0.27190000000000003,0.006603097651453547,0.3383170636038229,0.0038596583927369386,0.4284865641678968,0.007182706775921892,0.32136387981475945,0.5087429403937686,0.031921971245413086,0.43424592882790086,0.0030406540298541875
331,0.5507437721884065,0.8305438583498546,0.9005168078803996,0.5444015879762057,0.6724753105029335,0.5853488235125267,0.5223896972731805,0.9120021673170132,0.23152744586704457,0.5390506166207965,0.7257769129704332,0.9753219202898551,0.9881561194318182,0.6690863728075155,0.0003907678157987848,0.27878660170560243,0.36790000000000006,0.011240230501534961,0.3483165836305395,0.002412291554485663,0.3382542236611581,0.011973182226438011,0.10633373212681509,0.38113900296098396,0.04401160310805705,0.509042418252168,0.004946477493607904
332,0.6440912496695907,0.9177384055093968,0.9247056914100712,0.563073926271125,0.6992933552869149,0.7927047741893836,0.5105483937352376,0.8909886254051829,0.22731181320855248,0.5528719029134946,0.6276427850388467,0.8227051328502415,0.7328930473295454,0.44638566691727594,0.0003550756859261687,0.21236935491748346,0.26030000000000003,0.00188989386226699,0.3748036746214067,0.0033483865731514678,0.2913192926074906,0.016721249641149776,0.06403979018455037,0.12140385859227587,0.02968493872556816,0.27410291200433273,0.0038636405240711053
333,0.806868171433229,0.9610393724392031,0.9275212162848708,0.5640566326242292,0.6963481740870436,0.9407448097267721,0.47420471924778335,0.7519973817978075,0.28979895441524806,0.5651645463323758,0.6162965412291751,0.8384411835748793,0.6606800728977272,0.08795043053553903,0.00035026589273308054,0.2734470350316539,0.09273333333333333,0.0021361100868905005,0.2741787158590453,0.003388588959091747,0.2856877058442775,0.018865158111044472,0.20318466825329062,0.3509295653183407,0.00898192697356443,0.1749075417777052,0.002378190114595157
334,0.8595011383689455,0.9704493545143773,0.9141623444202308,0.563735502599882,0.6796941517116174,0.8753080586222579,0.4215003582183748,0.7110971683626534,0.2978952316810186,0.5600147971816658,0.5905698101847775,0.8390635869565218,0.9638840276420454,0.14020486779572433,0.0003783017430216719,0.21187648458239652,0.08650000000000001,0.001461642318419164,0.031919458868600335,0.009835554192489934,0.07175783469446868,0.020014175273149463,0.08910102910703847,0.20298401119586243,0.008824208134035793,0.18084182511289373,0.0018870277660198948
335,0.9179140373808667,0.9161146726523791,0.8914267966720257,0.5991446073385631,0.6750693227408406,0.8028286463002254,0.4998604162917534,0.5424337604543072,0.28963277924023656,0.543796200233799,0.5785695976746545,0.8389628019323672,0.9908397415340908,0.14563684779952088,0.0003684434466230514,0.09046183268700726,0.1300666666666667,0.0019603341366929553,0.20007030273628826,0.004264973991122761,0.07517521160689894,0.01579400473515638,0.02802165454713122,0.08805770410825385,0.01007147446704286,0.13032268733745864,0.0016134025822658884
336,0.9484123463498502,0.9009500176826315,0.858120806141089,0.6224122619365858,0.6594919976544563,0.7723985360707926,0.497199974908345,0.5420748018908323,0.2992984887144489,0.5364338792185697,0.5717219488757036,0.8391000000000001,0.9904559205871212,0.16030565164138144,0.0003745222469200682,0.11175220917833441,0.24433333333333332,0.0021653898389091555,0.1769402029943834,0.00468562855354016,0.19512532054121853,0.0013921286038561236,0.07166297492608883,0.19176072033179345,0.004845830875721643,0.06104398259197283,0.0015107377087479966
337,0.965434500692241,1.0,0.789443836449681,0.5842573809741757,0.6897720383370494,0.9062817286816628,0.5115373527322995,0.7112364261818707,0.29848226673489514,0.5377456941173068,0.5793484477831623,0.9004602053140096,0.9893728608143939,0.06529923089270084,0.00048556369052195694,0.07496701705532262,0.2596,0.0015797198372776856,0.035646554050508115,0.0037736279849714485,0.08068445772573846,0.0026059695190641104,0.1348462446539993,0.44022473372192245,0.0053849718067634075,0.014004692099457086,0.0016130477017604389
338,0.9820485257978788,0.9616275497843597,0.8201299194264565,0.5617837858293857,0.6816620230645125,0.9032499917269751,0.5728453926213366,0.7732126091393294,0.3006920741768467,0.5372836776555552,0.6239379501086113,0.9476887077294686,0.9814624262405304,0.02084321245162359,0.00043971997839050043,0.15030652009465323,0.7196000000000001,0.0034968206168405976,0.1765234334745648,0.0030665786402969395,0.10562327048585167,0.016246579991511863,0.2754446119824921,0.723226120447375,0.009828458704095676,0.020567941384616224,0.0020288257805457163
339,1.0,0.9242013967497267,0.8766409985140666,0.543231364220367,0.7309051876931842,0.8447087233458986,0.4798842563018733,0.609501198526334,0.29569450965427946,0.5163257115494173,0.5983286213426581,0.9722952898550724,0.9912367801893939,0.10092247463855675,0.0004574832304099665,0.24331338224747578,0.5680333333333334,0.0014786114220654634,0.24924685784593295,0.003288136957175197,0.2020328272903041,0.01594746870048019,0.20217089003010183,0.5867159483632937,0.002254735654894063,0.06285781194584407,0.0026097142087508057
340,0.90321343238519,0.8621818071417607,0.880727128726308,0.4800464926492793,0.8342548757822621,0.7167590343519908,0.4872687312340648,0.6401817148113851,0.2960593916523205,0.5090319755164043,0.6059286787130755,0.9206451086956521,0.9963250048390151,0.11700174658574262,0.00040127485292705024,0.13390437305245217,0.0933,0.0011674270024752114,0.3528052129705652,0.0031342346689850267,0.38149477525666,0.01648949613752859,0.03509825404182995,0.10102556448145776,0.002645814001888536,0.2600214018696368,0.0017602273501158587
341,0.9509248897684465,0.7997843550432355,0.8874979199472824,0.5591033826451419,0.7346852234064053,0.6520537512324169,0.390563842924266,0.803820530937303,0.2775459531509099,0.5280899003359647,0.642844632222035,0.9734100241545893,0.9970231326799243,0.14845336745377513,0.00037823482828657314,0.12231056185905652,0.45860000000000006,0.0012032028809742842,0.5940549663417686,0.002403670975755516,0.5840004288148363,0.015545252806258384,0.1505727846961016,0.547160147015861,0.0036098301741094804,0.3184860907732626,0.0023589084047996086
342,0.9628454443863722,0.6829297662588963,0.8574984981108671,0.5546834160750577,0.7285033245099372,0.7067562735929228,0.455787459311683,0.8088877122749637,0.22836425598362514,0.4628989143234595,0.7158579409670951,1.000183876811594,0.9904804943181817,0.09081931030169992,0.00033145525900891347,0.22279774975185287,0.32843333333333335,0.001230181195307839,0.6185265869450628,0.003464703677707537,0.5983017871389085,0.015552469127951822,0.2264183581800604,0.5817644965114985,0.004224611773088448,0.12721474094279409,0.001513397675031923
343,0.9953153145323648,0.6854279850512587,0.8154323819910027,0.5574112560512708,0.6891293328783596,0.6917222543870727,0.5436806049593258,0.8703774363495759,0.23311153197098997,0.42944639151471575,0.6551902222194261,1.0035480676328503,0.9952886125852273,0.02915048814485238,0.0003417895517146546,0.27763064379503544,0.43093333333333333,0.001113637829636133,0.38373267458438715,0.00400368546397802,0.5637259356543288,0.01567189872285185,0.30432431376069574,0.5637463147165119,0.004253580539532482,0.11140187227298587,0.0017873966033714033
344,0.9332455389073495,0.799936636910955,0.7462378710965563,0.4916159057286949,0.7638720022262787,0.8075479486908013,0.4510893608653274,0.7138507948294659,0.2694813282994271,0.4660001532145567,0.5148869613386176,1.0032660628019323,0.9973207841950757,0.012205437573417853,0.00037639870693836815,0.2672652251745326,0.1176,0.0014200661017608632,0.2555781682983692,0.002531603601886948,0.3010425766995611,0.015322609896749566,0.0935141706042179,0.21474311134244453,0.006180003508060815,0.05598591896167881,0.002113912344494108
345,0.8015973865605606,0.8804244418193405,0.7159810247791537,0.437773889990753,0.7715877806452895,0.7838359264541828,0.4271122901323232,0.7747007310081234,0.28673423870961307,0.5182023638881877,0.5997600911425452,1.0030208937198066,0.9977013161837122,0.006793003074608323,0.0003781047953970906,0.09352335173464332,0.2689666666666667,0.0016118900676986387,0.29756232185503745,0.002426281445163539,0.25978537737305424,0.009827614223824853,0.15602107925852501,0.3358025211102477,0.0086005048820513,0.10312590077036106,0.0023204800467814613
346,0.7632552628825554,0.9154509765295222,0.7615669179883935,0.5057785962159502,0.7834579541426342,0.7573354847772774,0.4355888376698444,0.7709632562431011,0.28711699846016864,0.5221040245486781,0.4988362144162931,1.0029317028985507,0.9973871855397727,0.024733922137895183,0.001057605421993504,0.10318819427314362,0.6455000000000001,0.0016001984445468322,0.21211106241834973,0.0023295259042361285,0.1787823192567212,0.010292743243915528,0.3881724754326725,0.6422870253782237,0.0075528011623253654,0.15458439339810595,0.002555768703906881
347,0.6931193951453197,0.9677303476967088,0.7384829098430614,0.4926065415275058,0.8237131810938582,0.6450372000069666,0.46772282766696954,0.6957600980147339,0.29060697021331966,0.527806747180389,0.616720913970802,1.0019358695652174,0.9863105879924242,0.029101810519212342,0.000470492688801888,0.03680929751788178,0.24186666666666667,0.0031501730769876806,0.4190758496787855,0.0023499778562782302,0.18815908964279826,0.009234276921265475,0.05283784617320095,0.1499963003644778,0.013180788732035957,0.059194736305551034,0.0018133324863948291
348,0.7231889730494309,0.7403266803965848,0.776309447040361,0.5000372171655493,0.7754771425447823,0.6708555549837207,0.5695767623989809,0.7279490289600921,0.28351829480238044,0.5368511516062558,0.7068240170149863,1.001895531400966,0.9780358673390152,0.10806962148894395,0.00044385730222447605,0.2530697912582862,0.4715666666666667,0.0015248681550151962,0.5286332193096238,0.0021628613821199506,0.3441437781828562,0.009631595029359924,0.24583663879997966,0.4202084298108974,0.018540010524182443,0.038989295490816304,0.001822823869658525
349,0.500264284806375,0.37355438274158187,0.8361908459109259,0.523478956292774,0.549065923690322,0.4304898950669275,0.604984588305183,0.6971885813321519,0.2983184361831643,0.567309776105625,0.741112819380909,0.993621074879227,0.9880850805871213,0.5456647591275091,0.00038200910408969405,0.6469760503974058,0.6981666666666667,0.0014859525894681076,0.6642436611275373,0.0032235972879341578,0.5658859108113027,0.009731795209780758,0.5948588008469322,0.6792929486222682,0.01114653757729927,0.32063655104644817,0.003628259773555013
350,0.4683817974473925,0.34433160979545907,0.8367942763465495,0.5204705291848349,0.40584861967407543,0.39342494456262245,0.5525018066625867,0.7744824995755601,0.3652629993241623,0.565804748159787,0.7287614384104008,0.8780825483091786,0.9462873921117424,0.5876368605829024,0.0003641272089228899,0.5898838654769375,0.7691666666666667,0.001129093593683844,0.4737575646464533,0.0052934265715829125,0.50701632725475,0.009826300066321422,0.65412513076823,0.6671176394794482,0.004414518130888233,0.5362785338987478,0.0054087933888127175
351,0.410621178484305,0.39818124225390866,0.7775997282531819,0.5116380526047879,0.49181875706064954,0.4252418896520792,0.4658487715056787,0.691364095448646,0.38642439674308376,0.6045984253249652,0.6743694235343658,0.9862033816425121,0.9721504744318182,0.5357475769397827,0.0009884388399583163,0.5477862120807723,0.7425333333333334,0.00279741974051036,0.5888962436348536,0.007196011231573397,0.37411142048788776,0.012067478318572931,0.532369450098599,0.6846558254588501,0.0053012842592584175,0.4676491197491743,0.004877536093149419
352,0.3408685311342188,0.3709434671184389,0.7331511780608453,0.4688155623030025,0.5458126414200477,0.4159874894200793,0.41931714977886775,0.7086217476076624,0.4122542321915604,0.5943118078933519,0.5603584575883825,1.0022350845410628,0.9799938541287879,0.598574892545771,0.0007442589038491052,0.5960626854798415,0.6402666666666667,0.004967326982784787,0.43816937425809965,0.006184071308962542,0.5156863427536115,0.012639678465562848,0.35306964106754507,0.5420875002073069,0.0107023498251574,0.49304108188997414,0.004831033384878816
353,0.534604596166391,0.5087836731298939,0.7575312317768218,0.48388863583406183,0.6442393382121524,0.5093726211776395,0.4731159781385077,0.8696142467795367,0.40115009633470905,0.5463615271468851,0.600348416376797,1.0022906400966185,0.9663461494696969,0.25937193436659156,0.0007113871588750113,0.3659902919026659,0.6642,0.0031867062605509485,0.19930911666995876,0.005352515984475,0.3998836140728956,0.011605347039902967,0.39049240918287637,0.6462290508138557,0.025867499058609758,0.24580790851228385,0.005282692908877902
354,0.70570174917672,0.4970747652779174,0.7669681688289971,0.4442445922324001,0.5151483026281353,0.4956516568081986,0.5427137295427268,0.7349628837863615,0.3333805188768551,0.49757319893237933,0.683962091231617,1.0023894927536232,0.9790460939299243,0.18347123398981,0.0004017446797905093,0.39717555306868196,0.6542666666666667,0.0012716799558492424,0.4351170868667919,0.0037453783889449567,0.479340831105374,0.01033374187946913,0.5151909475711766,0.5058390454430056,0.013111585567752984,0.1401463139973186,0.003741559141185827
355,0.59668236542772,0.3877640891677467,0.7555700130265276,0.4379532347196542,0.5583420849497597,0.43321863705115576,0.5915887501193372,0.7045794415404947,0.2926591017396519,0.4415348618481517,0.5742717448176453,1.0022882850241546,0.9724574023863637,0.0982630566350927,0.00041868834494816347,0.63354791331203,0.6843666666666667,0.0022379053505142085,0.3161612411591908,0.0031789429599266665,0.47405991201345077,0.010609666852792023,0.5509655626866099,0.5166174232421307,0.038544553129702216,0.31531260746296896,0.0025880426558172287
356,0.6614237510623234,0.41626802596488555,0.7732463937173584,0.4355579544019432,0.6094239172566416,0.464901354945253,0.5288217515928653,0.8065459350534452,0.2730011939994056,0.38665501211592695,0.6539681491256414,1.001109842995169,0.9480867017045455,0.260803445446634,0.00040945221321418403,0.47003403038749675,0.7101000000000001,0.005882901736631598,0.1319590344478164,0.003045141864706636,0.27621718960082936,0.009842951192287298,0.28775957455514367,0.5118286277796699,0.027501015610870625,0.3105465697012276,0.003933763156540531
357,0.6482753853987648,0.419495608114566,0.764716222359026,0.494480619462433,0.4525077108090469,0.4702263046566854,0.48139226697903126,0.7404408333366987,0.2617217975523305,0.3677596800301548,0.6499110959169682,1.0006460748792272,0.9540753712215909,0.13057403211507268,0.00046195512791943563,0.28319412634320507,0.5363333333333333,0.001239145152676462,0.3646059337161673,0.002898443628225228,0.3542254324094039,0.009373253406469101,0.4270975895895968,0.6424337350627213,0.004992284083855376,0.13251762795951336,0.0038797758625193322
358,0.6318033737090221,0.4614552775987586,0.7581148954317889,0.5191729875095439,0.4294001305288405,0.4370075186116455,0.6520105174781712,0.8566572961232877,0.2555161658844417,0.3843097898904154,0.7467990480953012,1.003331038647343,0.9541533039393939,0.03257025635025014,0.00039866185625007515,0.4063947516751609,0.723,0.004697919408058996,0.174027552547114,0.003028116558982934,0.37258400728983637,0.010740357218978773,0.4781750648421101,0.6599256755980968,0.027439859326155436,0.040275024444748876,0.0032613190949444073
359,0.6910144206868127,0.4487220287116917,0.7582638843653229,0.5063202558588067,0.5651136826691492,0.4840447202327719,0.6360090225987238,0.7353698106477068,0.2500004396168651,0.3821987961132315,0.5615647392560613,1.0035170893719807,0.9560054234469697,0.14694091589095515,0.00046274529128070754,0.2892594626478397,0.6960000000000001,0.0025450830966194395,0.3717590722549085,0.002846207507969939,0.3509243521093872,0.010590993502029508,0.39699570487816643,0.7124030918747071,0.02272760665125907,0.10866037273410865,0.003174803052931982
360,0.6664649381266167,0.501706209118089,0.7614467303752404,0.49347971171183785,0.6667704713283794,0.5275818757042376,0.5445693686183855,0.7508351293864236,0.24480387519335814,0.4001233173798865,0.6175714779050836,1.0034881038647343,0.9606556050852273,0.5079748891977468,0.00045243757463997013,0.37088031184164594,0.48013333333333336,0.010230949947319953,0.3939401184761499,0.002667806047676566,0.4932831999400036,0.010373098299167419,0.32482584084048316,0.5161007500054217,0.02282738795789963,0.06972439197832914,0.0015454249528958468
361,0.6265970748820804,0.5301489469690721,0.7873187907368936,0.4552998753348591,0.4004949494614857,0.5086220170188054,0.4676190437449995,0.7409300092475434,0.22696129202810494,0.38883334798438124,0.6365555790946825,1.0040585144927536,0.9746182899147727,0.11406816336639297,0.0003776036467427343,0.4534193211693733,0.7504666666666667,0.0017458857772520685,0.49778528532908145,0.002923698281406504,0.3698674989772239,0.010155751463638387,0.5691715844071137,0.7823565019818561,0.013824539097458956,0.09275690233802265,0.001213473212712919
362,0.6223181529293474,0.5189700617655016,0.7994881724645581,0.46950936166099494,0.45701990067881626,0.44682156541546286,0.40289179184631735,0.8580439463754729,0.21642631347261565,0.38557188915130214,0.5610312184705707,0.994797463768116,0.9886023731344697,0.12225715136849681,0.0003785072329528616,0.3877003811923048,0.7698,0.0031874206679088878,0.5313858759303104,0.0033437862330153484,0.24464049305993785,0.010545172120088863,0.5242180014034109,0.7670285292928206,0.018744401265204245,0.2149029587184964,0.001670665152181239
363,0.6841642591699245,0.5213330350114723,0.8119888130231772,0.46849810679799264,0.6072274547869961,0.5056121671348466,0.35477291433164193,0.7825425875670311,0.21370098198684545,0.3999626454775605,0.599532500740316,0.910066847826087,0.9889404972253787,0.057661958127361135,0.00037853570730822273,0.17709712747295936,0.5794,0.006027650517421108,0.4185998519855803,0.0034076378748459997,0.21879630787577622,0.011877672029786741,0.2951109934476948,0.616882329902878,0.029189250944192446,0.31038160931773434,0.0023660077179158286
364,0.7003054891650657,0.4995179031182402,0.7642951015542558,0.4497426471176291,0.48350996690398185,0.5721713119321058,0.43182967430814,0.7278809528720868,0.1947716659310411,0.38611763126679743,0.6692720163806045,0.911167270531401,0.9878838854356061,0.027204153368198914,0.0003381068684212788,0.32317983527395805,0.4811666666666667,0.0012610149438787774,0.5786118061546017,0.0032461403036744955,0.5581358049168207,0.009783745799228255,0.3692450527928062,0.6831456725108147,0.010269427704410432,0.24921621600531516,0.0023713507065814886
